ID,area_mu2,eccentricity,min_mu,max_mu,confidence
140025_A_1.tiff,1406.4498269896194,0.5111111377741792,39.262058380459735,45.67933675553681,0.94140625
140025_A_2.tiff,1632.8858131487889,0.3886470908673026,43.80594687679005,47.54349850170789,0.94921875
140025_A_3.tiff,1941.59169550173,0.21713366776797657,49.14394834294291,50.34508747008226,0.95703125
140025_A_4.tiff,1815.6401384083044,0.36595227911124256,46.4119091111346,49.871300858548096,0.91015625
140025_A_5.tiff,1852.955017301038,0.3389584348753542,47.14037100867058,50.106614991828735,0.95703125
140025_B_1.tiff,1478.1453287197232,0.5458478625166047,39.747971684021174,47.43849643477233,0.9375
140025_B_2.tiff,1623.6401384083044,0.33583739392357165,44.14319586593393,46.86512325863686,0.921875
140025_B_3.tiff,1935.2249134948097,0.3052770488800999,48.464558223927355,50.894058436204745,0.96484375
140025_B_4.tiff,1891.98615916955,0.4633052171642967,46.25537253416069,52.19525645347219,0.96484375
140025_B_5.tiff,2025.7993079584776,0.41515325410138615,48.50792470794367,53.31997274092513,0.9296875
140025_B_6.tiff,1498.795847750865,0.4993047427703683,40.736691732670444,47.016907504826904,0.92578125
140330_A_1.tiff,4161.660899653979,0.8168806148353365,55.976966087776894,97.04630399287069,0.8515625
140330_A_2.tiff,10790.47750865052,0.7137926953335217,99.39863012465425,141.92565217514755,0.9296875
140330_A_3.tiff,5057.162629757786,0.8537922706700959,58.61734539218133,112.59275526400914,0.7578125
140330_A_4.tiff,4941.508650519031,0.8157948292241207,60.59987458138926,104.78217990185922,0.8515625
140330_A_5.tiff,5030.920415224913,0.8299536890330447,61.49537755062356,110.23990119590167,0.546875
140330_A_6.tiff,4575.889273356402,0.8744261637148911,53.53104439373628,110.33720200807244,0.82421875
140330_B_1.tiff,4213.757785467128,0.837329980851467,54.76775560827792,100.1792103429319,0.96875
140330_B_2.tiff,6019.044982698962,0.7620099947163926,72.0356123600794,111.24069902832419,0.84375
140330_B_3.tiff,5078.145328719723,0.8477634860043824,59.34063563887734,111.88441317357791,0.9765625
140330_B_4.tiff,5183.612456747404,0.8098717231298869,62.443588458910426,106.44875816044842,0.96484375
140330_B_5.tiff,4708.927335640138,0.8626578880758948,55.28369897451367,109.30214501751492,0.96875
140330_B_6.tiff,4460.01384083045,0.8778982077398696,52.552945760984606,109.74886095443358,0.95703125
140379_A_1.tiff,5061.7024221453285,0.7720029100028272,64.08144545366486,100.81738580259868,0.96875
140379_A_2.tiff,4059.349480968858,0.8061639172723903,55.37125461997794,93.58117003552196,0.94140625
140379_A_3.tiff,3216.332179930796,0.726679636672836,53.083448581666175,77.27112778077269,0.9609375
140379_A_4.tiff,3426.214532871972,0.7716355692446921,52.83979591246303,83.07296391125635,0.9609375
140379_A_5.tiff,4295.806228373703,0.528402996716374,68.18995968375637,80.31857136617938,0.9609375
140379_A_6.tiff,2761.7993079584776,0.41838577149159495,56.574807531390974,62.2885743467812,0.9609375
140379_B_1.tiff,5104.77508650519,0.7772812771701347,64.00271075960654,101.72833156637205,0.97265625
140379_B_2.tiff,3814.3667820069204,0.7810128069051705,55.15718754822344,88.32003526768281,0.96875
140379_B_3.tiff,3252.1522491349483,0.7213865890875685,53.621680065552354,77.42838501907586,0.78515625
140379_B_4.tiff,3532.8442906574396,0.7539747607106968,54.546093762437074,83.03518419784987,0.84375
140379_B_5.tiff,4172.346020761246,0.5691282456364689,66.12060048525322,80.4143501156211,0.95703125
140379_B_6.tiff,2759.916955017301,0.5018735261763768,55.16960845769666,63.78424348319986,0.9609375
140384_A_1.tiff,3263.0588235294117,0.8518202073074589,46.73667008307873,89.22033826592765,0.97265625
140384_A_2.tiff,4472.636678200692,0.8224424431800678,57.02656491428891,100.24915510224277,0.96484375
140384_A_3.tiff,5272.083044982699,0.8741046967200542,57.4566653209971,118.28746593171279,0.96875
140384_A_4.tiff,8513.051903114187,0.5088020054826533,97.18240212155467,112.88681260900113,0.73828125
140384_A_5.tiff,2862.2837370242214,0.8030510442150733,46.68501322773972,78.34235709227464,0.953125
140384_A_6.tiff,2908.5121107266436,0.8406797773290965,45.06357297456659,83.21489125912727,0.96484375
140384_B_1.tiff,3153.826989619377,0.8651858697569226,45.00134298529379,89.74219945687503,0.9765625
140384_B_2.tiff,4518.034602076124,0.8354156877166021,56.332274753876035,102.49338829861033,0.9140625
140384_B_3.tiff,5101.951557093425,0.8718915779860731,56.69698236582891,115.77925711133749,0.94140625
140384_B_4.tiff,4507.847750865052,0.8098527731659668,58.2034955456746,99.21616728480365,0.94921875
140384_B_5.tiff,3015.0865051903115,0.8611401581871669,44.33255150169934,87.20569630854281,0.96484375
140384_B_6.tiff,2850.2698961937717,0.8442858374793419,44.424292219236385,82.89767389327906,0.9296875
140399_A_1.tiff,5576.636678200692,0.6805171686893665,72.64817267492849,99.14697214191445,0.9765625
140399_A_2.tiff,4299.9584775086505,0.763959026012004,59.85994900937133,92.76804344836057,0.95703125
140399_A_3.tiff,3565.8961937716263,0.7511956125082853,54.95583122081635,83.25636270390834,0.96484375
140399_A_4.tiff,3601.9377162629758,0.7669106490190079,54.36837046836847,84.71841190763831,0.8828125
140399_A_5.tiff,5286.754325259516,0.7718651739746469,65.47163208097075,102.97742721257926,0.98046875
140399_A_6.tiff,6002.5467128027685,0.7377801451376061,72.06348479422516,106.75422149402768,0.98046875
140399_B_1.tiff,5413.757785467128,0.6639700987286348,72.23324879269543,96.5996220494113,0.97265625
140399_B_2.tiff,4200.525951557093,0.761449380207776,59.26777155867833,91.43095164470024,0.96484375
140399_B_3.tiff,3663.2249134948097,0.745671909114594,55.956678169911875,83.97953153187375,0.88671875
140399_B_4.tiff,3352.470588235294,0.7606650256046733,52.81387305672701,81.35918039062557,0.96484375
140399_B_5.tiff,11362.38062283737,0.6549299359570381,105.0209148556537,138.97361320258022,0.89453125
140399_B_6.tiff,6189.896193771627,0.7191921664327905,74.1712294748182,106.75019001385306,0.86328125
140414_A_1.tiff,4971.404844290658,0.7945870299364319,62.12177325441791,102.3169653344434,0.96484375
140414_A_2.tiff,4463.612456747404,0.6514779012791052,65.73382163551477,86.64376951518489,0.95703125
140414_A_3.tiff,3684.1522491349483,0.515027181475653,63.50881397181959,74.09093763762165,0.96875
140414_A_4.tiff,2807.584775086505,0.6083685789326666,53.319669964477384,67.18245938483061,0.96484375
140414_A_5.tiff,7534.726643598616,0.7802985466324226,77.54055313199189,123.98410493458312,0.97265625
140414_A_6.tiff,3463.9723183391,0.35241070144539993,64.29016743257745,68.69741980878835,0.95703125
140414_B_1.tiff,4967.972318339101,0.8080418744359484,61.2995056789111,104.05177181121316,0.92578125
140414_B_2.tiff,4183.529411764706,0.698380499947019,61.82094237530052,86.37507067164967,0.96484375
140414_B_3.tiff,3955.044982698962,0.4503338308184193,67.17559076029306,75.2363991309309,0.796875
140414_B_4.tiff,3180.622837370242,0.5280565595701115,58.75623875274844,69.18935707266681,0.91015625
140414_B_5.tiff,7849.245674740484,0.7617655869549098,80.53559133554057,124.31156751337767,0.9375
140414_B_6.tiff,3455.667820069204,0.3323365682292919,64.4424560006538,68.32605001044186,0.94921875
140477_A_1.tiff,4036.3737024221455,0.8517716846309045,51.99184195395697,99.23751894225995,0.96875
140477_A_3.tiff,5799.640138408305,0.8666289807688563,60.83844414449821,121.93218655522769,0.9609375
140477_A_4.tiff,5058.159169550173,0.8460334012771236,58.87131710770499,110.42584136697543,0.98046875
140477_A_5.tiff,4714.186851211072,0.8398301104098567,57.153926084165704,105.2850650085092,0.91796875
140477_A_6.tiff,5211.072664359862,0.8809599758156876,56.27167139180136,118.91962591842828,0.96875
140477_B_1.tiff,4041.688581314879,0.8497579626592471,52.279998028682506,99.1704714159,0.9453125
140477_B_2.tiff,3210.297577854671,0.841689709342473,47.171922173868985,87.36163824087618,0.96484375
140477_B_3.tiff,6100.152249134948,0.8329195129616642,66.03523523196594,119.32767136618506,0.96875
140477_B_4.tiff,5120.996539792388,0.8510136958070266,58.71406913488249,111.80576314515245,0.97265625
140477_B_5.tiff,4392.249134948097,0.8292000218095071,56.03078127908908,100.24256568877892,0.95703125
140477_B_6.tiff,4915.377162629758,0.8573919933953527,57.78750549360896,112.28201776577193,0.94140625
140494_A_1.tiff,4343.806228373703,0.824769426764407,55.96390067486775,98.9689672383264,0.95703125
140494_A_2.tiff,4180.2076124567475,0.6404406457894126,63.97329282774323,83.2977266150538,0.98046875
140494_A_3.tiff,4554.131487889274,0.7568822710117672,61.90587105221944,94.72229097826117,0.96484375
140494_A_4.tiff,2891.294117647059,0.6764321284078236,52.13018267348638,70.78048969816916,0.97265625
140494_A_5.tiff,5212.179930795848,0.8232511334176885,61.57504331286197,108.46838180157907,0.95703125
140494_A_6.tiff,4584.692041522491,0.8230380061596265,57.712279439703316,101.60857600435648,0.96484375
140494_B_1.tiff,4549.813148788928,0.7882335776844126,59.86977114009226,97.2897137439011,0.8984375
140494_B_2.tiff,4257.384083044983,0.6256090696827817,65.0741221419638,83.41374147152919,0.97265625
140494_B_3.tiff,4526.505190311419,0.7309717630104416,62.94714376749683,92.24272075434111,0.97265625
140494_B_4.tiff,2939.18339100346,0.6594779410390299,53.12634273613482,70.67267867063762,0.953125
140494_B_5.tiff,5254.754325259516,0.8277055557277825,61.452084203822004,109.5085085602808,0.91796875
140494_B_6.tiff,4491.23875432526,0.803877824136953,58.417635204418154,98.21482816452215,0.96875
140504_A_1.tiff,5537.993079584775,0.8615498215893337,60.05796616805404,118.30048608809132,0.953125
140504_A_2.tiff,5064.525951557093,0.8573038373137648,57.95631125261532,112.57789163110219,0.96875
140504_A_3.tiff,5007.16955017301,0.8750395094742498,55.81559732863307,115.30921206892843,0.96875
140504_A_4.tiff,8940.73356401384,0.7841213055056034,86.26330697441779,138.99815059607067,0.96875
140504_A_5.tiff,8731.626297577855,0.8316113244377618,79.03914250655376,142.3210435249935,0.9765625
140504_A_6.tiff,7459.5432525951555,0.7994033280431051,75.90460606048258,126.34033066409793,0.94921875
140504_B_1.tiff,5114.131487889274,0.8648730220321424,57.514784502895836,114.57340806523159,0.97265625
140504_B_2.tiff,5415.474048442907,0.8607609415123622,60.259622238153206,118.38606219153974,0.953125
140504_B_3.tiff,4592.83044982699,0.8694085027520718,54.004554612894424,109.30016845510413,0.91015625
140504_B_4.tiff,8913.162629757786,0.7882406432965123,85.5307123381568,138.99135983024837,0.9765625
140504_B_5.tiff,8433.993079584776,0.8412747654166617,76.81324878490742,142.0868363063488,0.94921875
140504_B_6.tiff,6754.325259515571,0.8480949757229439,67.98311793419009,128.30774327591794,0.96875
140539_A_1.tiff,4100.2076124567475,0.7089811146332741,61.05878704338867,86.58027369771898,0.91015625
140539_A_2.tiff,4345.134948096886,0.7740490370125287,59.248010297375856,93.58017689860822,0.9375
140539_A_3.tiff,3864.470588235294,0.8082926259020909,53.948170822744736,91.62689276642348,0.97265625
140539_A_4.tiff,2251.6262975778545,0.28252517298239305,52.471755460276654,54.70024994315334,0.95703125
140539_A_5.tiff,4053.923875432526,0.7330661580084235,59.52858268022201,87.52178227911236,0.94921875
140539_A_6.tiff,1672.1937716262976,0.44589445571711916,43.710424430758835,48.83379542235522,0.96875
140539_B_1.tiff,4177.60553633218,0.7401456560842032,59.95306362992294,89.15661867147139,0.94140625
140539_B_2.tiff,4140.346020761246,0.8096036703097421,55.72207687261313,94.93061070698958,0.98046875
140539_B_3.tiff,3892.5397923875435,0.7944211998854416,55.005371496008436,90.56361357555747,0.63671875
140539_B_4.tiff,2368.8304498269895,0.244130905162339,54.16351062094489,55.85351016049956,0.8203125
140539_B_5.tiff,4064.498269896194,0.7239304567957754,60.031348274094206,87.01797607660244,0.96484375
140539_B_6.tiff,1713.0519031141869,0.4585807856479631,44.08850815218872,49.61275308664286,0.9140625
140573_A_1.tiff,3128.0276816609,0.7222628916203373,52.588837121823275,76.03733561952862,0.83203125
140573_A_2.tiff,3916.4567474048445,0.5252695824519981,65.86968400964496,77.40851671225762,0.95703125
140573_A_3.tiff,3041.3840830449826,0.7144725761562198,52.303040516069565,74.7545706462446,0.96484375
140573_A_4.tiff,4032.110726643599,0.8006887903390171,55.628375489030084,92.85625935795532,0.94140625
140573_A_5.tiff,3068.899653979239,0.750441596517455,50.851853876064865,76.9390604379368,0.92578125
140573_A_6.tiff,3019.0726643598614,0.8072119707137717,47.872767100463314,81.10431332218054,0.91015625
140573_B_1.tiff,2875.4602076124565,0.7485246798436939,49.38631105131309,74.47714485502837,0.96875
140573_B_2.tiff,4077.121107266436,0.5065077525911313,67.64829636917753,78.45687598028215,0.97265625
140573_B_3.tiff,2928.055363321799,0.6887555154164219,52.192762261467294,71.99064420213294,0.9609375
140573_B_4.tiff,3969.2733564013843,0.809866342055759,54.605079158931716,93.0851252490627,0.97265625
140573_B_5.tiff,2913.993079584775,0.7788623084848637,48.26416140037461,76.95240762795866,0.9296875
140573_B_6.tiff,2724.318339100346,0.8260137240363534,44.68801624746584,79.28327132350891,0.94921875
140590_A_1.tiff,4502.034602076124,0.834317019125623,56.2966490431195,102.11896335542508,0.953125
140590_A_2.tiff,3621.259515570934,0.5912286125186329,61.18310948986367,75.86212626355184,0.953125
140590_A_3.tiff,3702.3667820069204,0.7635804177132817,55.21227283867736,85.50593664036806,0.96484375
140590_A_4.tiff,3920.055363321799,0.7329686785234963,58.34366786703606,85.76641735652342,0.97265625
140590_A_5.tiff,3309.453287197232,0.5974905721636918,58.20267308942218,72.58313973744646,0.9453125
140590_A_6.tiff,3705.2456747404844,0.843141555259292,50.536997818040255,93.98880785797579,0.9453125
140590_B_1.tiff,4542.837370242214,0.833369978598188,56.61076831183112,102.42297028308631,0.90234375
140590_B_2.tiff,3703.529411764706,0.6056121520076148,61.44695494351933,77.21795223827348,0.9453125
140590_B_3.tiff,4020.5397923875435,0.7644269274580096,57.477095767739705,89.1518077801594,0.859375
140590_B_4.tiff,3887.889273356401,0.7353982667289952,58.007876403197955,85.60340599135164,0.96875
140590_B_5.tiff,3441.5501730103806,0.6321935891299819,58.32152100502644,75.27198352780982,0.98046875
140590_B_6.tiff,3367.031141868512,0.796246739020595,50.997610363338836,84.29747108877363,0.94921875
140599_A_1.tiff,4705.384083044983,0.8477093872301265,56.827653005871696,107.12881975059179,0.9609375
140599_A_2.tiff,4263.19723183391,0.8194543906946707,56.18682963980421,98.03258966412683,0.94921875
140599_A_3.tiff,4525.785467128027,0.778267598333219,60.49976784777145,96.34752658039596,0.96484375
140599_A_4.tiff,4861.065743944637,0.8112968979994073,60.19191682087478,102.95651470243982,0.9453125
140599_A_5.tiff,4594.823529411765,0.8254474645510892,57.66830486795027,102.16201157584995,0.94140625
140599_A_6.tiff,3522.823529411765,0.7653600631095627,53.93228897728215,83.79753383709394,0.96484375
140599_B_1.tiff,4737.937716262976,0.8460782298801699,57.068602424348185,107.05874845515848,0.97265625
140599_B_2.tiff,4395.737024221453,0.8276659877825291,56.3378155230101,100.38436793993276,0.96875
140599_B_3.tiff,4558.837370242214,0.7574945734966797,61.938291551004234,94.87493580308012,0.953125
140599_B_4.tiff,4866.269896193771,0.8094816711227899,60.34790768145346,102.78192359863445,0.97265625
140599_B_5.tiff,4545.162629757786,0.8292494945100334,57.19833404391036,102.34482998055755,0.95703125
140599_B_6.tiff,3424.332179930796,0.7749876387089812,52.7288552760787,83.43484971363748,0.96484375
140600_A_1.tiff,5731.764705882353,0.4247516988911253,82.19953918312784,90.7971294952403,0.94140625
140600_A_2.tiff,5029.148788927336,0.7389987114379054,65.72018248068065,97.55011929046367,0.96875
140600_A_3.tiff,5282.159169550173,0.6907522051340512,73.2908557612319,101.3576436643966,0.9609375
140600_A_4.tiff,6172.512110726643,0.7679151253890397,71.06678905635032,110.94623504033211,0.96875
140600_A_5.tiff,5885.730103806229,0.7890467846888473,67.95858859254574,110.62172516601123,0.9609375
140600_A_6.tiff,11685.148788927336,0.5030999417356496,119.02717768041191,137.7265545670536,0.91796875
140600_B_1.tiff,5437.4532871972315,0.5143884478365485,77.07585368579743,89.87837149035023,0.9765625
140600_B_2.tiff,4900.650519031142,0.7423479374764586,64.69585423711347,96.55887498825211,0.9609375
140600_B_3.tiff,6227.21107266436,0.7721694789274769,71.07988639834024,111.86343393412018,0.9609375
140600_B_4.tiff,6293.923875432526,0.7543041343350125,72.58297561591536,110.55627585183959,0.9609375
140600_B_5.tiff,6600.083044982699,0.7752211820105137,72.88970109484357,115.3884241005309,0.88671875
140600_B_6.tiff,6802.435986159169,0.7805950119192785,73.75160607693262,117.99555780594847,0.9453125
140615_A_1.tiff,2693.3148788927338,0.6538917108021589,51.10017738868086,67.54028239442532,0.92578125
140615_A_2.tiff,3653.3148788927338,0.7106161714072915,57.33964410956679,81.49699159323018,0.93359375
140615_A_3.tiff,3622.5328719723184,0.5918678501998729,61.00984689289842,75.69131072526747,0.9453125
140615_A_4.tiff,3245.453287197232,0.6053018792629847,57.40714686055483,72.11989347579014,0.9453125
140615_A_5.tiff,4519.640138408305,0.5893457809226738,68.50851614051578,84.80026701899614,0.953125
140615_A_6.tiff,3354.740484429066,0.7624046338567603,52.6721889019223,81.39721964739131,0.93359375
140615_B_1.tiff,2758.9757785467127,0.6866180105851072,50.770005251535544,69.83318094826348,0.796875
140615_B_2.tiff,3625.2456747404844,0.7282654171527784,56.37179576078961,82.25914540057474,0.9453125
140615_B_3.tiff,3593.6332179930796,0.6277044659836627,59.742442510782524,76.74521083514489,0.96875
140615_B_4.tiff,2959.0034602076125,0.6174669706212951,54.49999391469057,69.28580599303884,0.9609375
140615_B_5.tiff,4734.671280276817,0.6016158625169482,69.84284174396016,87.43628598984674,0.96484375
140615_B_6.tiff,2898.1038062283737,0.7594349851467562,49.06907640917263,75.42321446808619,0.94140625
140628_A_1.tiff,2690.823529411765,0.6153811459535277,52.580743266299656,66.70738731456652,0.95703125
140628_B_1.tiff,2193.0519031141866,0.607970839085688,47.17326436993108,59.41521315841931,0.94921875
140628_B_2.tiff,1264.4982698961937,0.7080542486789217,33.78808843381313,47.847771181953,0.96484375
140628_B_3.tiff,2259.377162629758,0.7189733310459437,44.81689181882678,64.48124235317881,0.96875
140628_B_4.tiff,3464.249134948097,0.7262923793422419,55.24607848550566,80.37127069455195,0.9609375
140628_B_5.tiff,3340.235294117647,0.754767414444941,52.89447763637295,80.63274846702612,0.94921875
140628_B_6.tiff,2198.5882352941176,0.7184144830970947,44.182538804734996,63.51576725659532,0.953125
140639_A_1.tiff,1932.8996539792388,0.3828400371044979,47.729159932790765,51.66529885247781,0.96875
140639_A_2.tiff,2259.044982698962,0.6712078353175599,46.20749136455637,62.335641001129424,0.9609375
140639_A_3.tiff,4792.083044982699,0.815257379089085,59.909464866357986,103.45292745471333,0.9765625
140639_A_4.tiff,1539.4325259515572,0.4516314133005861,41.84227637760904,46.897624040191474,0.97265625
140639_A_5.tiff,2048.7750865051903,0.6557350855644567,44.44610988862558,58.869716960980845,0.96484375
140639_A_6.tiff,1116.955017301038,0.47130095056453625,35.461628967142936,40.207184143254324,0.9609375
140639_B_1.tiff,2100.2076124567475,0.4525091553167581,48.86159638640884,54.79233167706883,0.8203125
140639_B_2.tiff,2385.8823529411766,0.6556650907368109,47.93091606569406,63.480297911646936,0.91796875
140639_B_3.tiff,4835.7093425605535,0.8081494262330978,60.712376318635826,103.08097592595863,0.9296875
140639_B_4.tiff,1530.2975778546713,0.3947978985625993,42.32635760824322,46.06860281691631,0.91796875
140639_B_5.tiff,2149.9792387543253,0.6706474972187759,45.14102303207671,60.855313078132106,0.953125
140639_B_6.tiff,1355.3494809688582,0.2542419298702132,40.89154830158902,42.28087011903445,0.890625
140693_A_1.tiff,5017.63321799308,0.6969994887966454,67.73734802005225,94.46385248062224,0.96875
140693_A_2.tiff,3106.989619377163,0.7478784397412739,51.337686258240566,77.33492805006111,0.96875
140693_A_3.tiff,3562.574394463668,0.7157276315986629,56.30956661659951,80.62889132217433,0.95703125
140693_A_4.tiff,4028.3460207612457,0.808379579993786,55.00514505217046,93.44103133244167,0.9765625
140693_A_5.tiff,4712.304498269897,0.7510001863748862,62.97739992840169,95.37666209233163,0.97265625
140693_A_6.tiff,2843.18339100346,0.5319746841380366,55.38524321681637,65.40841124566163,0.9609375
140693_B_1.tiff,4947.377162629758,0.6998961603569251,67.12250965192683,93.97692134249846,0.97265625
140693_B_2.tiff,3270.311418685121,0.766948445333252,51.72719880752398,80.60853334274438,0.96875
140693_B_3.tiff,3435.0726643598614,0.7161370740196876,55.284089205832075,79.20814358521712,0.97265625
140693_B_4.tiff,4338.878892733564,0.8074564606092212,57.17632054085359,96.92098209202722,0.96875
140693_B_5.tiff,4974.560553633218,0.7301347028430207,65.86001537346976,96.3847552089552,0.9609375
140693_B_6.tiff,3039.446366782007,0.5085935344483699,57.806359689033634,67.1381031045974,0.9765625
140723_A_1.tiff,3764.1522491349483,0.8226081116210554,52.37969513142974,92.11904744321758,0.96484375
140723_A_2.tiff,4081.0519031141866,0.6194907877840046,63.981340400139636,81.5044846022124,0.96875
140723_A_3.tiff,4017.2179930795846,0.8229918565851503,54.02264254614468,95.10138380562218,0.94921875
140723_A_4.tiff,2544.9411764705883,0.8300987037467041,42.560575447207775,76.32589198830712,0.95703125
140723_A_5.tiff,3786.5190311418687,0.8020605215184848,53.75015984753661,89.99717206614928,0.97265625
140723_A_6.tiff,2720.4429065743943,0.6760350937799325,50.6100082220622,68.68246447675718,0.96875
140723_B_1.tiff,3999.7231833910037,0.8063904128081346,55.10135748353253,93.17363928802101,0.74609375
140723_B_2.tiff,4490.2975778546715,0.5866134139130885,68.22873671822431,84.24683210960288,0.9453125
140723_B_3.tiff,4387.598615916955,0.8128803697223694,57.16161252790218,98.14320202836858,0.9609375
140723_B_4.tiff,2550.5882352941176,0.8398831606571167,42.052461381120644,77.47789164230811,0.9609375
140723_B_5.tiff,3820.5121107266436,0.8066338367638647,53.64839117846615,90.76771294558182,0.9609375
140723_B_6.tiff,2815.612456747405,0.6871433074661241,51.14753165220668,70.40053640074514,0.95703125
140819_A_1.tiff,3838.560553633218,0.8038452810265847,53.94355147907672,90.68605569714143,0.97265625
140819_A_2.tiff,5035.4602076124565,0.7527843605382271,65.44699226869815,99.42314044166544,0.95703125
140819_A_3.tiff,3693.5640138408303,0.7715564523976498,54.970944360155734,86.41044702819302,0.9296875
140819_A_4.tiff,6278.588235294118,0.8302055048346726,66.8351480379782,119.8928220181633,0.9765625
140819_A_5.tiff,6788.5397923875435,0.8091223255751541,71.36933956666797,121.45073399409675,0.96484375
140819_A_6.tiff,2984.9134948096885,0.8448341928891001,45.17227957370759,84.42971538354678,0.96484375
140819_B_1.tiff,3879.0865051903115,0.8032082030835579,54.269681685969275,91.10261464957509,0.9765625
140819_B_2.tiff,4659.930795847751,0.7287464378551788,64.06538294627998,93.55565684936026,0.97265625
140819_B_3.tiff,3219.9307958477507,0.7784039226853754,51.04237493623599,81.30825403870035,0.9140625
140819_B_4.tiff,6481.882352941177,0.8072786122222515,69.91806078332043,118.47094772936896,0.96875
140819_B_5.tiff,7037.231833910035,0.8076562602011657,72.79077310809006,123.44667001765856,0.96875
140819_B_6.tiff,2928.6643598615915,0.8517107569691427,44.25877407967301,84.46134273613114,0.9609375
140821_A_2.tiff,5530.131487889274,0.9126376771682864,54.022225260934995,132.15817409029594,0.96484375
140821_A_3.tiff,4389.979238754326,0.8718049227241655,52.479808809958165,107.13374275059341,0.95703125
140821_A_4.tiff,3276.8442906574396,0.8342236606260192,48.146228234490025,87.31218404020184,0.953125
140821_A_5.tiff,4655.391003460208,0.887767705677405,52.43413502479658,113.91499918717157,0.9453125
140821_A_6.tiff,3741.7301038062283,0.8636788317530705,49.09247401506868,97.39748285474565,0.96484375
140821_B_1.tiff,2981.923875432526,0.857672108001505,44.283133982481566,86.12094966209713,0.96875
140821_B_2.tiff,5523.653979238754,0.918421682343703,53.060948615593304,134.1268114587158,0.95703125
140821_B_3.tiff,4397.840830449827,0.8715406448941194,52.54824370418709,107.17061058392882,0.97265625
140821_B_4.tiff,3097.4671280276816,0.8440219972950183,46.14355204986252,86.03918670694485,0.95703125
140821_B_5.tiff,4709.480968858132,0.892270756832805,52.24461899606376,115.71325836424687,0.97265625
140821_B_6.tiff,3751.529411764706,0.8700422610204124,48.622259221381285,98.62984493290914,0.953125
140844_A_1.tiff,3378.712802768166,0.8673273001887442,46.492910893750555,93.40835658393755,0.96484375
140844_A_2.tiff,6302.782006920415,0.762373843453075,72.15110383980272,111.49280418896792,0.98046875
140844_A_3.tiff,2503.584775086505,0.6644355659062449,48.85155800158935,65.36676061944554,0.96875
140844_A_4.tiff,4014.3391003460206,0.8027587650236693,55.3531124818046,92.82701423218667,0.96484375
140844_A_5.tiff,5799.584775086505,0.6919633764646973,73.26133395662085,101.47946426925378,0.96484375
140844_A_6.tiff,3860.3737024221455,0.8090808076233774,53.79814008407627,91.54054295567397,0.96875
140844_B_1.tiff,3384.6920415224913,0.8689217059685763,46.494443825607725,93.9377411312903,0.97265625
140844_B_2.tiff,6411.737024221453,0.7536703991685793,73.41598969281716,111.70133675959502,0.97265625
140844_B_3.tiff,2589.3979238754328,0.6066854362014295,51.237212821056325,64.4540267045636,0.90625
140844_B_4.tiff,3969.0519031141866,0.7952104614905869,55.45230253506915,91.45511814523519,0.91796875
140844_B_5.tiff,5698.214532871973,0.6958353236512558,72.38789058832869,100.79052198829572,0.953125
140844_B_6.tiff,4223.778546712802,0.7826427212316791,57.98870734226944,93.15886282397669,0.98046875
140849_A_1.tiff,2879.3356401384085,0.6155831510600688,53.77039491473889,68.23031264015033,0.9609375
140849_A_2.tiff,4392.636678200692,0.7280403481983486,62.01962106776975,90.46902937276784,0.94140625
140849_A_3.tiff,2126.0622837370242,0.6272073814063994,45.945813497451745,58.99169029621745,0.87109375
140849_A_4.tiff,2559.7231833910037,0.6814041646022229,48.86344245467477,66.76178707712322,0.921875
140849_A_5.tiff,2801.5501730103806,0.656532239048817,51.96390910647054,68.89042733688146,0.94921875
140849_A_6.tiff,4678.809688581315,0.8370244716038079,57.19247898296754,104.52501811987437,0.94921875
140849_B_1.tiff,3003.4048442906574,0.6106837935730388,55.0406294214364,69.50675376937704,0.90234375
140849_B_2.tiff,4196.5397923875435,0.7399341593150709,60.22251724639268,89.52634234116924,0.87890625
140849_B_3.tiff,2049.993079584775,0.5970884043185765,45.79679116579341,57.09074206280204,0.953125
140849_B_4.tiff,2359.529411764706,0.6586752788101575,47.6028952614747,63.265771693108775,0.8671875
140849_B_5.tiff,2587.7923875432525,0.6744912212888643,49.34802443170082,66.84162210157338,0.92578125
140849_B_6.tiff,4166.643598615917,0.826085363015601,54.91824614678083,97.451393640581,0.96484375
140852_A_1.tiff,5679.667820069204,0.6122370410978043,76.19024045642458,96.36109721436044,0.80078125
140852_A_3.tiff,3722.574394463668,0.8429808542376783,50.653610417022705,94.16156952065134,0.81640625
140852_A_4.tiff,3204.5951557093426,0.8049942254937502,49.25671427438515,83.02402688678103,0.83203125
140852_A_6.tiff,5400.249134948097,0.8376271514190538,61.7667810700947,113.07577280811124,0.91015625
140852_B_1.tiff,3037.840830449827,0.7507658522010577,50.58943191046779,76.58469662488352,0.80859375
140852_B_2.tiff,4066.712802768166,0.8335983913669913,54.25755351205514,98.22665108795532,0.921875
140852_B_3.tiff,3945.1903114186853,0.8322640972146643,52.96002610496859,95.53029951133136,0.91796875
140852_B_4.tiff,3323.128027681661,0.8069406205938111,50.14623373618253,84.90258772201258,0.9609375
140852_B_5.tiff,2206.8373702422145,0.8037237960883901,40.92127096654993,68.77494813463817,0.94921875
140852_B_6.tiff,6407.031141868512,0.8759279626683855,62.774231954555155,130.11769835124178,0.94140625
140854_A_1.tiff,5092.982698961938,0.8293165866345314,60.799281189763256,108.80737900891033,0.921875
140854_A_2.tiff,4040.138408304498,0.8308995388737143,53.72569569449193,96.5555838531862,0.96484375
140854_A_3.tiff,3600.4429065743943,0.7315453035227489,56.06577139200421,82.2328551606311,0.9609375
140854_A_4.tiff,3849.1903114186853,0.7492041654583123,57.02992077240152,86.10380769123717,0.95703125
140854_A_5.tiff,5226.574394463668,0.8156460425944703,62.61993822717397,108.23576942158017,0.8984375
140854_A_6.tiff,12114.712802768167,0.7082458075788726,105.73830585947441,149.7782021831659,0.79296875
140854_B_1.tiff,5116.678200692041,0.8205034677332436,61.51252840582883,107.60681867417898,0.9609375
140854_B_2.tiff,4011.7923875432525,0.824434181126586,54.00426216875914,95.42099779643146,0.96875
140854_B_3.tiff,3600.055363321799,0.7333307534316947,56.01362964655063,82.38848698595501,0.9609375
140854_B_4.tiff,3956.4290657439446,0.7191379262133162,59.22741522833672,85.23557003682828,0.96875
140854_B_5.tiff,5277.121107266436,0.831730440593791,61.67767750218544,111.09498422540216,0.953125
140854_B_6.tiff,5063.916955017301,0.8239433903423721,61.24146064756868,108.07212616240172,0.9765625
140867_A_1.tiff,4253.4532871972315,0.7817169582037119,58.16182543137871,93.26284793628658,0.9609375
140867_A_2.tiff,3987.5432525951555,0.7646945333949398,57.3742565519346,89.03613360105572,0.94140625
140867_A_3.tiff,2955.7923875432525,0.7718983242723209,48.959671000715744,77.01137084979563,0.96484375
140867_A_4.tiff,3355.681660899654,0.8025174949439539,50.53082364327323,84.69393653098562,0.9296875
140867_A_5.tiff,4747.18339100346,0.7433669126815198,63.74463137478444,95.29999768409918,0.9609375
140867_A_6.tiff,4181.480968858132,0.5961010150336671,65.41151635067082,81.46811151061539,0.96875
140867_B_1.tiff,4422.256055363322,0.7637163493435327,60.343085640800794,93.47517944422322,0.91015625
140867_B_2.tiff,4072.581314878893,0.7355727275553259,59.45416485685635,87.76225058986273,0.9453125
140867_B_3.tiff,3000.581314878893,0.7750496328630668,49.171408484809554,77.81512956315431,0.953125
140867_B_4.tiff,3285.9792387543253,0.8128264554186344,49.42663646721773,84.85173162041013,0.6640625
140867_B_5.tiff,4397.564013840831,0.7190055321860073,62.62542536846739,90.10796189591167,0.9609375
140867_B_6.tiff,4069.038062283737,0.596903793430979,64.50475629396688,80.39851124574196,0.96875
140886_A_1.tiff,4196.318339100346,0.7460893280905756,60.22879927202409,90.45456694251149,0.97265625
140886_A_2.tiff,5080.692041522491,0.8231453010439471,60.896298210662856,107.24373984997062,0.9765625
140886_A_3.tiff,4338.3806228373705,0.77622269873132,59.580439145133894,94.503300430721,0.9453125
140886_A_4.tiff,2795.0726643598614,0.6850548428711382,51.10742571801828,70.15514371487396,0.9375
140886_A_5.tiff,2963.044982698962,0.6859891863013337,52.45757233908793,72.09555570238656,0.9609375
140886_A_6.tiff,6112.276816608996,0.8527428328948599,64.51749567075937,123.51841487921389,0.9296875
140886_B_1.tiff,4396.235294117647,0.7401354223518005,61.87787051468172,92.01747105857571,0.95703125
140886_B_2.tiff,5321.356401384083,0.8195869342772868,62.565531668303095,109.19801438446855,0.97265625
140886_B_3.tiff,4846.671280276817,0.8193753792172667,60.40666521795538,105.37442798823615,0.94921875
140886_B_4.tiff,5173.923875432526,0.9103354845791177,52.777461544596996,127.52148858904114,0.94921875
140886_B_5.tiff,2937.4117647058824,0.6981035007553223,51.82384440926147,72.37998847481377,0.96484375
140886_B_6.tiff,6243.044982698962,0.8581664602028916,64.61220967390021,125.85857619506623,0.98046875
140889_A_1.tiff,4308.595155709342,0.8715782685451882,51.96971582796563,106.00517923151857,0.97265625
140889_A_2.tiff,5613.951557093425,0.8401900364500976,62.3531954320021,114.98083312285291,0.96875
140889_A_3.tiff,4700.1245674740485,0.822871634334705,58.62920079188097,103.17913268163942,0.921875
140889_A_4.tiff,4777.743944636678,0.843378110231108,57.424718560478546,106.87236805246624,0.95703125
140889_A_5.tiff,6150.256055363322,0.7716805999754168,71.62654937921121,112.61854377743762,0.97265625
140889_A_6.tiff,5493.868512110726,0.8369463683733307,62.1875998469493,113.62929677221518,0.9453125
140889_B_1.tiff,4366.449826989619,0.8520480930477647,53.99183994972299,103.14346432235484,0.97265625
140889_B_2.tiff,5544.138408304499,0.8431499156478092,61.72281929560916,114.7950195468548,0.9765625
140889_B_3.tiff,4974.228373702422,0.8140365249186247,60.91812059814154,104.88410005516627,0.90234375
140889_B_4.tiff,5155.930795847751,0.857126211788148,58.362992226525606,113.30277844670702,0.9296875
140889_B_5.tiff,5871.16955017301,0.7638384580666023,70.34116832037768,108.98722271490026,0.9375
140889_B_6.tiff,5542.975778546713,0.8472179768766784,61.538242649615825,115.83769000861619,0.96875
140900_A_1.tiff,4440.525951557093,0.644963517018548,65.90986724306379,86.24537409795651,0.9765625
140900_A_2.tiff,4588.622837370242,0.8350922005556884,56.821918804234826,103.2919204967709,0.953125
140900_A_3.tiff,5051.349480968858,0.805656577865928,61.804467668462166,104.33196092736954,0.95703125
140900_A_4.tiff,5396.76124567474,0.8239385415272427,62.57057658082158,110.41622858389715,0.96484375
140900_A_5.tiff,4040.9134948096885,0.8186012494425706,54.42767623634442,94.76193155278,0.96484375
140900_A_6.tiff,3888.166089965398,0.7942443558550512,54.98668959254705,90.49840005420685,0.96875
140900_B_1.tiff,4265.245674740484,0.6627520988677476,63.97143380352098,85.42750148198309,0.8125
140900_B_2.tiff,4529.993079584775,0.8340374165071543,56.54734591062188,102.49508422979677,0.8984375
140900_B_3.tiff,5234.214532871973,0.776335274998003,64.95762155703915,103.05495949485555,0.77734375
140900_B_4.tiff,5376.553633217993,0.81472967511407,63.21156854102584,109.01535291165865,0.96484375
140900_B_5.tiff,3953.2733564013843,0.8168832710143713,54.00919919698159,93.63543101292964,0.859375
140900_B_6.tiff,4130.048442906575,0.8075003036530104,55.79282630211563,94.5854094522036,0.921875
140902_A_1.tiff,3547.9031141868513,0.8070515590172755,51.97599935681541,88.02315673702199,0.9609375
140902_A_2.tiff,4014.8373702422145,0.8508922323339771,53.02018805469328,100.92541949205143,0.93359375
140902_A_3.tiff,2637.5640138408303,0.5247514370489189,55.21446199365104,64.86238488682812,0.8046875
140902_A_4.tiff,4702.173010380623,0.7692393002620167,62.14048585618057,97.25242336777649,0.953125
140902_A_5.tiff,3797.1487889273358,0.7643567435697011,56.005400788489716,86.85787514584356,0.94921875
140902_A_6.tiff,3580.8442906574396,0.7698831686378814,54.24472334120357,84.99845003044844,0.97265625
140902_B_1.tiff,3426.0484429065746,0.8132538004896006,50.71117421214101,87.14620560036501,0.91015625
140902_B_2.tiff,3931.8477508650517,0.8146028157198836,54.322672787926386,93.65668305850855,0.94921875
140902_B_3.tiff,1128.3598615916956,0.783811437780661,30.238202628318124,48.692844346713606,0.76953125
140902_B_4.tiff,4620.78892733564,0.760147948576761,62.19253844257895,95.71763902245176,0.9609375
140902_B_5.tiff,3571.598615916955,0.815704468756959,51.43709968344437,88.91939293547026,0.94921875
140902_B_6.tiff,3467.017301038062,0.7484839527362604,54.47022104474443,82.13825320600257,0.85546875
140908_A_1.tiff,5008.0,0.7076835898865098,67.59835598699748,95.67662190419779,0.9765625
140908_A_2.tiff,2942.3391003460206,0.8263224110503962,45.993534068573574,81.66503760584136,0.9609375
140908_A_3.tiff,2125.453287197232,0.7076579492117095,43.73947655445688,61.90525183877597,0.953125
140908_A_4.tiff,2624.332179930796,0.6533989361155461,50.35212820560471,66.51415202474925,0.9609375
140908_A_5.tiff,4215.19723183391,0.7635450056595946,59.11863551057069,91.54969090157175,0.95703125
140908_A_6.tiff,3212.78892733564,0.6326845834811392,56.29454745230535,72.69350477668031,0.96875
140908_B_1.tiff,5129.63321799308,0.7045200219024428,68.56273719802755,96.6102186093821,0.9609375
140908_B_2.tiff,2935.750865051903,0.8125521213748207,46.736844399092554,80.18144326539533,0.953125
140908_B_3.tiff,2241.9377162629758,0.6809726326541558,45.76870414980629,62.49918080337895,0.96875
140908_B_4.tiff,2752.719723183391,0.6598462956217392,51.34748318556819,68.33569600840042,0.95703125
140908_B_5.tiff,4559.446366782007,0.7611812612039927,61.62093781033667,95.01497870153173,0.9765625
140908_B_6.tiff,3273.1349480968856,0.6109807721330603,57.44724738101248,72.566890150988,0.96875
140912_A_1.tiff,2879.5570934256057,0.7481726890726522,49.48384336715946,74.57956466254835,0.9375
140912_A_2.tiff,4021.923875432526,0.800686934551724,55.438938634958994,92.53966354705567,0.96484375
140912_A_3.tiff,3446.1453287197232,0.823314707078514,49.989887834032054,88.07469427759787,0.95703125
140912_A_4.tiff,4989.010380622837,0.835292645300878,59.261158724500696,107.78565884171384,0.9453125
140912_A_5.tiff,4868.595155709342,0.7956809824503084,61.56613200927151,101.64192504859139,0.96875
140912_A_6.tiff,5146.40830449827,0.8028685454009536,62.53579083795903,104.89834886036581,0.94921875
140912_B_1.tiff,2615.0865051903115,0.7583738261915921,46.81237086160351,71.81795644976548,0.69921875
140912_B_2.tiff,3871.280276816609,0.8139337201507902,53.60956496424363,92.2779076554718,0.84375
140912_B_3.tiff,3452.0692041522493,0.8290266975465639,49.690910390910965,88.85927816067613,0.84375
140912_B_4.tiff,5475.321799307959,0.8415218131792929,61.6178357951086,114.05997180513369,0.7421875
140912_B_5.tiff,4822.256055363322,0.7982304903111358,61.04718767187871,101.34800722519537,0.92578125
140912_B_6.tiff,5355.9584775086505,0.7164938448075783,69.71538681904433,99.93699121097075,0.91015625
140918_A_1.tiff,6487.640138408305,0.6194057620283179,82.06807973877488,104.53586738800985,0.95703125
140918_A_2.tiff,3884.955017301038,0.8615287419105311,50.73973153249718,99.93864870577774,0.92578125
140918_A_3.tiff,6189.2871972318335,0.7851675597824381,70.07078847022726,113.14818205456233,0.9609375
140918_A_4.tiff,8348.567474048443,0.539700648864449,94.99676944792552,112.84193083832645,0.875
140918_A_5.tiff,4880.387543252596,0.7844456108547784,62.31472034715671,100.47558823403931,0.9375
140918_A_6.tiff,5846.36678200692,0.7682621013021185,70.05449855025422,109.43699943389879,0.9765625
140918_B_1.tiff,6483.653979238754,0.6244686246306368,81.94439865322052,104.91570293666676,0.96875
140918_B_2.tiff,3624.083044982699,0.8783202055690702,47.09187723860446,98.50356631082231,0.92578125
140918_B_3.tiff,5954.934256055363,0.7638326141235788,70.28810849536706,108.90384433580925,0.9609375
140918_B_4.tiff,6059.349480968858,0.5594356070390465,80.60409264607348,97.24531184947124,0.96875
140918_B_5.tiff,4447.723183391004,0.7595129594084605,60.82935324165666,93.51281376859698,0.9765625
140918_B_6.tiff,5819.404844290658,0.7008773966202275,73.29450343917355,102.75673252097202,0.96484375
140921_A_1.tiff,3330.325259515571,0.753963807602448,53.02904781406573,80.72424959367711,0.90625
140921_A_2.tiff,4730.574394463668,0.7904313008632509,61.15144836154915,99.83083601096627,0.96484375
140921_A_3.tiff,3708.0138408304497,0.49773939262996275,64.35919166216893,74.20409894116383,0.94140625
140921_A_4.tiff,6002.934256055363,0.6970990230880226,75.23773529212694,104.93775909477178,0.92578125
140921_A_5.tiff,4865.60553633218,0.5726454471280815,71.76993524550184,87.54532832972669,0.93359375
140921_A_6.tiff,5215.280276816609,0.8447015815176501,59.925515483917636,111.96059608268565,0.95703125
140921_B_1.tiff,2982.3667820069204,0.7085279534798782,51.84314521586164,73.46522987931341,0.953125
140921_B_2.tiff,8592.664359861592,0.7087475118520459,88.1133383797063,124.90156674362349,0.75390625
140921_B_3.tiff,2641.1626297577855,0.7125288945929573,48.70277796415944,69.41249901152918,0.81640625
140921_B_4.tiff,2503.861591695502,0.6886030101504367,48.19193467887923,66.45893491672611,0.95703125
140921_B_5.tiff,2882.159169550173,0.6953802204575024,51.51092510451047,71.67814275550454,0.95703125
140921_B_6.tiff,5111.418685121107,0.854972242528921,58.167359593753666,112.14633281907909,0.96484375
140922_A_1.tiff,3570.214532871972,0.3939075648212427,64.70178193241071,70.3930564124995,0.93359375
140922_A_2.tiff,4550.643598615917,0.8013348774358122,59.04165705756844,98.69621416851135,0.921875
140922_A_3.tiff,4530.823529411765,0.6024230251431392,67.87601092568075,85.0387974516439,0.94140625
140922_A_4.tiff,4739.8754325259515,0.555682189288021,70.89838143598975,85.27643172106905,0.9453125
140922_A_5.tiff,4158.173010380623,0.6481942020563699,63.55260278820186,83.45986048716338,0.93359375
140922_A_6.tiff,3333.8685121107264,0.28078762813388014,63.93274315569424,66.61257195785427,0.87890625
140922_B_1.tiff,3147.017301038062,0.44658756859895055,59.89212062035386,66.93802139142471,0.9375
140922_B_2.tiff,3414.3667820069204,0.7885367261151712,51.90627748910339,84.40214366137427,0.9296875
140922_B_3.tiff,4585.245674740484,0.6377654223832797,67.08607196835864,87.0986779096005,0.97265625
140922_B_4.tiff,4829.508650519031,0.4896844601242229,73.26711064669307,84.03157908106675,0.953125
140922_B_5.tiff,4179.432525951557,0.6316594420800588,64.2963544715628,82.93671308874622,0.91015625
140922_B_6.tiff,3339.5709342560554,0.23057249930224627,64.3906870525678,66.17372831679614,0.953125
140941_A_1.tiff,4716.955017301038,0.8114651767952292,59.39424320560498,101.63272476188635,0.703125
140941_B_1.tiff,5037.896193771627,0.8861550616997524,55.13457235407154,118.98122900599624,0.98046875
140941_B_2.tiff,5273.190311418685,0.8645958443271039,58.51691862909389,116.45901065886777,0.96875
140941_B_3.tiff,4769.494809688581,0.7100537367856813,65.89489976647157,93.58110408602961,0.91796875
140941_B_4.tiff,4364.069204152249,0.8530881573906649,54.33423986447365,104.13510336641717,0.76953125
140941_B_5.tiff,5499.294117647059,0.8522446653066627,60.85687388728773,116.32923666268461,0.96484375
140941_B_6.tiff,5226.906574394464,0.8528930582551488,59.366084015511646,113.70947170146512,0.95703125
140945_A_1.tiff,3665.993079584775,0.6728230538318493,59.42053782787711,80.31935803390776,0.953125
140945_A_2.tiff,3657.1903114186853,0.7613723294861073,55.048345756456676,84.90989172280447,0.96875
140945_A_3.tiff,4671.833910034602,0.8349734281986786,57.43637545424458,104.37468960384835,0.96875
140945_A_4.tiff,5613.508650519031,0.595924230457645,76.31949061231467,95.0381391947356,0.96484375
140945_A_5.tiff,3553.7162629757786,0.6484104605519408,58.74120652479662,77.15999821666242,0.9765625
140945_A_6.tiff,3497.910034602076,0.8241080372713101,50.32884217965962,88.85229779701727,0.95703125
140945_B_1.tiff,3922.38062283737,0.7027550483074609,59.82488811234717,84.09081527306526,0.890625
140945_B_2.tiff,5204.982698961938,0.6787284123536812,70.02978153988495,95.3578369909868,0.9375
140945_B_3.tiff,7078.311418685121,0.809070609124047,73.73477157038953,125.46083875796937,0.875
140945_B_5.tiff,4563.487889273357,0.714945526834813,63.99378018552265,91.52688249586949,0.94921875
140945_B_6.tiff,3745.8823529411766,0.7048116789053951,58.4803997977354,82.43706886125543,0.8828125
140950_A_1.tiff,2198.4221453287196,0.8036503542785752,40.89083860656757,68.7123466334783,0.96484375
140950_A_2.tiff,3375.280276816609,0.844758610948543,47.98864458962156,89.67367133573727,0.94921875
140950_A_3.tiff,4010.961937716263,0.8456090150433089,52.33567838602646,98.04310066617893,0.8203125
140950_A_4.tiff,2485.1487889273358,0.8499452875415039,40.93107117814429,77.68708907519755,0.93359375
140950_A_5.tiff,3658.629757785467,0.7756594727173675,54.37194569908928,86.14719974648358,0.94140625
140950_A_6.tiff,2655.114186851211,0.8413534996874876,42.92361037152371,79.41680483125823,0.93359375
140950_B_1.tiff,2217.688581314879,0.812847226185995,40.67873446955787,69.837501883978,0.9609375
140950_B_2.tiff,3685.204152249135,0.8434395338707648,50.25370615722306,93.54328016151882,0.94921875
140950_B_3.tiff,3660.235294117647,0.8613493928603329,48.835332743651314,96.13008190888424,0.953125
140950_B_4.tiff,2603.0726643598614,0.847475251831136,42.04560060813713,79.20654826012807,0.95703125
140950_B_5.tiff,3595.6262975778545,0.7711842458920921,54.17592458928581,85.10038018374422,0.94140625
140950_B_6.tiff,2667.5709342560554,0.824436197309885,43.952569931448565,77.66090443073573,0.9375
140973_A_1.tiff,2550.2560553633216,0.726415522304489,47.526951809420034,69.15467880752307,0.97265625
140973_A_2.tiff,4586.851211072664,0.7735514579647508,61.10914768109176,96.42720200907536,0.89453125
140973_A_3.tiff,4798.560553633218,0.7613001851167482,63.11500464115934,97.33967391002221,0.90234375
140973_A_4.tiff,4769.439446366782,0.7057037511554585,65.90256505644048,93.01610569886894,0.96875
140973_A_5.tiff,5573.813148788928,0.8148847886721416,64.36813127865612,111.05172707155695,0.94140625
140973_A_6.tiff,7243.072664359862,0.842342035686326,70.73426641116316,131.24620840419783,0.9453125
140973_B_1.tiff,2560.9411764705883,0.7540030702746335,46.5338409622791,70.84168511817631,0.8046875
140973_B_2.tiff,5008.387543252596,0.7504133522604991,65.31343851901397,98.81470209695773,0.9375
140973_B_3.tiff,4696.636678200692,0.8037164145807766,59.82552723722341,100.54498524242747,0.9453125
140973_B_4.tiff,4629.480968858132,0.6897201460426301,72.6140346337103,100.28509443452663,0.94140625
140973_B_5.tiff,5537.716262975779,0.8241683814435103,63.59958386780239,112.29833707930328,0.96484375
140973_B_6.tiff,8125.951557093425,0.7848841177555351,80.70742124222778,130.24834703001653,0.7890625
140999_A_1.tiff,2137.1903114186853,0.6436088041094195,45.66924672995097,59.67070039558401,0.97265625
140999_A_2.tiff,4527.9446366782,0.8475884359574064,55.49671184259849,104.58169456417716,0.94921875
140999_A_3.tiff,4778.131487889274,0.7104635371524808,65.58222659007633,93.19178168304752,0.953125
140999_A_4.tiff,4593.826989619377,0.7266321190905101,63.68920799313972,92.70266031680728,0.96875
140999_A_5.tiff,5377.217993079585,0.7762944683128491,65.86561086055737,104.48714932379356,0.93359375
140999_A_6.tiff,4214.034602076124,0.7380403435802312,60.21670809366976,89.24211972687932,0.98046875
140999_B_1.tiff,2183.6401384083047,0.6437741310204763,46.17891537713577,60.34758988320826,0.9375
140999_B_2.tiff,4710.975778546713,0.8424507641879191,56.98772679500658,105.77310115034652,0.9609375
140999_B_3.tiff,4797.840830449827,0.6739984963932942,67.30986313397793,91.11531356866574,0.94140625
140999_B_4.tiff,4584.359861591695,0.6979733338475144,64.88983179343218,90.61259565578976,0.94140625
140999_B_5.tiff,5319.307958477509,0.7658409285925525,66.41369982773293,103.28241684546474,0.9453125
140999_B_6.tiff,4292.871972318339,0.715242521986105,61.88892331912261,88.5548988026032,0.96484375
141196_A_1.tiff,4320.166089965398,0.7263099407979419,61.59893105995158,89.61573650146178,0.92578125
141196_A_2.tiff,5150.892733564014,0.5630658729546173,73.98646940237033,89.52733967219847,0.953125
141196_A_3.tiff,4845.674740484429,0.7088765131430347,66.08976693701631,93.70014388574036,0.94921875
141196_A_4.tiff,4168.083044982699,0.672753659054489,62.76743717254678,84.8361600261686,0.9375
141196_A_5.tiff,4929.439446366782,0.5213544798458037,73.38180708360703,85.99361264069974,0.93359375
141196_A_6.tiff,6649.688581314879,0.31488691230943483,90.36858716629608,95.21210332485444,0.91796875
141196_B_1.tiff,5942.920415224913,0.5580946874922308,79.58487590372246,95.9111302109341,0.94140625
141196_B_2.tiff,4158.339100346021,0.7450844595633548,59.56881161990306,89.31256341972164,0.9609375
141196_B_3.tiff,5019.903114186851,0.709847094305489,67.22205950935545,95.43764508130278,0.94921875
141196_B_4.tiff,4310.311418685121,0.6426467531871354,64.92878283235058,84.74543350470164,0.953125
141196_B_5.tiff,4802.5467128027685,0.5266754585369002,72.31164902948542,85.06587859313633,0.9609375
141196_B_6.tiff,3474.2698961937717,0.8044647683252475,51.40539760583655,86.54101987689006,0.80859375
141252_A_1.tiff,2740.7612456747406,0.5385808238166405,54.41773111106732,64.58511734778074,0.9609375
141252_A_2.tiff,3395.044982698962,0.7570911819545005,53.23993087914306,81.49269736385243,0.83984375
141252_A_3.tiff,2920.249134948097,0.6546460690693017,53.13556975307996,70.29113952595856,0.93359375
141252_A_4.tiff,3884.899653979239,0.7361624597583024,58.367162734099615,86.2392770370675,0.8203125
141252_A_5.tiff,2510.006920415225,0.7418994315606571,46.351161245569614,69.12809673411408,0.95703125
141252_A_6.tiff,3199.3910034602077,0.8325555751290269,47.546994883300236,85.83396016421618,0.953125
141252_B_1.tiff,2771.3217993079584,0.5824481294743837,53.69645692236142,66.05803822103202,0.9609375
141252_B_2.tiff,3380.0968858131487,0.7424820726053087,53.73194048388589,80.21297638434724,0.953125
141252_B_3.tiff,2857.2456747404844,0.6528215636609632,52.61051396916207,69.4517491629143,0.91796875
141252_B_4.tiff,4167.141868512111,0.6898057897826884,62.446247264532225,86.25238320988883,0.953125
141252_B_5.tiff,2304.719723183391,0.7508810599341991,44.05677291703408,66.70847101310234,0.9296875
141252_B_6.tiff,3243.128027681661,0.8356933369630252,47.64907050217774,86.76144563208236,0.8046875
141258_A_1.tiff,1416.3598615916956,0.42232731057516815,40.49041064796963,44.669540885202466,0.96484375
141258_A_2.tiff,1705.4671280276816,0.47328891063374673,43.79216354992416,49.71256948289486,0.96484375
141258_A_3.tiff,2089.2456747404844,0.35528515275151734,50.29331506309318,53.80356920377972,0.92578125
141258_A_4.tiff,2821.4809688581313,0.6971833021299471,50.782984137524885,70.83761533599201,0.96875
141258_A_5.tiff,2868.0415224913495,0.6930525985831085,51.32074309755191,71.19110439512612,0.96484375
141258_A_6.tiff,2252.955017301038,0.5567933853652813,48.90341447432064,58.87359791101869,0.9765625
141258_B_1.tiff,1331.3771626297578,0.5236524465775582,38.14359152153702,44.77304759014664,0.95703125
141258_B_2.tiff,1755.7923875432525,0.321865625651289,46.05266274863925,48.641080297258895,0.97265625
141258_B_3.tiff,2912.885813148789,0.6967879795655662,51.76437173102078,72.16788050404614,0.9453125
141258_B_4.tiff,2837.038062283737,0.6760365960223559,51.632095755923814,70.06966289821023,0.97265625
141258_B_5.tiff,3023.446366782007,0.6734782805841723,53.37547996261438,72.20640381570668,0.98046875
141258_B_6.tiff,2299.18339100346,0.5554272857993922,49.426906745420936,59.43840863666884,0.95703125
141270_A_1.tiff,3617.2733564013843,0.8359532761243229,50.907549993134374,92.76146594888729,0.953125
141270_A_2.tiff,3660.1245674740485,0.8336551128994862,51.36412785636806,93.00287265426263,0.9609375
141270_A_3.tiff,3792.2768166089963,0.8202509288345778,52.96146582263701,92.58935069654619,0.9453125
141270_A_4.tiff,2209.0519031141866,0.7229882893783092,44.21383595629954,63.99823077807758,0.9609375
141270_A_5.tiff,3191.806228373702,0.709898270658629,53.78936614985353,76.37234596311616,0.97265625
141270_A_6.tiff,2215.750865051903,0.8754162983181202,37.59121278572376,77.76906526838286,0.97265625
141270_B_1.tiff,2720.332179930796,0.8447774084281899,43.56495475948279,81.41188614796685,0.94921875
141270_B_2.tiff,3787.681660899654,0.7965794215498838,54.57807518436172,90.28124975646793,0.94921875
141270_B_3.tiff,4493.4532871972315,0.8183226813166421,57.94876884183777,100.82271303841877,0.78515625
141270_B_4.tiff,2251.294117647059,0.6854978167675012,46.0538310599223,63.254267962892634,0.94140625
141270_B_5.tiff,2996.5951557093426,0.7030120236694042,52.24671427594603,73.4650355030308,0.96875
141270_B_6.tiff,2402.712802768166,0.8712566028315262,39.280667937352256,80.02942724833119,0.96875
141317_A_1.tiff,3224.0276816609,0.6879324720312187,54.83460188705351,75.5532012225545,0.94140625
141317_A_2.tiff,4935.750865051903,0.6581938643311288,68.81937038558526,91.41197999929024,0.96875
141317_A_3.tiff,5026.3806228373705,0.39795196982869874,76.71090357703658,83.61715813264408,0.96484375
141317_A_4.tiff,8901.038062283737,0.7329581257207919,87.9101050603136,129.22754114124695,0.9609375
141317_A_5.tiff,5508.3737024221455,0.7804443095248741,66.4599044397757,106.29752843060483,0.96875
141317_A_6.tiff,5183.667820069204,0.7259098126706909,67.47211797300585,98.09989673252689,0.9765625
141317_B_1.tiff,3479.363321799308,0.6324110655560705,58.79668407053304,75.90263525572286,0.92578125
141317_B_2.tiff,4865.937716262976,0.6619746276700411,68.18235064508946,90.96726242346999,0.97265625
141317_B_3.tiff,4931.432525951557,0.4417302084150823,75.15350297604374,83.76935372424022,0.9765625
141317_B_4.tiff,8854.588235294117,0.736722243074708,87.37646104762946,129.2177524623024,0.96875
141317_B_5.tiff,5684.152249134948,0.7745440757754488,67.84113401215457,107.2553285776133,0.97265625
141317_B_6.tiff,5253.868512110726,0.6926023509799638,69.61731422039261,96.51382412359517,0.9765625
141357_A_1.tiff,3816.304498269896,0.7413905798775916,57.15045456407223,85.16270030270914,0.86328125
141357_A_2.tiff,3686.2560553633216,0.7425938021354427,56.11187225309826,83.78131593105876,0.96484375
141357_A_3.tiff,4103.252595155709,0.7157232437638913,60.45743697758144,86.5676122471757,0.95703125
141357_A_4.tiff,3852.567474048443,0.6144545991133755,62.27651141128993,78.93572364059094,0.95703125
141357_A_6.tiff,3584.6643598615915,0.7882826965155042,53.02613043663632,86.1774564490069,0.9765625
141357_B_1.tiff,3943.6401384083047,0.7615197641181585,57.091534764692035,88.08496003984698,0.97265625
141357_B_2.tiff,8415.335640138408,0.8549563401319303,74.95163046262682,144.49900739011974,0.859375
141357_B_3.tiff,4040.470588235294,0.7338471882480453,59.17799062757499,87.11426488461976,0.9609375
141370_A_3.tiff,2249.1349480968856,0.5349916198193022,49.22539996783004,58.26474624399184,0.94140625
141370_B_4.tiff,2315.4048442906574,0.5182097649091681,50.25697329092982,58.76265947943395,0.92578125
141370_B_6.tiff,2361.1903114186853,0.5500460574844165,50.159954236039866,60.06213965291886,0.94921875
141377_A_1.tiff,3530.076124567474,0.8232197798469032,50.55359730031224,89.0462669667046,0.97265625
141377_A_2.tiff,3420.5121107266436,0.7569679106850725,53.81149086549062,82.34956311059169,0.87890625
141377_A_3.tiff,2978.214532871972,0.8390965808857214,45.48311089316325,83.61135400512669,0.9375
141377_A_4.tiff,4204.512110726643,0.8355291504505387,54.40255275995796,99.01344423575222,0.9609375
141377_A_5.tiff,3668.871972318339,0.6990126052082194,57.90254868932576,80.97020260644608,0.94921875
141377_A_6.tiff,2421.093425605536,0.7523304594460897,45.18358734450923,68.58614675950217,0.9453125
141377_B_4.tiff,4571.072664359862,0.8467567499473597,56.27009180579491,105.77477230524627,0.90234375
141377_B_6.tiff,2538.463667820069,0.7406291408735293,46.659148665199574,69.4421398616025,0.9609375
141380_A_1.tiff,4583.031141868512,0.6760889963231385,65.69838715243533,89.1647753526571,0.96875
141380_A_3.tiff,3809.9377162629758,0.6590635152360164,60.432269369061075,80.35273384851327,0.97265625
141380_A_4.tiff,5060.0415224913495,0.6826176856529194,68.90592355617045,94.29148423152402,0.9765625
141380_A_5.tiff,5305.079584775087,0.7324861805329211,68.0137251458874,99.90530763049416,0.96875
141380_B_2.tiff,5166.228373702422,0.6397093049465842,71.77323197084235,93.37971614930126,0.93359375
141382_A_1.tiff,4874.242214532872,0.6449414286673857,69.0059844569422,90.29454960608129,0.96875
141382_A_2.tiff,5188.81660899654,0.5007619069535807,75.73250523565974,87.49285067874372,0.9765625
141382_A_3.tiff,3279.446366782007,0.7306367135481273,53.470145627660656,78.31396444206847,0.9609375
141382_A_4.tiff,4269.121107266436,0.5069987639269904,68.50452143941405,79.47650939112053,0.79296875
141382_A_5.tiff,6691.100346020761,0.8297813901434062,69.27001161551249,124.1201059495245,0.953125
141382_A_6.tiff,3612.78892733564,0.6098679228782333,60.499781766322755,76.3401228632992,0.97265625
141382_B_1.tiff,5088.221453287198,0.6363561278125583,70.80397658856566,91.78687825871125,0.9609375
141382_B_2.tiff,5565.785467128027,0.508736635985009,78.33362847757054,90.98804565352867,0.9765625
141382_B_3.tiff,3187.4878892733564,0.7499461784720354,51.900411180038816,78.45880779686048,0.96484375
141382_B_4.tiff,4114.7128027681665,0.5246682320240849,66.8204767504626,78.49165276021441,0.96484375
141382_B_5.tiff,6609.107266435986,0.8333044454863507,68.54126162760646,123.98604002365897,0.9765625
141382_B_6.tiff,3497.4671280276816,0.5883651953592491,60.19337747069234,74.4419065197905,0.96875
141390_A_1.tiff,4495.058823529412,0.8535704477886811,54.71665286410235,105.02691459858909,0.96875
141390_A_2.tiff,5705.079584775087,0.8546475448455585,61.87638502363652,119.17442159151383,0.9765625
141390_A_3.tiff,4487.363321799308,0.8733017002788607,52.86616416570013,108.51469228711798,0.96484375
141390_A_4.tiff,4655.557093425606,0.8680740725944496,54.40065887373624,109.58270973504943,0.9765625
141390_A_5.tiff,5571.764705882353,0.8417857666530327,62.11747006350641,115.07246797968911,0.97265625
141390_A_6.tiff,4144.608996539792,0.7792076818076727,58.00026481263568,92.53897276251367,0.96484375
141390_B_1.tiff,4814.837370242214,0.8366866954338056,58.007943739206155,105.91540898533545,0.953125
141390_B_2.tiff,5495.141868512111,0.8552654222507416,60.736490338246206,117.20888057016006,0.73046875
141390_B_3.tiff,4324.595155709342,0.8575325000126475,53.32959478451651,103.66739166542729,0.94921875
141390_B_4.tiff,4454.256055363322,0.8806608695765193,51.995620764954595,109.75393219688402,0.95703125
141390_B_5.tiff,5308.01384083045,0.8599241895477782,58.95321567660007,115.49902175530163,0.96484375
141390_B_6.tiff,4080.9411764705883,0.7984171944351659,56.505064543966505,93.84592290402941,0.765625
141418_A_1.tiff,3046.9204152249135,0.7026198747638505,52.57535915571256,73.88689713334642,0.828125
141418_A_2.tiff,8882.823529411764,0.7767897395258336,85.34308199908072,135.51682764235048,0.9140625
141418_A_3.tiff,3187.4878892733564,0.6975130578270687,54.012542583859435,75.37628761351658,0.96875
141418_A_4.tiff,4247.750865051903,0.7640828272053035,59.11339591600281,91.63189023660887,0.96484375
141418_A_5.tiff,3541.6470588235293,0.7421865407609874,55.016830569011006,82.09098137713484,0.9609375
141418_A_6.tiff,3539.21107266436,0.7588899609603975,54.23414774011257,83.28098211913495,0.9765625
141418_B_1.tiff,2972.899653979239,0.686691565926091,52.490042956861785,72.2059603498759,0.97265625
141418_B_2.tiff,3817.3564013840833,0.7667111009292906,55.90393316968272,87.07882462498965,0.97265625
141418_B_3.tiff,2915.044982698962,0.6466910379293817,53.377693449276386,69.98039915245387,0.9609375
141418_B_4.tiff,4218.6297577854675,0.7831161056840296,57.81012323129545,92.96092413116793,0.94921875
141418_B_5.tiff,3475.3217993079584,0.7479159821944219,54.22469358646084,81.6891117568523,0.95703125
141418_B_6.tiff,3321.688581314879,0.7659746067378899,52.19752523308354,81.1944218623884,0.97265625
141493_A_1.tiff,5883.515570934256,0.6648525253240526,75.12825617509714,100.57671532130944,0.96875
141493_A_2.tiff,2936.636678200692,0.6909219292865953,52.219356905836214,72.23299867494154,0.9765625
141493_A_3.tiff,4235.681660899654,0.7978014935991784,57.17642846140777,94.83249646388985,0.96875
141493_A_4.tiff,5568.0,0.7316343920170023,69.76427644408342,102.33909299701544,0.98046875
141493_A_5.tiff,4585.688581314879,0.7472121810625205,62.45904492358968,93.98194814364439,0.9765625
141493_A_6.tiff,6246.975778546713,0.7606944014327236,71.89125886871662,110.75355298071483,0.97265625
141493_B_1.tiff,5972.484429065744,0.7582405864524618,70.5391889292499,108.1931124544084,0.97265625
141493_B_2.tiff,2793.7993079584776,0.7243073949919168,49.729647884246745,72.12660331530515,0.94140625
141493_B_3.tiff,4445.951557093425,0.7819788055674269,59.48679397193672,95.43769436666041,0.95703125
141493_B_4.tiff,5055.833910034602,0.7694080864756083,64.24335203682804,100.57548896265837,0.97265625
141493_B_5.tiff,4113.273356401384,0.759756396906964,58.50059668050415,89.97215092746603,0.9609375
141493_B_6.tiff,5950.283737024221,0.7891604596392906,68.31429254285537,111.22717294826566,0.94140625
141536_A_1.tiff,2159.0034602076125,0.6931128543207806,44.57141206880543,61.833537154016604,0.9296875
141536_A_2.tiff,3013.59169550173,0.7311775432579222,51.21809151703645,75.07923070795654,0.94921875
141536_A_3.tiff,2762.1314878892736,0.2895666535788337,58.05010991548414,60.64841845088352,0.953125
141536_A_4.tiff,1540.9826989619378,0.6434083063187757,38.807047836598755,50.693497525755916,0.94921875
141536_A_5.tiff,2397.785467128028,0.5219384548106922,51.095060931836414,59.901606614587315,0.92578125
141536_A_6.tiff,2993.3287197231834,0.5064095146228768,57.336745378560984,66.49333604772671,0.93359375
141536_B_1.tiff,2109.176470588235,0.6970748755986356,43.95729910535735,61.3073932365437,0.95703125
141536_B_2.tiff,3137.6608996539794,0.7301100418787505,52.31069930370441,76.55266239202263,0.93359375
141536_B_3.tiff,2878.173010380623,0.3221125161920863,58.9843124099038,62.305086762988836,0.9375
141536_B_4.tiff,1804.01384083045,0.6378770673088004,42.16750574965201,54.75316735765812,0.8828125
141536_B_5.tiff,2264.470588235294,0.39949506162907544,51.4453619836207,56.11800851091872,0.953125
141536_B_6.tiff,3009.3287197231834,0.5619383263108355,56.3223271201614,68.0896372984513,0.9375
141537_A_1.tiff,2392.470588235294,0.6864790894280604,47.16657344920802,64.86502510911961,0.93359375
141537_A_2.tiff,2694.5328719723184,0.7370693914496448,48.31485253169578,71.4910212718031,0.9453125
141537_A_3.tiff,3334.477508650519,0.8011399245081007,50.48857948200317,84.36175877264603,0.76171875
141537_A_4.tiff,3045.6470588235293,0.8230153116407898,47.102072953460564,82.92338363055944,0.9375
141537_A_5.tiff,6108.069204152249,0.4740762631158779,83.39358349709369,94.71336651340405,0.96875
141537_A_6.tiff,2389.259515570934,0.6966769569792537,46.733565768666736,65.14433212916819,0.90234375
141537_B_1.tiff,2217.2456747404844,0.6747807534820893,45.879843234544076,62.1662720998719,0.953125
141537_B_2.tiff,2581.9792387543253,0.7424469854427811,47.027419100973084,70.2001499098633,0.96484375
141537_B_3.tiff,3194.076124567474,0.7803357109849082,50.5359593550044,80.81087950287863,0.953125
141537_B_4.tiff,3076.871972318339,0.822298605937609,47.40732014483841,83.30867308067731,0.953125
141537_B_5.tiff,6146.103806228373,0.5314592050003658,81.85152997847987,96.62741923399508,0.96875
141537_B_6.tiff,2326.2006920415224,0.7316606575190011,44.9687593924526,65.96861035186978,0.953125
141568_B_2.tiff,5213.176470588235,0.7744491696777941,64.92497763774257,102.62609689657371,0.95703125
141568_B_3.tiff,5140.871972318339,0.7728112270854404,64.54515000811597,101.7042109655395,0.9765625
141568_B_4.tiff,3974.311418685121,0.7386266610347387,58.5206402166779,86.8110997841581,0.92578125
141568_B_5.tiff,4333.065743944637,0.8486485331916063,54.15686173997599,102.38421332289126,0.96875
141568_B_6.tiff,4055.916955017301,0.7788974210756647,56.9950651862232,90.87928423069103,0.95703125
141571_A_1.tiff,4171.570934256056,0.8018675723930522,56.450832282671335,94.47809638564732,0.94921875
141571_A_2.tiff,3923.8200692041523,0.7063411942758113,59.619687728119956,84.22388011327831,0.97265625
141571_A_3.tiff,3922.2698961937717,0.5553303188386363,64.56957572032618,77.64220384837151,0.96875
141571_A_4.tiff,4333.231833910035,0.7945369336571759,58.289754307556215,95.99511685389659,0.9765625
141571_A_5.tiff,3712.885813148789,0.7256142663225554,57.21693792161717,83.15186361133772,0.96875
141571_A_6.tiff,2524.955017301038,0.7510060844121109,46.23529563168697,70.02215039177902,0.97265625
141571_B_1.tiff,4158.782006920415,0.7906991271280512,57.092990446318204,93.2579706222751,0.60546875
141571_B_2.tiff,3873.7716262975778,0.7157017210210246,58.800255895500335,84.19207384386891,0.8203125
141571_B_3.tiff,3938.38062283737,0.6112628003501231,63.12486386243733,79.76074711488553,0.94921875
141571_B_4.tiff,4385.217993079585,0.7932013436129828,58.81729652217855,96.5865546451798,0.97265625
141571_B_5.tiff,3850.1314878892736,0.7168988037261393,58.60058688871139,84.05407327101031,0.9375
141571_B_6.tiff,2679.9723183391,0.7522588240970431,47.52005218786391,72.1238138421784,0.9609375
141575_A_1.tiff,4981.923875432526,0.6760736825784295,68.55031612938289,93.03359250325536,0.9453125
141575_A_2.tiff,7459.7093425605535,0.7690791283299042,78.3491248038738,122.58262752985833,0.95703125
141575_A_3.tiff,5162.186851211072,0.7769250080318203,64.39859116910282,102.2860419985805,0.9296875
141575_A_4.tiff,5649.993079584775,0.8033622420952573,65.71630516557329,110.35657024302148,0.9375
141575_A_5.tiff,6303.003460207612,0.7673642704092928,71.89582529657211,112.1249931136851,0.9296875
141575_A_6.tiff,3173.536332179931,0.45737358362155783,60.011550848586836,67.48370796079298,0.9375
141575_B_1.tiff,5082.35294117647,0.675651964174851,69.28392857612795,93.97989580788341,0.96484375
141575_B_2.tiff,7234.989619377163,0.781285230551448,76.40239581166296,122.4055721455782,0.9609375
141575_B_3.tiff,4788.2076124567475,0.7984893676291897,60.64049919308588,100.7302350731471,0.953125
141575_B_4.tiff,5860.429065743944,0.8112963591266026,66.27125142071316,113.35489388617533,0.953125
141575_B_5.tiff,6106.186851211072,0.7273707324292226,73.1744830827007,106.63030374475696,0.94140625
141575_B_6.tiff,3330.657439446367,0.3628051676029805,62.91810025665183,67.51847004926366,0.9375
141586_A_1.tiff,3782.5328719723184,0.7485440286703914,56.66531384815479,85.45707732919519,0.96875
141586_A_2.tiff,3890.823529411765,0.5507810094900649,64.59707805699684,77.39422986360682,0.9296875
141586_A_3.tiff,5945.356401384083,0.5207095432004124,81.48037128305639,95.44000924036229,0.96875
141586_A_4.tiff,3738.740484429066,0.46871137148537695,65.13319844485154,73.7341904362503,0.97265625
141586_A_5.tiff,3417.4117647058824,0.7051005755970681,55.83203698298931,78.73566684359973,0.96875
141586_A_6.tiff,3923.100346020761,0.5796112824773114,63.999618801020915,78.5374412365874,0.96875
141586_B_1.tiff,3929.7993079584776,0.7888503004063203,59.08931171514384,96.14499876545864,0.93359375
141586_B_2.tiff,3657.4117647058824,0.5463472885541173,62.68785426989836,74.84591992770156,0.94140625
141586_B_3.tiff,5307.23875432526,0.5407775548035908,76.61515118061844,91.08212153777079,0.95703125
141586_B_4.tiff,3667.8754325259515,0.5114891193873501,63.54700443092283,73.95294097260384,0.90625
141586_B_5.tiff,3495.861591695502,0.8960173525301574,58.50127233342478,131.75397369146913,0.96875
141586_B_6.tiff,4112.0,0.6202333429619259,64.36885991502682,82.05945317381492,0.97265625
141589_A_1.tiff,5092.3737024221455,0.5219553754150352,74.68520591784396,87.55871993370253,0.93359375
141589_A_2.tiff,4138.020761245674,0.6059604875310088,64.75035059000913,81.39632736434618,0.93359375
141589_A_3.tiff,2431.7231833910037,0.7324928507615226,45.95931090115037,67.51030751154757,0.9609375
141589_A_4.tiff,2840.6920415224913,0.7517420457428979,48.87228312772367,74.10985522546316,0.96875
141589_A_5.tiff,4360.747404844291,0.5224433125083654,68.81915972420374,80.70981180452976,0.94921875
141589_A_6.tiff,4641.051903114187,0.18706697455430624,76.45968018330933,77.83366525343989,0.96484375
141589_B_1.tiff,5232.166089965398,0.5195732123015114,75.738269519435,88.64228774732177,0.97265625
141589_B_2.tiff,4053.038062283737,0.6126177844612198,63.8850555351583,80.82835027001293,0.9765625
141589_B_3.tiff,2356.982698961938,0.7551680415294644,44.38818968863159,67.71330765232933,0.96875
141589_B_4.tiff,2938.8512110726642,0.745117529563597,49.980158152538145,74.9402783072181,0.94921875
141589_B_5.tiff,4321.162629757786,0.602580236828337,66.3178656399437,83.09902324707083,0.95703125
141589_B_6.tiff,4441.57785467128,0.30525790682737564,73.57249172915272,77.26014023296379,0.96875
141598_A_1.tiff,3333.1487889273358,0.6812034330110663,55.794958693141886,76.21281592662592,0.9609375
141598_A_2.tiff,3811.9861591695503,0.7407727396961572,57.13268388139403,85.04979136259372,0.9609375
141598_A_3.tiff,3738.961937716263,0.6286166989113249,60.87307981694511,78.27167850582941,0.97265625
141598_A_4.tiff,4533.813148788928,0.6725849208790402,65.49184743308274,88.50011079315782,0.96484375
141598_A_5.tiff,2909.287197231834,0.5578561080662948,55.49311768285461,66.86419789935503,0.95703125
141598_A_6.tiff,3902.560553633218,0.7578095180640273,57.0144916600738,87.38176546099832,0.9609375
141598_B_1.tiff,3386.6851211072662,0.6769801750079059,56.381394085282935,76.60502471653274,0.9765625
141598_B_2.tiff,3966.3391003460206,0.7464257799180823,58.01160204905974,87.1740539880997,0.88671875
141598_B_3.tiff,3921.0519031141866,0.6132772436621665,62.82272932206678,79.53575942326168,0.9453125
141598_B_4.tiff,4401.660899653979,0.697705104879652,63.46538940731668,88.59116548560522,0.9453125
141598_B_5.tiff,2820.484429065744,0.5607558472394971,54.570765085976376,65.90821699705903,0.9375
141598_B_6.tiff,3885.2318339100348,0.7627860457158253,56.60831453234552,87.54075860151328,0.96875
141611_A_1.tiff,6534.975778546713,0.8219623116406033,69.49269854860827,122.01507990066442,0.76953125
141611_A_2.tiff,5820.78892733564,0.8019034696006989,66.85200769059337,111.89489141413914,0.91015625
141611_A_3.tiff,5358.117647058823,0.783201948811059,65.2187862692873,104.89257819215197,0.98046875
141611_A_4.tiff,5271.861591695501,0.8092909167397506,62.94014048037252,107.14892475094314,0.96484375
141611_A_5.tiff,5150.173010380623,0.7909166462389841,64.78707770116856,105.87440327267004,0.94140625
141611_A_6.tiff,5852.567474048443,0.8639572080514617,61.624219606396174,122.37584272602857,0.9609375
141611_B_1.tiff,6703.723183391004,0.8134755474124764,71.07705075486768,122.20969493631374,0.97265625
141611_B_2.tiff,5604.650519031142,0.8126171956893845,64.94384431608874,111.43460499490519,0.97265625
141611_B_3.tiff,5310.006920415225,0.7786735093522329,65.2229716906171,103.95269782927461,0.94921875
141611_B_4.tiff,5021.342560553633,0.7884014691610977,63.03685159354986,102.47211050643762,0.94140625
141611_B_5.tiff,4888.525951557093,0.8214330974669599,59.73874474710188,104.74878596033153,0.9609375
141611_B_6.tiff,6024.913494809689,0.8568529614923105,63.31108005836031,122.80039997225246,0.96484375
141625_A_1.tiff,5516.069204152249,0.781050571483772,66.44249099065834,106.39858999058345,0.9765625
141625_A_2.tiff,5410.103806228373,0.7339167356371687,68.60958614726763,101.00942538040825,0.96875
141625_A_3.tiff,3919.446366782007,0.6932495018065551,59.991613603190984,83.24102642607184,0.97265625
141625_A_4.tiff,5954.602076124567,0.5337812859122915,80.31294892044095,94.97493482923508,0.92578125
141625_A_5.tiff,3023.889273356401,0.5323900336247354,57.26720914538689,67.65181926194384,0.92578125
141625_A_6.tiff,3590.8096885813147,0.7966286254479481,52.635904956653974,87.07791557828322,0.96875
141625_B_1.tiff,5652.2076124567475,0.7627856096719153,68.48291968323073,105.90391219570904,0.95703125
141625_B_2.tiff,5301.480968858132,0.7519544116055247,66.85759419847966,101.41999638671953,0.94921875
141625_B_3.tiff,3947.349480968858,0.6972335743757575,60.03283333374397,83.74602008763917,0.9609375
141625_B_4.tiff,5079.307958477509,0.6761782958761338,69.10324930026722,93.7962305357032,0.984375
141625_B_5.tiff,3495.031141868512,0.6702573603497283,58.24036100183664,78.47743611401454,0.9375
141625_B_6.tiff,3655.031141868512,0.7861535266576426,53.66916027204676,86.83890954070286,0.98046875
141636_A_1.tiff,3630.6712802768166,0.7568437423098203,55.053354095021156,84.23149130297307,0.95703125
141636_A_2.tiff,3962.961937716263,0.7305387494361727,59.18763149631822,86.6746579769347,0.97265625
141636_A_3.tiff,3406.7266435986157,0.7731449594456472,52.4794051256785,82.74515348676384,0.9609375
141636_A_4.tiff,3127.9723183391,0.7872281394567612,49.60919085135935,80.44796284842087,0.97265625
141636_A_5.tiff,2374.1453287197232,0.688922503563471,46.867931129253925,64.66013758072764,0.953125
141636_A_6.tiff,3501.287197231834,0.7325758751295453,55.16258146869695,81.03976235107213,0.9609375
141636_B_1.tiff,3950.2283737024222,0.7313366450254365,58.66018022930348,86.00989459864478,0.9375
141636_B_2.tiff,3718.6435986159167,0.7501320862164212,56.034447652412254,84.73531268653487,0.97265625
141636_B_3.tiff,3572.81660899654,0.7694423877211437,53.953717232773855,84.472126105627,0.97265625
141636_B_4.tiff,3237.3148788927338,0.7658730032682916,51.548759003784276,80.17015694116706,0.94921875
141636_B_5.tiff,2360.80276816609,0.6689064586884836,47.302353049903004,63.63431786625257,0.96484375
141636_B_6.tiff,3548.899653979239,0.7440689086551749,55.067624883412805,82.42386984977222,0.97265625
141684_A_1.tiff,1296.9965397923875,0.5910336359291634,36.567655113579725,45.33291400960541,0.92578125
141684_A_2.tiff,2912.6643598615915,0.7509738982044946,49.61838778525448,75.1415895226534,0.96875
141684_A_3.tiff,2392.470588235294,0.6864790894280604,47.16657344920802,64.86502510911961,0.93359375
141684_A_4.tiff,2694.5328719723184,0.7370693914496448,48.31485253169578,71.4910212718031,0.9453125
141684_A_5.tiff,3334.477508650519,0.8011399245081007,50.48857948200317,84.36175877264603,0.76171875
141684_A_6.tiff,3045.6470588235293,0.8230153116407898,47.102072953460564,82.92338363055944,0.9375
141684_B_1.tiff,6108.069204152249,0.4740762631158779,83.39358349709369,94.71336651340405,0.96875
141684_B_2.tiff,2389.259515570934,0.6966769569792537,46.733565768666736,65.14433212916819,0.90234375
141684_B_3.tiff,2217.2456747404844,0.6747807534820893,45.879843234544076,62.1662720998719,0.953125
141684_B_4.tiff,2581.9792387543253,0.7424469854427811,47.027419100973084,70.2001499098633,0.96484375
141684_B_5.tiff,3194.076124567474,0.7803357109849082,50.5359593550044,80.81087950287863,0.953125
141684_B_6.tiff,3076.871972318339,0.822298605937609,47.40732014483841,83.30867308067731,0.953125
141695_A_1.tiff,3460.3737024221455,0.5805451528747818,59.94208297669369,73.6182972473311,0.9140625
141695_A_2.tiff,3328.6089965397923,0.7326606187062354,53.84752785759692,79.118409480317,0.91796875
141695_A_3.tiff,2881.993079584775,0.68285820114327,51.802347065092306,70.9086035903607,0.9375
141695_A_4.tiff,2196.484429065744,0.7623387875064641,42.729386828083,66.02414814441555,0.92578125
141695_A_6.tiff,2782.8927335640137,0.7128221604468373,49.90784157035953,71.16020477706893,0.91796875
141695_B_1.tiff,2788.7612456747406,0.6740110260561737,51.239438739680374,69.3623424524277,0.91796875
141695_B_2.tiff,3286.8650519031144,0.7386634086318224,53.85779388350288,79.89888002808631,0.6640625
141695_B_3.tiff,2914.4359861591697,0.6841706009128933,52.08628919203842,71.4174106134589,0.6875
141695_B_4.tiff,2285.065743944637,0.7461009973725423,44.10240963957942,66.2364642103276,0.953125
141695_B_5.tiff,1675.6262975778548,0.7165017557875443,38.65821348307128,55.41718575675555,0.9375
141695_B_6.tiff,2464.498269896194,0.7690928181659733,44.82993368889704,70.141341262721,0.9375
141701_A_1.tiff,2969.0242214532873,0.7470444551084041,50.810591390051236,76.43287043114124,0.9375
141701_A_2.tiff,1913.5778546712802,0.7571998262336099,39.939817807662315,61.14641605079026,0.96875
141701_A_3.tiff,2794.0207612456747,0.7686495616140574,47.79344742891915,74.71577392230279,0.96875
141701_A_4.tiff,3033.4117647058824,0.7343078336523021,51.222937238802544,75.4591676556956,0.9765625
141701_A_5.tiff,2845.508650519031,0.7337520041954942,49.65163449120485,73.07972223286099,0.93359375
141701_A_6.tiff,2223.446366782007,0.4417992614047402,50.46350457306366,56.250942713528616,0.97265625
141701_B_1.tiff,3056.387543252595,0.7261566831166821,51.84915988309275,75.41375116132221,0.96875
141701_B_2.tiff,1872.4429065743946,0.7718089445534914,38.97316560027608,61.29258378723042,0.96484375
141701_B_3.tiff,2852.0968858131487,0.7661919804499469,48.41066636444832,75.33423887171323,0.9609375
141701_B_4.tiff,3108.318339100346,0.7313457127585581,51.98369843717214,76.22165755474765,0.96875
141701_B_5.tiff,2750.4498269896194,0.7365851857433013,48.69465783809415,71.99679680212935,0.96484375
141701_B_6.tiff,2297.0242214532873,0.46822706620104015,50.9041358451219,57.609398644373,0.97265625
141713_A_1.tiff,3535.778546712803,0.7880366560215906,52.713124154519214,85.62491752827911,0.96484375
141713_A_2.tiff,2864.6643598615915,0.6909678711764449,51.40899065311599,71.11637025775408,0.9765625
141713_A_3.tiff,2727.529411764706,0.6519030856422939,51.35430937544817,67.72274049286341,0.953125
141713_A_4.tiff,3177.6332179930796,0.7915821670420443,49.82241765325363,81.53404609960377,0.96875
141713_A_5.tiff,2577.4948096885814,0.7811038590427261,45.44100337725249,72.77533906102306,0.96875
141713_A_6.tiff,2801.2733564013843,0.6179537375184402,53.00997777003894,67.42432302720965,0.95703125
141713_B_1.tiff,3690.795847750865,0.8008848101811966,53.09577933543824,88.66757606365002,0.96484375
141713_B_2.tiff,2947.7093425605535,0.700829210106958,51.79292307383912,72.60733144660398,0.875
141713_B_3.tiff,2668.8442906574396,0.7032403890477464,49.28355839527578,69.3205001330882,0.94140625
141713_B_4.tiff,3417.522491349481,0.7744074718310334,52.573516116120096,83.09559255949422,0.95703125
141713_B_5.tiff,2661.9792387543253,0.7717627321356946,46.56417529373326,73.2244054962488,0.90625
141713_B_6.tiff,2841.3564013840833,0.6845640485157429,51.41018760948656,70.52609369223768,0.97265625
141716_A_1.tiff,3028.650519031142,0.6043591574771068,55.67359834081386,69.87920156342301,0.9765625
141716_A_2.tiff,2616.9134948096885,0.6631807636224685,50.018368063166314,66.82844377846062,0.9453125
141716_A_3.tiff,3315.4878892733564,0.6916168056127716,55.269944502999735,76.52312225974252,0.95703125
141716_A_4.tiff,2564.2629757785467,0.4881434628807855,53.54707675713992,61.35348537954895,0.95703125
141716_A_5.tiff,1665.107266435986,0.270634075153414,45.28332346870425,47.038699886021426,0.9453125
141716_A_6.tiff,3152.9411764705883,0.7270951052653175,52.51798447253722,76.49697490988918,0.9296875
141716_B_1.tiff,3206.8096885813147,0.6759725700463409,55.47885849681611,75.28408482824811,0.9296875
141716_B_2.tiff,2480.387543252595,0.6749517977805536,48.34949657203777,65.52649158418143,0.9375
141716_B_3.tiff,3191.2525951557095,0.6900839987285066,54.327680401234076,75.06630130450142,0.95703125
141716_B_4.tiff,2323.4878892733564,0.4478498860881726,51.59434618067865,57.70477634630607,0.95703125
141716_B_5.tiff,1522.4359861591695,0.26898519439287,43.248623527786215,44.90357571710013,0.96484375
141716_B_6.tiff,2929.2179930795846,0.7392786464692025,50.15468907986455,74.47982694614736,0.91015625
141728_A_1.tiff,5987.930795847751,0.7643262113953386,70.24928284155055,108.94236780015012,0.93359375
141728_A_3.tiff,4909.785467128027,0.857209783205893,56.792592464495186,110.28386702605405,0.93359375
141728_A_4.tiff,3941.093425605536,0.8423152311444866,52.050565989089165,96.57141882694188,0.9296875
141728_A_6.tiff,4121.024221453287,0.8087574108288572,55.70514466567769,94.71370753459543,0.92578125
141728_B_1.tiff,5918.449826989619,0.7660589301905987,69.72529263348558,108.47621277935967,0.96875
141728_B_3.tiff,4934.643598615917,0.8611466885798605,56.56618383515381,111.27265688677164,0.95703125
141728_B_4.tiff,3836.899653979239,0.850477795610668,50.72388799212648,96.43123973731815,0.9609375
141728_B_6.tiff,4170.40830449827,0.810956316731963,55.90443678690252,95.54571264736602,0.94921875
141740_A_1.tiff,1540.484429065744,0.3870373867105092,42.63392924003976,46.23749350070338,0.953125
141740_A_2.tiff,3100.567474048443,0.6702205736638207,54.160558885806516,72.97673745493111,0.9609375
141740_A_3.tiff,1469.287197231834,0.2564644470585132,42.57346692613486,44.046666487513654,0.94921875
141740_A_4.tiff,1696.5536332179931,0.526383182651851,42.88016523243592,50.43257074769902,0.97265625
141740_A_5.tiff,4080.221453287197,0.820850758629799,54.51299277618374,95.44547928378604,0.9765625
141740_A_6.tiff,1396.9273356401384,0.46189319976987636,39.78151598049523,44.85276965848044,0.9609375
141740_B_1.tiff,1351.750865051903,0.5358681835337566,38.13404995878247,45.166380514332815,0.96875
141740_B_2.tiff,2919.031141868512,0.739437149209767,50.11944847553222,74.44673644955138,0.9609375
141740_B_3.tiff,1522.546712802768,0.35489983111278944,42.622554188431934,45.5902841952672,0.95703125
141740_B_4.tiff,1820.2906574394465,0.4493118700265566,45.57080324570054,51.009715508494885,0.96484375
141740_B_5.tiff,4414.062283737024,0.8112425226172442,57.36954780022736,98.11627269197675,0.9453125
141740_B_6.tiff,1371.4602076124568,0.44082386204238566,39.631119890659996,44.15263056058976,0.94140625
141754_A_1.tiff,4035.4878892733564,0.7711550132099433,57.247634202797514,89.92046747493242,0.96875
141754_A_2.tiff,3634.657439446367,0.7342533683375954,56.077782750271936,82.60392357084427,0.97265625
141754_A_3.tiff,6240.0553633218,0.5816109337146795,80.50636576799502,98.96695985462313,0.9609375
141754_A_4.tiff,2434.214532871972,0.5585634480508403,50.81114153242499,61.25796468146776,0.96875
141754_A_5.tiff,4614.034602076124,0.7706533495281853,61.19735478891547,96.0328188600641,0.9765625
141754_A_6.tiff,3604.484429065744,0.36612438696163224,65.37286665036092,70.250656269651,0.97265625
141754_B_1.tiff,4199.363321799308,0.7660900913562584,58.686558445917896,91.30780555937804,0.95703125
141754_B_2.tiff,3790.5051903114186,0.7219448120279296,57.83332146240495,83.58012567335335,0.94140625
141754_B_3.tiff,6088.304498269897,0.5805011774708263,79.55302434161538,97.69985288926875,0.9765625
141754_B_4.tiff,2717.785467128028,0.40728810999964393,56.41298349084574,61.76831294695536,0.94140625
141754_B_5.tiff,4721.550173010381,0.753832922909727,62.87688598728249,95.69338805565097,0.953125
141754_B_6.tiff,3752.5259515570933,0.3818974368393759,66.50093512293732,71.95476752638436,0.90625
141770_A_1.tiff,5813.923875432526,0.8361781841003778,64.1954450956731,117.047174665481,0.95703125
141770_A_2.tiff,6074.961937716263,0.832700499337133,66.20486808059752,119.56301363397633,0.9453125
141770_A_3.tiff,2873.4117647058824,0.7756249174178573,48.1055790511412,76.21360737756326,0.953125
141770_A_4.tiff,3029.4809688581313,0.8382139482248566,46.109275440459,84.55119126830006,0.89453125
141770_A_5.tiff,4142.782006920415,0.7949319669804052,56.70743289010124,93.46887349048646,0.94140625
141770_A_6.tiff,6037.148788927336,0.8345219196431797,65.75286876330905,119.3391707921514,0.953125
141770_B_1.tiff,5553.107266435986,0.8477019554664473,61.880019863703126,116.65069258296472,0.95703125
141770_B_2.tiff,5867.737024221453,0.8467686261745621,63.67292426018532,119.6946403699549,0.94921875
141770_B_3.tiff,2972.2906574394465,0.7843286035801168,48.48401759548292,78.15646467204083,0.921875
141770_B_4.tiff,2998.4221453287196,0.8274665690916942,46.47377174678919,82.76497170566876,0.94140625
141770_B_5.tiff,4315.9584775086505,0.7796348810484822,58.87283426581029,94.01086818600997,0.94140625
141770_B_6.tiff,5991.141868512111,0.8462646048255439,64.37611125310218,120.83446753833138,0.95703125
141773_A_1.tiff,3638.9757785467127,0.28823558285178913,66.91489271238544,69.88066098037525,0.96875
141773_A_2.tiff,2633.2456747404844,0.5998293721936597,51.895490690344,64.85899059202796,0.9453125
141773_A_3.tiff,1953.107266435986,0.4287787654805742,47.92134423832022,53.04498447281471,0.90625
141773_A_4.tiff,2244.705882352941,0.5221974063697192,49.745400978251844,58.33016375250501,0.8984375
141773_A_5.tiff,4043.9584775086505,0.5631956820067903,65.80036184472631,79.63026243996357,0.80078125
141773_A_6.tiff,1831.6401384083044,0.8051624882124602,37.87846634100602,63.87015191529214,0.78515625
141773_B_1.tiff,2160.9411764705883,0.6711604153149948,47.00377489609325,63.406184814190404,0.9609375
141773_B_2.tiff,2770.712802768166,0.7435087899826289,48.66320219928752,72.76999913132639,0.91015625
141773_B_3.tiff,2502.9204152249135,0.36241669233062274,54.56992692787994,58.550407906066894,0.91015625
141773_B_4.tiff,3343.2249134948097,0.7791318275989487,51.86788704023311,82.7423636689246,0.90625
141773_B_5.tiff,3734.089965397924,0.22254150275196233,69.10278202374644,70.88023015591632,0.93359375
141773_B_6.tiff,3071.114186851211,0.6067876805501967,55.83677453674922,70.24695738023698,0.9609375
141775_A_1.tiff,5177.411764705882,0.7274768735807119,67.35156395242427,98.16120533559358,0.9609375
141775_A_2.tiff,5714.823529411765,0.8126547322105336,66.8875489601299,114.78004045964657,0.94921875
141775_A_3.tiff,7737.965397923876,0.8579865656469102,71.87353483225196,139.9210336228682,0.9296875
141775_A_4.tiff,7123.98615916955,0.8419118682771506,70.49194831675374,130.63376910745714,0.92578125
141775_A_5.tiff,4156.01384083045,0.8461522722763821,53.36642369460759,100.13566750983617,0.96484375
141775_A_6.tiff,4504.581314878893,0.7761246403615336,61.08266830166241,96.86750913223898,0.89453125
141775_B_1.tiff,4581.259515570934,0.7060561987227039,65.1553601856795,92.00709747741146,0.95703125
141775_B_2.tiff,5360.77508650519,0.8523414104800774,59.948227905547554,114.62688062797945,0.7734375
141775_B_3.tiff,9528.858131487888,0.5790590960593242,100.17230484338876,122.86775129101046,0.86328125
141775_B_4.tiff,3759.114186851211,0.7646895401881607,57.24477818045915,88.83438597791174,0.91796875
141775_B_5.tiff,3736.0276816609,0.7961374742764903,53.79537470988852,88.90095977866127,0.921875
141775_B_6.tiff,3113.7993079584776,0.6818367860572042,53.94683133359646,73.74779409716388,0.7265625
141796_A_1.tiff,5617.660899653979,0.7751624210304772,67.29603317572904,106.52117962312843,0.9609375
141796_A_2.tiff,3201.60553633218,0.7200984417570161,53.2504121828827,76.7438644587924,0.96484375
141796_A_3.tiff,4001.993079584775,0.6277770279110569,62.993850980682026,80.92805724826933,0.96875
141796_A_4.tiff,3285.425605536332,0.7618760893599849,52.110507670883415,80.45186574266081,0.9765625
141796_A_5.tiff,4032.6089965397923,0.7877439577378218,56.30908207491035,91.41043112614119,0.9609375
141796_A_6.tiff,5821.840830449827,0.7996010055662319,66.76799790230892,111.18148518767643,0.96875
141796_B_1.tiff,5118.339100346021,0.7977372804020361,62.85042653759216,104.22866995958367,0.9609375
141796_B_2.tiff,3184.221453287197,0.733714742905992,52.544556745810034,77.33308765239455,0.96875
141796_B_3.tiff,3938.0484429065746,0.6355676496951257,62.39381601337855,80.8162753792135,0.96875
141796_B_4.tiff,4762.519031141868,0.7591185642598123,63.200474550647144,97.08924364770047,0.875
141796_B_5.tiff,4198.145328719723,0.7738830963365241,58.29361834202115,92.04326180925693,0.9453125
141796_B_6.tiff,5908.927335640138,0.7917988557036023,67.84525750289845,111.07934537117947,0.96484375
141802_A_1.tiff,6095.058823529412,0.7834909547509598,69.78597140495114,112.30385133668096,0.96484375
141802_A_2.tiff,2689.2179930795846,0.8303203936532227,43.86036551046635,78.70346684606213,0.96484375
141802_A_3.tiff,2974.006920415225,0.7629721926489047,49.50107477486409,76.57592434532049,0.94140625
141802_A_4.tiff,2551.1418685121107,0.6162018682288494,50.62856204242661,64.28303341929575,0.98046875
141802_A_5.tiff,2874.961937716263,0.7915101726645971,47.60483236048327,77.89309600646952,0.9765625
141802_A_6.tiff,2477.9515570934254,0.771463445751993,44.95043801125644,70.64639300107461,0.97265625
141802_B_1.tiff,6124.01384083045,0.7740431646705362,70.50822267482442,111.36402890384896,0.98046875
141802_B_2.tiff,3037.8961937716263,0.8625039679392995,44.40276254832257,87.74377294360615,0.953125
141802_B_3.tiff,3108.7612456747406,0.7576488894550157,50.94777343160991,78.06145459900726,0.9140625
141802_B_4.tiff,2604.1799307958477,0.6440500086320169,50.39210814858089,65.87346710127916,0.9375
141802_B_5.tiff,2889.5778546712804,0.7996398116357846,47.34113141421412,78.83882106171298,0.96484375
141802_B_6.tiff,2546.2698961937717,0.778374872391831,45.197172558823006,71.99297344112769,0.9765625
141815_A_1.tiff,2932.0415224913495,0.4511147701277684,57.7919064676251,64.75530718937637,0.953125
141815_A_2.tiff,2360.8581314878893,0.407299345394853,52.448325395083025,57.427601758848745,0.94921875
141815_A_3.tiff,2577.4948096885814,0.612267416608433,51.085211832994446,64.61160221227858,0.90234375
141815_A_4.tiff,3999.1695501730105,0.6960987081963637,60.79036474266019,84.67260365594684,0.91796875
141815_A_5.tiff,3124.7612456747406,0.3640391098098552,60.972340640558755,65.46425829012321,0.92578125
141815_A_6.tiff,4378.4636678200695,0.7587668692787406,60.388604306521074,92.71123744794883,0.9609375
141815_B_1.tiff,5543.307958477509,0.910963795190644,55.51013389534318,134.57448467633228,0.83203125
141815_B_2.tiff,2316.6782006920416,0.6770840709672284,47.05650799613522,63.94366787296105,0.96484375
141815_B_3.tiff,2485.536332179931,0.6312648320865141,49.66192087413543,64.03302173833917,0.94921875
141815_B_4.tiff,4157.896193771627,0.5574858646241493,66.93256884558325,80.62353987083797,0.71875
141815_B_5.tiff,2042.629757785467,0.5733618172017514,46.52208610707666,56.78256636562136,0.7734375
141815_B_6.tiff,5752.968858131488,0.6369519562413632,75.69390941424221,98.18856636371675,0.90625
141818_A_1.tiff,2067.3217993079584,0.6775681535161034,44.05088644496085,59.895693886268106,0.9609375
141818_A_2.tiff,3392.387543252595,0.6870264158204277,56.074765047958465,77.17074259622002,0.953125
141818_A_3.tiff,2725.757785467128,0.47520925520645757,55.414012491488464,62.97957135453506,0.96875
141818_A_4.tiff,3887.3356401384085,0.6251827673841281,62.23191517334664,79.73560379883766,0.9609375
141818_A_5.tiff,2928.0,0.5091590869104634,56.6940176973661,65.87177189597944,0.90625
141818_A_6.tiff,4167.750865051903,0.6564174661142291,63.35753729791795,83.98424999034373,0.94140625
141818_B_1.tiff,2339.377162629758,0.6840263617189558,47.355188481707614,64.91838411362194,0.9375
141818_B_2.tiff,3387.8477508650517,0.7210234646034674,59.47595573155598,85.83495731453763,0.9375
141818_B_3.tiff,2702.7266435986157,0.4297194663132776,55.7824700008307,61.777176006108384,0.953125
141818_B_4.tiff,4052.81660899654,0.6282566183952529,63.464713816493095,81.57353394977463,0.94140625
141818_B_5.tiff,2633.3010380622836,0.5104930233558126,53.72487064229464,62.47936020463612,0.9453125
141818_B_6.tiff,4330.186851211072,0.6368396610724993,65.27897404203581,84.66833979185743,0.890625
141828_A_1.tiff,2171.0726643598614,0.7619806768666315,42.34809704247947,65.39239158536964,0.96875
141828_A_2.tiff,2620.733564013841,0.8046335798318153,44.587958559365795,75.09276785275557,0.96875
141828_A_3.tiff,2565.8685121107264,0.7936074107310171,44.62315887453174,73.34146253948362,0.9765625
141828_A_4.tiff,1564.4567474048442,0.8029937678269647,34.51738876054821,57.91630394581227,0.95703125
141828_A_5.tiff,2158.560553633218,0.8031510241852244,40.50335616529654,67.9842607944175,0.94921875
141828_A_6.tiff,1830.9757785467127,0.7441764934592257,39.477831359900875,59.10005012271411,0.94140625
141828_B_1.tiff,2200.581314878893,0.7446291201715552,43.30026684179094,64.87140854044016,0.90625
141828_B_2.tiff,2656.719723183391,0.797286990712982,46.074402574926836,76.33262311290025,0.9609375
141828_B_3.tiff,2262.8096885813147,0.84485876869775,39.354192234686685,73.56069492085076,0.94921875
141828_B_4.tiff,1890.6574394463669,0.7763878188664382,39.031624413571805,61.92984655672634,0.89453125
141828_B_5.tiff,2195.21107266436,0.7732040520196382,42.155452833529615,66.47475659873082,0.9453125
141828_B_6.tiff,1859.764705882353,0.7605041538997737,39.284187902737465,60.4992874984213,0.9375
141831_A_1.tiff,5090.7128027681665,0.8547957087896556,58.07935331675498,111.91389351836851,0.97265625
141831_A_2.tiff,4297.910034602076,0.7558829932776386,60.198746658907915,91.94765232926216,0.9609375
141831_A_3.tiff,3127.806228373702,0.7840409146964371,49.77974924933535,80.19818873329683,0.96875
141831_A_4.tiff,4677.148788927336,0.8188472832880231,58.53144829377239,101.96913301921296,0.94921875
141831_A_5.tiff,3047.529411764706,0.7028558363201582,52.61237126232358,73.96313872102976,0.96484375
141831_A_6.tiff,3602.214532871972,0.7960030525685202,52.833344424250804,87.28562648529382,0.97265625
141831_B_1.tiff,5027.764705882353,0.8601622597879734,57.25576606848208,112.26170058658965,0.96875
141831_B_2.tiff,4224.664359861592,0.7609574726639129,59.3334127957259,91.45075796956999,0.9609375
141831_B_3.tiff,3251.8754325259515,0.7766968793306164,51.12293312760113,81.16367386833383,0.96484375
141831_B_4.tiff,4672.996539792388,0.8268545361836727,57.905550185516965,102.95860494492115,0.7890625
141831_B_5.tiff,3103.0034602076125,0.6877540099262927,53.64099689955468,73.89138915042376,0.9296875
141831_B_6.tiff,3697.2733564013843,0.7976030403531372,53.446634165622484,88.60770155425766,0.9375
141845_A_1.tiff,2668.0138408304497,0.7420792369384962,47.79793241462358,71.30697383752438,0.95703125
141845_A_2.tiff,2757.536332179931,0.5545348471218655,54.19319916843001,65.12349354552038,0.953125
141845_A_3.tiff,3253.038062283737,0.7318763796111786,53.15575581335408,78.0053366879644,0.94140625
141845_A_4.tiff,3088.166089965398,0.6616884853720783,54.33033811445628,72.46181582008302,0.9609375
141845_A_5.tiff,3010.657439446367,0.7253833626061885,51.42976571031812,74.71508939326955,0.96875
141845_A_6.tiff,3213.508650519031,0.757318920626668,51.91221287704128,79.49252472476331,0.9453125
141845_B_1.tiff,1569.6608996539792,0.5899686185841176,40.60601616830844,50.29068587828352,0.86328125
141845_B_2.tiff,3233.1072664359863,0.7293198742449377,53.3276552048742,77.94470850734454,0.77734375
141845_B_3.tiff,2849.7716262975778,0.634118163386538,53.18530472795192,68.78274409436855,0.93359375
141845_B_4.tiff,2948.871972318339,0.6512525085241833,53.57958325254185,70.6052572780447,0.9296875
141845_B_5.tiff,2313.3010380622836,0.7832879804780023,43.01920208498523,69.20063984002445,0.94921875
141845_B_6.tiff,1931.4602076124568,0.6111467527042516,44.18706324099514,55.82577016589707,0.91796875
141848_A_1.tiff,3432.8581314878893,0.7302736398693376,54.83167101576072,80.26244581621721,0.9375
141848_A_2.tiff,4529.826989619377,0.8336919898775137,56.6319166885844,102.55137385433383,0.9375
141848_A_3.tiff,2479.2249134948097,0.6085393000051569,50.25426009256165,63.330506426691336,0.91796875
141848_A_4.tiff,2793.1349480968856,0.6095037262662714,53.2530890199308,67.17232250682717,0.8359375
141848_A_5.tiff,2695.3079584775087,0.5184304855110462,54.19564595902961,63.3778418717182,0.90234375
141848_A_6.tiff,15472.055363321799,0.26107993640761357,137.9341198199516,142.88994542548252,0.90234375
141848_B_2.tiff,3998.0622837370242,0.7420265951392949,58.726144111846686,87.60252580177138,0.921875
141848_B_3.tiff,6358.42214532872,0.7570956001594412,73.24162669453662,112.10954630976315,0.90625
141848_B_4.tiff,3609.9653979238756,0.7523735926597176,55.34003198752629,84.0093409031785,0.95703125
141848_B_5.tiff,3202.934256055363,0.6370120393720183,56.22081633158415,72.93317165064546,0.87109375
141848_B_6.tiff,3228.8442906574396,0.5335663800354169,59.242810624291614,70.04698415691864,0.95703125
141861_A_1.tiff,3061.3148788927338,0.8261232876291662,46.94466477431867,83.31064267660047,0.96875
141861_A_2.tiff,5863.806228373703,0.8961421622758293,58.37701834332715,131.54877958711606,0.8046875
141861_A_3.tiff,2768.8304498269895,0.8179719709768906,45.32077778027058,78.7833837083221,0.94140625
141861_A_4.tiff,2533.923875432526,0.6327382662242743,50.69231860827269,65.46301900002948,0.95703125
141861_A_5.tiff,3509.923875432526,0.7371823450035047,55.47083024606593,82.09461956828527,0.94140625
141861_A_6.tiff,3542.9204152249135,0.8530424703550291,48.71576841132916,93.35357396624829,0.94140625
141861_B_1.tiff,3013.9792387543253,0.819098417324451,46.99327651539783,81.9193401006909,0.9453125
141861_B_2.tiff,3512.3598615916953,0.8334502777781773,49.98009079000712,90.44623975267562,0.94140625
141861_B_3.tiff,2851.6539792387543,0.8155961478218268,46.0372348573099,79.5636337806492,0.9609375
141861_B_4.tiff,2792.6920415224913,0.6549089604174897,52.61428315411109,69.62252384437889,0.9375
141861_B_5.tiff,3475.044982698962,0.7555389612482571,54.17145501425633,82.6914177620739,0.96875
141861_B_6.tiff,3469.2318339100348,0.8482875475712649,48.57639228090815,91.73390343866748,0.9453125
141883_A_1.tiff,2140.0692041522493,0.6030877282775668,46.6545362393581,58.48816130775902,0.96875
141883_A_2.tiff,3115.8477508650517,0.45803397070420837,60.842895165088855,68.44473042126187,0.9140625
141883_A_3.tiff,2823.4740484429067,0.5394295926390211,55.03093881195932,65.3550259342561,0.97265625
141883_A_4.tiff,3340.235294117647,0.8185034308321563,49.485639943670236,86.13663834301849,0.94921875
141883_A_5.tiff,5149.176470588235,0.8785889098331408,56.095343469788716,117.45777103441763,0.83984375
141883_A_6.tiff,6709.3702422145325,0.8335827573048418,69.29691602729537,125.44821557971382,0.9140625
141883_B_1.tiff,2372.5951557093426,0.48212033106839103,51.45725506622198,58.73411811579698,0.96875
141883_B_2.tiff,2343.2525951557095,0.6339404773961921,48.128536958110246,62.231273662795445,0.9765625
141883_B_3.tiff,2833.5501730103806,0.6699071629868529,51.79468783931998,69.76233462823599,0.9765625
141883_B_4.tiff,3354.6851211072662,0.8064962329245555,50.32402727574152,85.11618441527577,0.96875
141883_B_5.tiff,4639.003460207612,0.8629979842811487,54.658145810806765,108.18952744486678,0.95703125
141883_B_6.tiff,5867.515570934256,0.8539524324210154,62.66875244006978,120.43551984436544,0.98046875
141904_A_1.tiff,2245.6470588235293,0.38610026962485594,51.385083607717505,55.704595145558436,0.97265625
141904_A_2.tiff,2057.522491349481,0.5042620396602041,47.756223707043176,55.30216607198311,0.9609375
141904_A_3.tiff,2460.8442906574396,0.47843848158188157,52.64211591759129,59.94858513171828,0.96875
141904_A_4.tiff,2053.093425605536,0.5623951929238279,46.63578006256144,56.40047432645507,0.94921875
141904_A_5.tiff,2461.287197231834,0.7580075598514879,45.29722770423485,69.44809773938168,0.9375
141904_A_6.tiff,2967.6401384083047,0.5886940234520136,55.3708793026849,68.49814007942122,0.9765625
141904_B_1.tiff,2291.598615916955,0.27151527726045893,53.01858827746721,55.08801759574989,0.95703125
141904_B_2.tiff,1940.318339100346,0.5655942668391887,45.25231767713312,54.87233508986505,0.9609375
141904_B_3.tiff,2812.1799307958477,0.3340637235469859,58.33482731681833,61.8904004152312,0.84765625
141904_B_4.tiff,2287.612456747405,0.25156475302102566,53.141035134662125,54.90681242549142,0.875
141904_B_5.tiff,2627.3217993079584,0.772482662897842,46.170952115587184,72.70605564144535,0.9453125
141904_B_6.tiff,2878.39446366782,0.5899056324727531,54.48943843410098,67.48150439111255,0.97265625
141906_A_1.tiff,3455.501730103806,0.5462485843071866,60.92269260516209,72.73282154601486,0.921875
141906_A_2.tiff,4727.252595155709,0.5672221844899524,70.56404234047059,85.68122585108216,0.96875
141906_A_3.tiff,2992.221453287197,0.5644760363394349,56.20957889815126,68.09572468681044,0.94921875
141906_A_4.tiff,3583.833910034602,0.5643671795314742,61.54325551164361,74.55054486163493,0.9375
141906_A_5.tiff,9919.944636678201,0.6698513693722453,97.62328059700546,131.48001326356822,0.84765625
141906_A_6.tiff,1357.8961937716263,0.6083542277336236,37.17573997576758,46.840556691075506,0.93359375
141906_B_1.tiff,3490.823529411765,0.5666415403473744,60.68916849101632,73.65508394295051,0.9609375
141906_B_2.tiff,4741.979238754326,0.5682683225356662,70.57855854866503,85.773995668083,0.96875
141906_B_3.tiff,3430.5328719723184,0.6434245649710435,57.99121975056644,75.75505991561855,0.87890625
141906_B_4.tiff,3603.8200692041523,0.6981136988027224,57.34120950046544,80.08695164401108,0.96484375
141906_B_5.tiff,6241.826989619377,0.7313290229874038,73.72290931422218,108.09417304608766,0.95703125
141906_B_6.tiff,2262.0346020761244,0.5408161705945954,49.23119245216348,58.529073384922945,0.953125
141910_A_1.tiff,5412.318339100346,0.8033703485214889,64.2537413321943,107.9024867275662,0.93359375
141910_A_2.tiff,4002.878892733564,0.7678591170080337,57.325085238666006,89.48393359907766,0.9453125
141910_A_5.tiff,5296.498269896194,0.8535493626404567,59.430075544394484,114.0666195430003,0.90625
141910_B_1.tiff,5645.674740484429,0.8183796898890955,64.79059566462338,112.74245313962943,0.9296875
141910_B_2.tiff,4349.397923875433,0.7487864792905319,60.95612589894978,91.96603416450169,0.94140625
141910_B_3.tiff,6756.871972318339,0.8395971748030134,68.53383707180876,126.16464620152307,0.96484375
141910_B_4.tiff,7263.667820069204,0.8359498245787681,71.38230529802131,130.06840537062624,0.9375
141910_B_5.tiff,6061.121107266436,0.8537157833319354,63.48128621573683,121.90609181941797,0.8046875
141910_B_6.tiff,6164.5397923875435,0.7977821813774287,69.02991887123774,114.48777535434654,0.9609375
141930_A_1.tiff,4395.4602076124565,0.8089636655725415,57.514218979783344,97.83681734081757,0.87890625
141930_A_2.tiff,5602.048442906575,0.7469510753204368,68.96741898983794,103.72927779000437,0.9453125
141930_A_3.tiff,4371.377162629758,0.7217297523161409,62.50649775383035,90.30447799961799,0.87109375
141930_A_4.tiff,7546.020761245674,0.7892121385986623,77.3212487267216,125.90562767175618,0.8125
141930_A_5.tiff,7133.564013840831,0.8025805505701918,73.63652964104767,123.4386047523204,0.93359375
141930_A_6.tiff,2739.1557093425604,0.8410843057625257,43.616931709190666,80.6370959171919,0.94140625
141930_B_1.tiff,3771.5709342560554,0.8350313005759527,51.44099533292263,93.49466926481985,0.9453125
141930_B_2.tiff,6098.103806228373,0.7269285657884151,73.11547670206005,106.47165223225613,0.95703125
141930_B_3.tiff,5173.7024221453285,0.7050404862244,68.59888993817113,96.73163663485595,0.9609375
141930_B_4.tiff,6317.2871972318335,0.6602738984340653,78.67029380515496,104.75058189907837,0.8515625
141930_B_5.tiff,7301.038062283737,0.789697510473928,75.5991950288629,123.22679336195303,0.9609375
141930_B_6.tiff,3068.567474048443,0.7570275723252909,50.91333618925031,77.92266029720186,0.8203125
141934_A_1.tiff,5621.148788927336,0.802655947433666,65.51426284094462,109.84174271419421,0.8359375
141934_A_2.tiff,6334.560553633218,0.8732181641135898,62.84634360195196,128.9606807972673,0.9296875
141934_A_3.tiff,5344.941176470588,0.8582094232346221,59.18798184701314,115.3088174694845,0.91796875
141934_A_4.tiff,4304.996539792388,0.8347939623159749,55.138308508177495,100.14904913817858,0.91796875
141934_A_5.tiff,6188.1245674740485,0.8604955871752935,63.58668791943601,124.81245030928073,0.86328125
141934_A_6.tiff,6197.038062283737,0.8737715996693275,62.18182937465179,127.8576239390323,0.9296875
141934_B_1.tiff,4957.121107266436,0.8300245318116157,59.45345377095554,106.5995840054955,0.8515625
141934_B_2.tiff,6254.173010380623,0.8628151598674255,63.55852666738689,125.72912085902124,0.95703125
141934_B_3.tiff,9821.342560553634,0.5591259785128873,102.42403986296046,123.5389890752828,0.8203125
141934_B_4.tiff,4543.280276816609,0.8246527949199486,57.38017493657164,101.44305639443817,0.91796875
141934_B_5.tiff,6072.581314878893,0.8640797973877726,62.58236028799758,124.3305005308257,0.9140625
141934_B_6.tiff,5935.667820069204,0.8846231601638974,59.644313509335745,127.90792766519633,0.9453125
141946_A_1.tiff,3012.1522491349483,0.8798373694324658,42.96216446487407,90.39435293847419,0.95703125
141946_A_2.tiff,3541.757785467128,0.9013256497127885,44.56437575473607,102.88627317112834,0.87890625
141946_A_3.tiff,3360.4429065743943,0.8419267827330121,48.77855578171758,90.39899660957626,0.98046875
141946_A_4.tiff,4256.166089965398,0.8953004918764537,49.36730304503556,110.822525731412,0.96484375
141946_A_5.tiff,2269.010380622837,0.8603998273802003,38.901937214239986,76.33524532568762,0.90234375
141946_A_6.tiff,5003.6262975778545,0.7774426112338777,63.71922676854199,101.309855217405,0.94921875
141946_B_1.tiff,3017.0242214532873,0.87093214207845,44.084001405844155,89.71043000135029,0.96875
141946_B_2.tiff,4022.0346020761244,0.8966708166868776,47.99631310694782,108.41775207789703,0.90625
141946_B_3.tiff,3657.2456747404844,0.8336289000797101,51.27098232026582,92.82756784580793,0.97265625
141946_B_4.tiff,4621.785467128027,0.8975316641614849,51.246799082569545,116.21906758899053,0.96484375
141946_B_5.tiff,2314.5190311418687,0.8560946763929077,39.64757151207669,76.71461297055669,0.89453125
141946_B_6.tiff,4409.910034602076,0.8360959622273051,57.43903757217727,104.70432958299573,0.8671875
141953_A_1.tiff,6743.19723183391,0.7390252723218755,76.10713984314661,112.97262705699052,0.921875
141953_A_2.tiff,3382.0346020761244,0.8401560723704437,48.395005119411714,89.23292710915055,0.94140625
141953_A_3.tiff,5558.477508650519,0.7738675600876331,67.02540641570044,105.82722931780668,0.9609375
141953_A_4.tiff,5899.4602076124565,0.7903295079861214,67.9311012321587,110.87496940255524,0.94140625
141953_A_5.tiff,6441.854671280277,0.7621657610721845,72.99741769281039,112.75788717107517,0.91796875
141953_A_6.tiff,5642.519031141868,0.7851248527016327,66.8375165963688,107.91775770818846,0.953125
141953_B_1.tiff,6781.4532871972315,0.7361794229658414,76.53923796724102,113.09215994420678,0.73046875
141953_B_2.tiff,3582.39446366782,0.8273387807492963,50.75605627648227,90.36098012876845,0.875
141953_B_3.tiff,5518.948096885813,0.784121640725659,66.07686271637724,106.47131793384173,0.9609375
141953_B_4.tiff,5749.480968858132,0.7894824359549394,67.11000449285225,109.34007811689138,0.96875
141953_B_5.tiff,7173.480968858132,0.7885206641888156,75.00066047847842,121.9506551871768,0.9453125
141953_B_6.tiff,6001.993079584775,0.7911101206495201,68.46955983107752,111.93803850371367,0.875
141955_A_1.tiff,1195.4602076124568,0.4363083775648503,37.0713793932811,41.199705252174184,0.91015625
141955_A_2.tiff,9980.955017301038,0.7679456391384691,91.57200274902945,142.96620592716005,0.80859375
141955_A_3.tiff,3161.1903114186853,0.5802747832951837,57.337558674461846,70.40286965099939,0.84375
141955_A_4.tiff,4199.252595155709,0.7449917383249679,59.807019857211365,89.65579159181267,0.87109375
141955_A_5.tiff,4013.342560553633,0.7634654055471456,57.74491284985493,89.4093472471139,0.95703125
141955_A_6.tiff,3459.3217993079584,0.6627559484056904,57.45934995650082,76.73160885471536,0.95703125
141955_B_1.tiff,1173.1487889273355,0.3523011732855186,37.42437031308437,39.98814279051265,0.95703125
141955_B_2.tiff,3968.553633217993,0.7858226044643879,56.05438607736227,90.636604222075,0.97265625
141955_B_3.tiff,3084.2906574394465,0.6085687963948664,55.877432396033065,70.41884543754612,0.96875
141955_B_4.tiff,4036.650519031142,0.7564649791107679,58.07617426707019,88.79684613695757,0.97265625
141955_B_5.tiff,3817.7993079584776,0.7822858330785265,55.30784981741832,88.7880979285644,0.96484375
141955_B_6.tiff,3398.2560553633216,0.6050200515060041,58.75306056629307,73.79088842613072,0.96875
141972_A_1.tiff,3120.9965397923875,0.7371457109745652,51.89061653613659,76.79150384242368,0.91015625
141972_A_2.tiff,5093.59169550173,0.6553671852023184,70.4389442895524,93.25826980040506,0.94140625
141972_A_3.tiff,3495.584775086505,0.7498161653567392,54.34735941324949,82.13960559494899,0.91015625
141972_A_4.tiff,3784.80276816609,0.7567386102217505,56.20492224795598,85.97737597325096,0.9609375
141972_A_5.tiff,3518.006920415225,0.6970139632805303,56.737837969718804,79.12591910503423,0.97265625
141972_A_6.tiff,7420.401384083045,0.6168738597790439,86.723001191597,110.18572582881428,0.89453125
141972_B_1.tiff,3144.193771626298,0.7297041402359408,52.42349881563781,76.66910504206041,0.90625
141972_B_2.tiff,2003.930795847751,0.9194882622973458,35.12831877001239,89.35832812245145,0.890625
141972_B_3.tiff,3834.076124567474,0.703675697101941,58.93538298385269,82.9466804771979,0.890625
141972_B_4.tiff,3811.3217993079584,0.7589047340551511,56.349823046760214,86.53206269656923,0.94140625
141972_B_5.tiff,3733.8685121107264,0.7304434163478142,57.05242512240969,83.53537690701017,0.953125
141972_B_6.tiff,3125.259515570934,0.7515390346418743,51.288579191766104,77.74664803675337,0.953125
141979_A_1.tiff,2627.598615916955,0.857200597384587,41.65746795082333,80.89101152487571,0.96875
141979_A_2.tiff,1941.2595155709344,0.7076019667100808,41.87737890620298,59.26508951939131,0.9375
141979_A_3.tiff,3324.622837370242,0.815993319449139,49.569888510290944,85.75195370437991,0.9609375
141979_A_4.tiff,1763.6539792387543,0.6619456601807663,41.07853594134402,54.8041301519357,0.93359375
141979_A_5.tiff,2140.5121107266436,0.7963234175205444,40.707593587717874,67.29962039576516,0.9296875
141979_A_6.tiff,1419.9584775086505,0.7459782758539776,34.751306070084496,52.18146693288424,0.91796875
141979_B_1.tiff,2586.463667820069,0.8671159091676366,40.63730745860015,81.58358592388316,0.96484375
141979_B_2.tiff,1832.6920415224913,0.7344413838281891,39.8475697907246,58.71402154679344,0.95703125
141979_B_3.tiff,3169.0519031141866,0.7878106789933353,49.9326350178469,81.07033356366307,0.9140625
141979_B_4.tiff,1729.4948096885814,0.6903557587062924,39.94595598186249,55.21438721499003,0.9609375
141979_B_5.tiff,2298.6851211072662,0.7945405474968674,42.23693337004132,69.55889551513455,0.9453125
141979_B_6.tiff,1420.6228373702422,0.7437996571040041,34.82225097015947,52.097717198177236,0.9453125
142000_A_1.tiff,3595.294117647059,0.8535841201623413,49.078113957054434,94.20796525782578,0.93359375
142000_A_2.tiff,1878.6989619377164,0.694822905116321,41.52700569723932,57.74208847656695,0.9453125
142000_A_3.tiff,1832.083044982699,0.7365859565877656,39.88066394299695,58.96506412925072,0.87890625
142000_A_4.tiff,1675.0726643598616,0.6259908728724746,40.87670698922676,52.41743313983889,0.91796875
142000_A_5.tiff,6127.667820069204,0.8850646569263766,60.527943984127475,130.03671755920428,0.96484375
142000_A_6.tiff,2100.0968858131487,0.8079997197896384,39.770446387404355,67.5010230224006,0.97265625
142000_B_1.tiff,3834.1314878892736,0.8535248475336379,50.64101173960597,97.1899118367823,0.96875
142000_B_2.tiff,1732.2629757785467,0.6632259176708091,40.72520599215409,54.414962854405054,0.95703125
142000_B_3.tiff,1906.9896193771626,0.7225003057669876,41.227760255056694,59.63192560559528,0.9609375
142000_B_4.tiff,1507.6539792387543,0.5840446273299474,39.533150580892645,48.70284720704241,0.9609375
142000_B_5.tiff,5930.851211072664,0.8839807181044127,59.73767252595267,127.77473368706805,0.9765625
142000_B_6.tiff,2125.287197231834,0.8142921988596861,39.6951661450501,68.38627266723515,0.9609375
143012_A_1.tiff,4825.965397923876,0.8767763138145823,54.61860445088012,113.57617652341582,0.953125
143012_A_2.tiff,5410.3806228373705,0.8349473624743531,61.70917630516909,112.13126195896587,0.91796875
143012_A_3.tiff,4777.799307958478,0.8834226787197533,53.524345425648455,114.22743667499749,0.96875
143012_A_4.tiff,6477.2871972318335,0.783712881572013,71.96114703777229,115.85646563177828,0.9375
143012_A_5.tiff,7059.377162629758,0.8130185298500763,72.43114165452528,124.40130152869624,0.96484375
143012_A_6.tiff,2781.453287197232,0.8338151151391108,44.53937276772983,80.68086809912755,0.9609375
143012_B_1.tiff,5144.083044982699,0.8525927713252283,58.639896653063886,112.2131678621321,0.9453125
143012_B_2.tiff,5189.64705882353,0.850428826687039,59.0567846667189,112.25602384081373,0.97265625
143012_B_3.tiff,5694.062283737024,0.8513549575767997,61.89381962251376,117.98511592538622,0.953125
143012_B_4.tiff,6577.494809688581,0.7767981377530069,72.99777424338747,115.9155409512012,0.9765625
143012_B_5.tiff,7038.39446366782,0.8104679569304606,72.60491960742236,123.94508380165384,0.96875
143012_B_6.tiff,2967.695501730104,0.7804331693434531,48.987798443012345,78.35049010930999,0.953125
143033_A_1.tiff,5483.9584775086505,0.8331131850843405,62.38402239918854,112.78925294511504,0.94921875
143033_A_2.tiff,3199.833910034602,0.8237514004447724,48.194527524081906,85.00648731626919,0.95703125
143033_A_3.tiff,4870.089965397924,0.8507053657422563,57.13424374496656,108.6940426105544,0.9453125
143033_A_4.tiff,2607.0588235294117,0.8034153209931246,44.508946279509274,74.75230718626077,0.921875
143033_A_5.tiff,2813.8961937716263,0.7136471460309313,50.20925622484728,71.67576370288427,0.91015625
143033_A_6.tiff,861.840830449827,0.6380877833655595,29.106111026261683,37.80193006188614,0.9140625
143033_B_1.tiff,5517.342560553633,0.8063419966955234,64.5893540766248,109.20517695628115,0.87109375
143033_B_2.tiff,3204.2629757785467,0.8229930971375247,48.26948491776953,84.97380207977619,0.92578125
143033_B_3.tiff,4641.494809688581,0.8652041921479338,54.46383346540981,108.61925550897375,0.94921875
143033_B_4.tiff,2472.249134948097,0.8149001711085027,42.7566015682256,73.76898353683106,0.93359375
143033_B_5.tiff,6433.273356401384,0.9227964163814822,56.61544725096191,146.94322276992128,0.83984375
143033_B_6.tiff,775.2525951557093,0.6880633858694206,26.797899209841322,36.929480418604214,0.92578125
143060_A_1.tiff,4727.363321799308,0.7682407907296087,62.34258513363332,97.3857928519652,0.98046875
143060_A_2.tiff,5768.636678200692,0.8243405355558224,64.74952891485644,114.37941787628927,0.96484375
143060_A_3.tiff,5397.868512110726,0.8637321649646554,59.01018858929358,117.09506022561496,0.96484375
143060_A_4.tiff,6778.961937716263,0.8736864080225243,64.94450109437705,133.4961955267122,0.9765625
143060_A_5.tiff,6661.480968858132,0.9007374098947056,61.29282633390411,141.10934797583914,0.95703125
143060_A_6.tiff,3265.1626297577855,0.8686598153746902,45.92353668663087,92.69821946682085,0.81640625
143060_B_1.tiff,4825.245674740484,0.7859099725852559,62.074543998621294,100.3888635440785,0.62890625
143060_B_2.tiff,5914.7958477508655,0.8022262967104539,67.21689961665169,112.58733589339496,0.94921875
143060_B_3.tiff,5695.9446366782,0.8571391022354391,61.2350996556531,118.88348408992415,0.95703125
143060_B_4.tiff,6756.982698961938,0.8774855249057979,64.4580587255136,134.39874745607494,0.96875
143060_B_5.tiff,6379.847750865052,0.897347993948525,60.618278276693204,137.355603180577,0.96875
143060_B_6.tiff,4531.100346020761,0.8773581734796796,52.89731158159974,110.24038631227832,0.85546875
143065_A_1.tiff,4969.411764705882,0.6920000517842291,67.64019177227507,93.69778459718705,0.94140625
143065_A_2.tiff,4356.262975778547,0.7601017346839556,60.076250439658224,92.45286623845233,0.89453125
143065_A_3.tiff,4009.7993079584776,0.7073590470250818,60.089718115034216,85.01003313092838,0.9296875
143065_A_4.tiff,4901.2041522491345,0.8003182959778109,61.29717777526409,102.2343157724955,0.9453125
143065_A_5.tiff,3122.6020761245672,0.5530092165593344,57.577070866437396,69.10560386863582,0.9453125
143065_A_6.tiff,3591.363321799308,0.43898801361793577,64.12246239865962,71.36668648797601,0.95703125
143065_B_1.tiff,4448.553633217993,0.6971233281426216,64.0485732232016,89.33463057938074,0.86328125
143065_B_2.tiff,4073.4671280276816,0.7791986823350725,57.071009361854394,91.05472751312463,0.8984375
143065_B_3.tiff,9731.044982698962,0.8028087689707396,86.88263762348348,145.71839091286776,0.859375
143065_B_4.tiff,4777.688581314879,0.8098857054591942,59.83803719514288,102.01038301960165,0.91796875
143065_B_5.tiff,3216.4429065743943,0.6247838905927819,56.56104851937632,72.4400783756955,0.95703125
143065_B_6.tiff,3592.8581314878893,0.4215455513256887,64.43843313037829,71.06078465633048,0.88671875
143084_A_1.tiff,5022.228373702422,0.6512997886601934,69.79833639372228,91.98266827097801,0.9765625
143084_A_2.tiff,4418.103806228373,0.7072706451704063,63.16633045036375,89.35139218041806,0.96875
143084_A_3.tiff,4490.4636678200695,0.4222137304817026,72.0897209288036,79.52566368044342,0.9765625
143084_A_4.tiff,3940.982698961938,0.5627837337644497,64.54138525124866,78.08015840977536,0.9765625
143084_A_5.tiff,5377.217993079585,0.40533041726028746,79.21396534772703,86.65121734455673,0.96875
143084_A_6.tiff,5595.4602076124565,0.7677385757157618,67.65326315897416,105.58231665952175,0.97265625
143084_B_1.tiff,5107.820069204152,0.640338393843476,70.80636017291043,92.18462750039897,0.96875
143084_B_2.tiff,4383.501730103806,0.6597549308666721,64.88785784336876,86.34665800591888,0.96484375
143084_B_3.tiff,4065.5501730103806,0.5347356884078052,66.17090542110662,78.30696834387962,0.96484375
143084_B_4.tiff,3950.1176470588234,0.5745796157184463,64.27768985798104,78.53600391284364,0.97265625
143084_B_5.tiff,5235.930795847751,0.4181301244355024,77.93977327975495,85.80017231612344,0.828125
143084_B_6.tiff,5270.36678200692,0.7812993408039888,64.78615609333185,103.79793496780624,0.9609375
143086_A_1.tiff,4007.695501730104,0.6887007675140668,60.8989072100836,83.99319937520124,0.96875
143086_A_2.tiff,4521.965397923876,0.7503837237347191,61.743166974376145,93.40837538267435,0.96484375
143086_A_3.tiff,4237.840830449827,0.790438145019403,57.66092013036969,94.13384330341165,0.97265625
143086_A_4.tiff,3357.9515570934254,0.5834999589202484,59.02296582982913,72.6782524185807,0.9765625
143086_A_5.tiff,4258.491349480969,0.5700498441597012,66.84952537596732,81.3640490148396,0.9765625
143086_A_6.tiff,3233.826989619377,0.5714873173542938,58.31618887237953,71.06436071762967,0.89453125
143086_B_1.tiff,4013.8961937716263,0.688158209122459,60.95042443410989,84.0045875393414,0.90625
143086_B_2.tiff,4625.660899653979,0.7464374868363315,62.66557052144411,94.1694321795254,0.96875
143086_B_3.tiff,3841.2179930795846,0.7841965276911286,55.22073575368018,88.9921357726596,0.94921875
143086_B_4.tiff,3449.1903114186853,0.5595294383395164,60.400162748783835,72.87572296406718,0.76171875
143086_B_5.tiff,4252.1245674740485,0.6260701159079526,65.12062864218892,83.51295727007444,0.8203125
143086_B_6.tiff,3444.0415224913495,0.5752960050953254,60.02842762133198,73.38929381648303,0.859375
143098_A_1.tiff,2371.598615916955,0.7074058545546028,46.48180044528433,65.76301906908381,0.9296875
143098_A_2.tiff,4019.4878892733564,0.7284325594424295,59.2876806634635,86.53651316141541,0.9609375
143098_A_3.tiff,2391.861591695502,0.4562831615201628,52.14961203708016,58.60595893120256,0.859375
143098_A_4.tiff,3587.432525951557,0.8066864916345382,52.16453367778121,88.26790711259571,0.94140625
143098_A_5.tiff,1771.903114186851,0.5621070804004382,43.2589214932538,52.30417131373187,0.953125
143098_A_6.tiff,2268.401384083045,0.6890363879445703,45.80963091024766,63.20952162352542,0.90625
143098_B_1.tiff,1937.107266435986,0.7970166305754155,39.11210153560768,64.75970695817944,0.9453125
143098_B_2.tiff,3846.8096885813147,0.7135062188163077,58.69647085093078,83.77444276500727,0.93359375
143098_B_3.tiff,2228.9273356401386,0.5050301976938578,49.58128470255063,57.44547392765288,0.9453125
143098_B_4.tiff,3688.9134948096885,0.8152150434675568,52.28830053700017,90.28324901795688,0.93359375
143098_B_5.tiff,1639.916955017301,0.5508028477712609,41.85597056256829,50.1488091748069,0.91796875
143098_B_6.tiff,2176.221453287197,0.7136480930416027,44.129852598638195,62.997253519858,0.96484375
143108_A_1.tiff,5513.965397923876,0.5679955813775533,76.0469366938263,92.39856211680879,0.9609375
143108_A_2.tiff,5679.280276816609,0.7038926850840673,71.77062821509692,101.04179675221404,0.9609375
143108_A_3.tiff,6831.003460207612,0.6661789398408063,80.5559490963484,108.01397092952496,0.97265625
143108_A_4.tiff,6222.948096885813,0.6724908477578716,77.15098775328109,104.24323855652077,0.96484375
143108_A_5.tiff,5591.750865051903,0.7439317047928248,69.01599676703626,103.2778344522475,0.9609375
143108_A_6.tiff,4772.262975778547,0.7276876771125463,64.64508161820724,94.24736630292007,0.97265625
143108_B_1.tiff,5661.2871972318335,0.5149752834189449,78.6755933850612,91.78153528301523,0.96875
143108_B_2.tiff,5666.435986159169,0.6821259166924868,72.74348347915428,99.48034504137503,0.92578125
143108_B_3.tiff,6739.930795847751,0.6710600236339475,79.86850845958053,107.7261702804753,0.8515625
143108_B_4.tiff,6611.820069204152,0.686168573433257,78.77237001522822,108.28672055750737,0.8359375
143108_B_5.tiff,5836.955017301038,0.7437082145506682,70.52299535886023,105.49369399872926,0.765625
143108_B_6.tiff,4662.532871972318,0.7177720760568417,64.43723800906923,92.545255122751,0.86328125
143155_A_1.tiff,2864.885813148789,0.6780922423666809,51.91634654664752,70.63671378374501,0.9375
143155_A_2.tiff,1338.6851211072665,0.5236837369881808,38.189950424531744,44.82847587547739,0.890625
143155_A_3.tiff,4286.948096885813,0.790968970072345,57.84447497222314,94.53931965776253,0.953125
143155_A_4.tiff,1756.069204152249,0.6982440614523558,40.051620648349505,55.94897427106274,0.94140625
143155_A_5.tiff,3314.38062283737,0.6328432952534511,57.29397028896026,73.99645823656802,0.94921875
143155_A_6.tiff,3047.529411764706,0.5885736710495129,56.083260219887926,69.37189076042753,0.9609375
143155_B_1.tiff,2945.2733564013843,0.6819252462288681,52.56544271304549,71.86747422081149,0.8359375
143155_B_2.tiff,1353.688581314879,0.43727666713101604,39.44391498216413,43.859367543587666,0.90234375
143155_B_3.tiff,4454.311418685121,0.7909470846064542,59.05978652820431,96.52112639548379,0.85546875
143155_B_4.tiff,1664.8304498269897,0.6926248874228877,39.15337372586925,54.28182971736646,0.9453125
143155_B_5.tiff,3386.40830449827,0.6608149500318804,56.92644487138721,75.8464203615764,0.96875
143155_B_6.tiff,2898.491349480969,0.6035382891934958,54.31495965553714,68.12071045287476,0.9765625
143165_A_1.tiff,4227.98615916955,0.7188221144882108,61.21176362151359,88.04989568824442,0.953125
143165_A_2.tiff,3422.8373702422145,0.7810816985291607,52.20269169826858,83.60070529504185,0.90234375
143165_A_3.tiff,2406.9204152249135,0.6989539769549833,46.90945317818702,65.5923387091403,0.9375
143165_A_4.tiff,2745.2456747404844,0.4100612298869263,56.560771088525705,62.01444573436735,0.9609375
143165_A_5.tiff,2465.9377162629758,0.6268189032274233,49.47696827358842,63.49998997166872,0.953125
143165_A_6.tiff,1589.9792387543253,0.7776245666946078,35.80165313608077,56.94290969297343,0.96484375
143165_B_1.tiff,4088.80276816609,0.7222146006415017,60.05960966870076,86.83287177088691,0.97265625
143165_B_2.tiff,3206.311418685121,0.7880008526922305,50.23587652544654,81.59490976263855,0.95703125
143165_B_3.tiff,2269.5640138408303,0.7224579134791029,44.79309335887974,64.7846805025946,0.96875
143165_B_4.tiff,2674.325259515571,0.45814385054488177,55.106090111107015,61.99510636915232,0.96875
143165_B_5.tiff,2434.712802768166,0.6318117818220528,49.0453660289335,63.27439542176709,0.95703125
143165_B_6.tiff,1543.9723183391004,0.8204895154904438,33.669685930586844,58.89793450033765,0.96484375
143170_A_1.tiff,3226.3529411764707,0.7891673291211456,50.31261100461546,81.91858104094538,0.94921875
143170_A_2.tiff,4032.221453287197,0.8577099314591767,51.47144453481186,100.11291594826761,0.98046875
143170_A_3.tiff,3354.574394463668,0.8453672766518147,47.794068915076046,89.47091845594792,0.9765625
143170_A_4.tiff,3366.8650519031144,0.8480989541231605,47.69063085047323,90.00985760085197,0.96875
143170_A_5.tiff,3396.318339100346,0.813352128967885,50.34564894801723,86.53849731164735,0.96484375
143170_A_6.tiff,4065.993079584775,0.7738552459557304,57.418494498130755,90.65660559649967,0.97265625
143170_B_1.tiff,3197.508650519031,0.8336254824038452,47.91284893286308,86.74676194241182,0.96484375
143170_B_2.tiff,4177.273356401384,0.8504399357710603,53.05299602100194,100.84737462884979,0.97265625
143170_B_3.tiff,3277.9515570934254,0.8512369401742225,47.34471127168083,90.21794225761627,0.94921875
143170_B_4.tiff,3399.031141868512,0.8470055938189216,48.00320971572595,90.30221346119176,0.9609375
143170_B_5.tiff,3327.944636678201,0.8292272567715203,48.8400376164679,87.38419309771382,0.96875
143170_B_6.tiff,3955.044982698962,0.7766121947907466,56.518739171092335,89.71527960274008,0.7578125
143172_A_1.tiff,3270.9757785467127,0.894056858170712,43.24476246612991,96.53850874268471,0.9296875
143172_A_2.tiff,2680.636678200692,0.8165462722325338,44.72369597849504,77.47314450062034,0.93359375
143172_A_3.tiff,2603.6262975778545,0.837578699827469,42.74706910589774,78.24595182153158,0.9140625
143172_A_4.tiff,1869.3425605536331,0.8262979696515299,36.77700877077175,65.29623459911897,0.91796875
143172_A_5.tiff,2378.5190311418687,0.8514241858098139,40.003230258505255,76.27250958890737,0.9296875
143172_A_6.tiff,2980.1522491349483,0.7723589001970589,49.209177300882764,77.47202922057228,0.953125
143172_B_1.tiff,2803.044982698962,0.8528586005117342,43.37278434613283,83.06703764298183,0.9375
143172_B_2.tiff,2486.4221453287196,0.8373508533495259,41.67957197732407,76.24323377394745,0.96484375
143172_B_3.tiff,2327.750865051903,0.8163026777849067,41.48080764629475,71.81277006357544,0.9609375
143172_B_4.tiff,1872.4982698961937,0.8529733794411807,35.37022704071356,67.76497305842751,0.96484375
143172_B_5.tiff,2183.529411764706,0.8520786430850528,38.276381456749256,73.12834101075293,0.9609375
143172_B_6.tiff,3125.093425605536,0.7543949619922259,51.22430005695398,78.03576846419159,0.97265625
143180_A_1.tiff,3269.093425605536,0.8417486780566514,47.740427534005576,88.42955657616777,0.87890625
143180_A_2.tiff,5185.384083044983,0.8340542650263136,60.69898569087245,110.02523271041291,0.9609375
143180_A_3.tiff,5173.2041522491345,0.8389767321110043,60.02569962246453,110.30743738883095,0.8359375
143180_A_4.tiff,2390.1453287197232,0.8369372585091824,41.00885278893279,74.92954387219417,0.703125
143180_A_5.tiff,1681.3840830449826,0.8008300542848347,35.90609435438733,59.95423974906357,0.9609375
143180_A_6.tiff,4960.996539792388,0.8189651345592703,60.35637601890841,105.17919834805129,0.96484375
143180_B_1.tiff,3141.038062283737,0.8448498760682008,46.58552689278515,87.07519038892033,0.97265625
143180_B_2.tiff,4883.321799307959,0.8446318761121999,58.11664002171211,108.5587121354237,0.953125
143180_B_3.tiff,5305.743944636678,0.8280465544207479,61.679128672663666,110.01177269224775,0.9765625
143180_B_4.tiff,2359.2525951557095,0.792859152052736,43.07897373068812,70.69022881945999,0.953125
143180_B_5.tiff,1613.1764705882354,0.840342014472341,33.56460911130862,61.920863014973335,0.9296875
143180_B_6.tiff,5232.996539792388,0.814345217617261,62.332827279561386,107.39987931667301,0.9765625
143218_A_1.tiff,3191.363321799308,0.7811198366580709,50.471231935059755,80.83401174108319,0.9609375
143218_A_2.tiff,5077.868512110726,0.8195709820855873,61.32194411162294,107.023271217796,0.9609375
143218_A_3.tiff,6713.910034602076,0.713092995962851,78.2361223240927,111.59539457249227,0.953125
143218_A_4.tiff,4692.650519031142,0.8145334374691965,59.05519565379603,101.7988363152997,0.953125
143218_A_5.tiff,6192.166089965398,0.820698250069228,67.49831069251717,118.1358341644837,0.95703125
143218_A_6.tiff,4940.179930795848,0.8473110485531183,58.05202973513302,109.30589606389887,0.92578125
143218_B_1.tiff,2970.961937716263,0.8057006384965514,47.38430907408472,79.99742168014131,0.91796875
143218_B_2.tiff,5627.4602076124565,0.802033055634672,65.66496608409811,109.94006965847629,0.87109375
143218_B_3.tiff,6389.2041522491345,0.736186046720347,74.90717555404864,110.68185014456705,0.9453125
143218_B_4.tiff,4860.4567474048445,0.8111702417658389,60.2830450821332,103.08140425857182,0.94140625
143218_B_5.tiff,6121.190311418685,0.7692217635303138,71.30861993061137,111.59724408280078,0.87890625
143218_B_6.tiff,5007.335640138408,0.8322840718719453,59.62428130453689,107.55722755619162,0.859375
143271_A_1.tiff,4437.979238754326,0.8463983311457315,54.983240176311575,103.24515075434184,0.9453125
143271_A_2.tiff,3909.038062283737,0.7857898259602152,55.56366422607618,89.83708651350557,0.96875
143271_A_3.tiff,3128.968858131488,0.7660606161008873,50.707577626757846,78.88935230133444,0.9609375
143271_A_4.tiff,3877.6470588235293,0.7537224319698335,57.34837746896454,87.26262606190424,0.921875
143271_A_5.tiff,4942.782006920415,0.7144705475590798,66.52862712558388,95.08633117071724,0.9296875
143271_A_6.tiff,4528.332179930796,0.4840326128986035,71.12831219889931,81.28485867373637,0.96484375
143271_B_1.tiff,4706.103806228373,0.8347176043776673,57.57863034622445,104.55948039174872,0.92578125
143271_B_2.tiff,4627.155709342561,0.8547597546332389,55.548602803868505,107.02514400703555,0.953125
143271_B_3.tiff,3073.6608996539794,0.7641005934453908,50.31627015664669,77.99797777714606,0.91796875
143271_B_4.tiff,3998.39446366782,0.8149259683436804,54.92256257660344,94.76513642144488,0.92578125
143271_B_5.tiff,4778.131487889274,0.6819094927171151,66.90851436601298,91.47548519256837,0.859375
143271_B_6.tiff,4342.089965397924,0.5172330136185745,68.94044117964033,80.55252058018903,0.8203125
143274_A_1.tiff,4104.525951557093,0.8222837395258841,54.790292828833316,96.27910367415384,0.96875
143274_A_2.tiff,3524.318339100346,0.6711412162702618,57.71170579757695,77.8489237026721,0.953125
143274_A_3.tiff,2930.7681660899652,0.7242386973837821,50.830891876604575,73.71610416207339,0.97265625
143274_A_4.tiff,3264.221453287197,0.6754015902228561,55.566245673738784,75.34915722624253,0.95703125
143274_A_5.tiff,2741.093425605536,0.6352051596528723,52.02294670399373,67.35727050819156,0.9765625
143274_A_6.tiff,1955.1557093425606,0.6629012019854941,43.19504562083165,57.69286567422415,0.96875
143274_B_1.tiff,7124.927335640138,0.3198552641981578,94.03443776432498,99.24830701044614,0.90625
143274_B_2.tiff,3653.038062283737,0.6766753646105782,58.56704277062863,79.54436254540079,0.95703125
143274_B_3.tiff,3146.5190311418687,0.7625648421931469,51.00446674001564,78.84300098758267,0.97265625
143274_B_4.tiff,3076.2629757785467,0.6361882412665845,55.24851019085915,71.60866413780583,0.97265625
143274_B_5.tiff,2839.529411764706,0.659823919135942,52.282766536536286,69.57859648932597,0.9609375
143274_B_6.tiff,1977.9653979238753,0.6708456148757437,43.2921190803865,58.37687731895157,0.96484375
143313_A_1.tiff,2163.6539792387543,0.7368675383222214,43.23602781078649,63.95510613427896,0.9375
143313_A_2.tiff,1940.2076124567475,0.36637413511548944,48.02812952620106,51.617195976719685,0.9453125
143313_A_3.tiff,3174.9757785467127,0.7516780544117971,51.675511532099364,78.35200037021015,0.9453125
143313_A_4.tiff,3002.1868512110727,0.6144976263769666,55.02346022781008,69.74541527663627,0.93359375
143313_A_5.tiff,2328.193771626298,0.492819521068914,50.947102616788264,58.551034538231654,0.9296875
143313_A_6.tiff,2344.083044982699,0.46514738041325415,51.54606016084804,58.228788752850924,0.97265625
143313_B_1.tiff,2204.401384083045,0.7341004411255111,43.816518816011175,64.52706882438451,0.875
143313_B_2.tiff,2042.8512110726645,0.3759734048381589,49.19205913231908,53.087030437564565,0.7890625
143313_B_3.tiff,3138.1038062283737,0.7701755088815055,50.57662776345019,79.29458884333103,0.9296875
143313_B_4.tiff,3003.681660899654,0.6361332452813091,54.443251126141945,70.56080522360756,0.90625
143313_B_5.tiff,2451.100346020761,0.5926929983643026,50.64874923662443,62.884230613666006,0.87109375
143313_B_6.tiff,2575.3910034602077,0.4521097424111172,54.25033443243143,60.821329778593054,0.93359375
143318_A_1.tiff,2276.650519031142,0.8353016349729508,40.030772466103954,72.81076615733765,0.953125
143318_A_2.tiff,4669.508650519031,0.8591011967960349,55.35880514489175,108.16370137865775,0.953125
143318_A_3.tiff,4743.695501730103,0.8199220144064252,58.9494507318634,102.97292795081023,0.88671875
143318_A_4.tiff,3995.18339100346,0.8271352903569514,53.53062080686508,95.2497307188289,0.96484375
143318_A_5.tiff,6332.567474048443,0.7361876106473902,74.34491192697237,109.85133299047295,0.94140625
143318_A_6.tiff,3586.1038062283737,0.876922165285954,47.04839842630833,97.88852602130913,0.97265625
143318_B_1.tiff,2193.5501730103806,0.8040834807393731,40.9580809686728,68.89310473742779,0.96875
143318_B_2.tiff,4540.955017301038,0.8589978871903367,54.49499708664035,106.43987980714536,0.94921875
143318_B_3.tiff,4574.283737024221,0.828273540411309,57.28030641694002,102.22712272552204,0.8828125
143318_B_4.tiff,4311.19723183391,0.8099119219332375,56.88189967161394,96.97681840861684,0.90625
143318_B_5.tiff,2436.2629757785467,0.809797566881554,42.79671869205123,72.94364108791542,0.9375
143318_B_6.tiff,3914.961937716263,0.8559622884627648,50.9859436966692,98.61154926289574,0.94921875
143321_A_1.tiff,2287.0588235294117,0.821644730600323,40.97054944948096,71.87816393347094,0.82421875
143321_A_2.tiff,2773.204152249135,0.7231222972172858,49.57037204764767,71.76623053594696,0.875
143321_A_3.tiff,992.1107266435986,0.5653643625926328,32.31485046563229,39.17705289686265,0.921875
143321_A_4.tiff,2737.2179930795846,0.74649270719318,48.18984686730385,72.42306978796283,0.8125
143321_A_5.tiff,2191.501730103806,0.7023144645159415,44.676006012764745,62.75893709475181,0.91796875
143321_A_6.tiff,3274.1314878892736,0.8055102304152397,49.80473556103278,84.04701251085899,0.91796875
143321_B_1.tiff,1924.6505190311418,0.8470296314720294,36.165916572578205,68.03915138536671,0.9375
143321_B_2.tiff,2540.567474048443,0.6952129221170055,48.45654962269001,67.41275630583871,0.93359375
143321_B_3.tiff,892.3460207612457,0.6295790824327069,29.754016845349472,38.29659237962501,0.93359375
143321_B_4.tiff,2648.8581314878893,0.766682188386707,46.56592727571294,72.52956840064816,0.9453125
143321_B_5.tiff,1994.242214532872,0.7017333531226938,42.59914368280529,59.793333713403925,0.9375
143321_B_6.tiff,3276.955017301038,0.8291953405612081,48.324705718061296,86.4548412914283,0.9609375
143375_A_1.tiff,3653.4809688581313,0.7990986239778848,53.10717589070932,88.33529545235778,0.93359375
143375_A_2.tiff,3302.8650519031144,0.7744677983636623,51.63357872887303,81.61949175268323,0.953125
143375_A_3.tiff,4603.294117647059,0.7420583698424652,63.06586662179246,94.08108052209377,0.86328125
143375_A_4.tiff,3878.8650519031144,0.8242662743774454,52.95121891671354,93.51995496721615,0.96484375
143375_A_5.tiff,3327.3356401384085,0.7756894416505365,51.73087997313762,81.9674645824534,0.96875
143375_A_6.tiff,2916.81660899654,0.6525804777573432,53.09093938020408,70.0667528783123,0.96875
143375_B_1.tiff,3614.9480968858134,0.832873260468066,50.775526913369866,91.74137625372992,0.9453125
143375_B_2.tiff,3389.121107266436,0.7629766603742837,52.91792172250247,81.86229985704182,0.87890625
143375_B_3.tiff,4877.397923875433,0.707771008590924,66.7176955094581,94.44186811020025,0.94140625
143375_B_4.tiff,4259.044982698962,0.8147854660326826,56.179830763612166,96.90144397893035,0.93359375
143375_B_5.tiff,3343.280276816609,0.7682358404315406,52.253308143969676,81.6245044855597,0.89453125
143375_B_6.tiff,2774.9757785467127,0.6505558078371072,51.883774270109235,68.31680404320461,0.94921875
143393_A_1.tiff,5334.145328719723,0.7927042779938273,64.57105754013665,105.9225437993694,0.95703125
143393_A_2.tiff,4711.086505190311,0.7865468921916384,61.25349898323903,99.19104161773147,0.890625
143393_A_3.tiff,5275.6262975778545,0.4836005287868642,77.0204021116812,87.99427096758967,0.9609375
143393_A_4.tiff,6907.847750865052,0.6740286417199584,81.08582637164295,109.76750273516086,0.9453125
143393_A_5.tiff,6708.152249134948,0.7778319516900969,73.67276934582796,117.22516202377732,0.96875
143393_A_6.tiff,3763.7093425605535,0.22359059203124934,68.43228760539675,70.20977786670731,0.9296875
143393_B_1.tiff,5444.318339100346,0.7853194419182142,65.80834443437274,106.29837861370542,0.95703125
143393_B_2.tiff,4763.6262975778545,0.7634604219642105,62.87019523823083,97.34419132359581,0.9765625
143393_B_3.tiff,5125.038062283737,0.5333649617402506,74.4533011542628,88.01820715216587,0.96875
143393_B_4.tiff,6885.148788927336,0.6820906925312588,80.44414674479421,110.00644349858142,0.9765625
143393_B_5.tiff,6682.574394463668,0.7868111908856519,72.78354523241013,117.92657144958162,0.9765625
143393_B_6.tiff,3738.297577854671,0.18326995039567676,68.47858842052881,69.65841916624005,0.95703125
143413_A_1.tiff,4452.152249134948,0.817711593615962,57.176131703653034,99.32824377237789,0.98046875
143413_A_2.tiff,4662.920415224913,0.8004348117105812,59.71761954134955,99.62570179942497,0.98046875
143413_A_3.tiff,5298.768166089965,0.769463693307875,65.76898481896757,102.97472591935865,0.984375
143413_A_4.tiff,3977.3564013840833,0.7708725287215529,56.87983254489559,89.29478124430514,0.98046875
143413_A_5.tiff,5679.280276816609,0.8309611143916755,63.50081781235908,114.14225482073365,0.98046875
143413_A_6.tiff,4377.079584775087,0.8377927645567946,55.2048965464487,101.1100256146472,0.9765625
143413_B_1.tiff,4336.166089965398,0.8230857171121762,56.05750041071413,98.70717811406512,0.8359375
143413_B_2.tiff,4721.550173010381,0.7995229906053678,60.144041319813624,100.13401253188749,0.921875
143413_B_3.tiff,5540.0415224913495,0.7376726659961932,69.09716524048146,102.34213504184792,0.96875
143413_B_4.tiff,3974.8650519031144,0.7633035921217632,57.2922114082955,88.68214848457934,0.96875
143413_B_5.tiff,12186.408304498269,0.6951382118528585,106.4927566086487,148.13784270070272,0.9375
143413_B_6.tiff,4497.217993079585,0.8339194992652553,56.271004683049675,101.96126439189719,0.890625
143429_A_1.tiff,4045.3979238754328,0.6074489056479088,64.02048789581998,80.59392274223217,0.96484375
143429_A_2.tiff,6741.923875432526,0.8239358093390707,69.88579412750066,123.32428670185455,0.81640625
143429_A_3.tiff,2938.076124567474,0.6219873670317141,54.15042379342879,69.15522030996442,0.95703125
143429_A_4.tiff,5318.698961937716,0.8220505583567874,62.34827841089045,109.49541637450318,0.97265625
143429_A_5.tiff,4192.276816608996,0.7492199949968396,59.86340720415991,90.38425065235877,0.94921875
143429_A_6.tiff,4476.844290657439,0.7817874781865513,59.75054188776443,95.82394862429754,0.9609375
143429_B_1.tiff,3635.1557093425604,0.7412682368889347,55.85622832191115,83.21735227666892,0.9765625
143429_B_2.tiff,5591.418685121107,0.7796580990375093,66.95695504762382,106.92490220164343,0.98046875
143429_B_3.tiff,3094.6989619377164,0.5794400970270887,56.70130854316136,69.57089174368078,0.97265625
143429_B_4.tiff,5550.671280276817,0.7704941912939802,67.57711773214612,106.01213244171751,0.97265625
143429_B_5.tiff,4301.6193771626295,0.7430622998924754,60.81246091253996,90.8703513798497,0.92578125
143429_B_6.tiff,4429.564013840831,0.7783606448039192,59.519641633892626,94.80406278732339,0.9375
143443_A_1.tiff,5719.861591695501,0.8315018484362137,63.88604072148012,115.00182247115832,0.9765625
143443_A_2.tiff,4944.442906574394,0.8811039369304527,54.59565256010338,115.44308606719324,0.97265625
143443_A_3.tiff,5961.57785467128,0.8183584229755059,66.33298978705798,115.42029878311557,0.98046875
143443_A_4.tiff,5368.249134948097,0.7486409655466809,67.44682064778257,101.73348183343472,0.8984375
143443_A_5.tiff,6013.010380622837,0.7816782093187622,69.23398865970644,111.00848509918032,0.96875
143443_A_6.tiff,5543.141868512111,0.8246031034373231,63.245976203777154,111.79895478302208,0.96484375
143443_B_1.tiff,5562.519031141868,0.8358572876311021,62.72725690420798,114.2683705114277,0.8984375
143443_B_2.tiff,5437.6193771626295,0.8637127698973702,59.132990345581696,117.3309990891475,0.96875
143443_B_3.tiff,7643.349480968858,0.7045700291914433,83.73536225849891,117.99787973150009,0.890625
143443_B_4.tiff,4458.519031141868,0.7850232204246806,59.460725544974466,95.9870164653635,0.97265625
143443_B_5.tiff,5692.4567474048445,0.7891102095508203,66.89738549658871,108.90876172819074,0.9609375
143443_B_6.tiff,5436.844290657439,0.8500816917309464,60.42294512339866,114.73055662845843,0.96484375
143444_A_1.tiff,7735.861591695501,0.8859941883592198,67.76844810500597,146.14833431002893,0.6484375
143444_A_2.tiff,8225.826989619378,0.6529945095862558,89.15121733680587,117.71272105889237,0.95703125
143444_A_3.tiff,5044.152249134948,0.8186589409753589,61.22679533039337,106.61488033277745,0.95703125
143444_A_4.tiff,5844.982698961938,0.8344058963037416,64.22403251651345,116.52722855137881,0.95703125
143444_A_5.tiff,6260.81660899654,0.8459866029130594,65.58336208981142,122.99859602731615,0.97265625
143444_A_6.tiff,7377.107266435986,0.8522812757934239,70.7411075507155,135.23858330353184,0.9765625
143444_B_1.tiff,8021.259515570934,0.888218230353753,68.67092184106987,149.47249845130517,0.984375
143444_B_2.tiff,7690.131487889274,0.682079396584902,84.6530284276244,115.76037280769097,0.98046875
143444_B_3.tiff,4944.387543252596,0.829125535415155,59.65732972712349,106.7095947549734,0.96484375
143444_B_4.tiff,5290.961937716263,0.8690290532604577,57.88296988953256,116.99176591329982,0.95703125
143444_B_5.tiff,6219.903114186851,0.8462434242955619,65.15288392618375,122.28475398547886,0.97265625
143444_B_6.tiff,8109.4532871972315,0.8014960839440997,78.87313084172074,131.8948625712257,0.94140625
143491_A_1.tiff,3203.1557093425604,0.8222829116896048,48.424365016582406,85.09253043322678,0.93359375
143491_A_2.tiff,4096.166089965398,0.7283834075242139,59.8433906332728,87.34096772212477,0.94140625
143491_A_3.tiff,3361.439446366782,0.8337271261762633,48.81065277810056,88.39680322435603,0.93359375
143491_A_4.tiff,2641.3840830449826,0.7774811157680174,46.055302246670315,73.23078713825933,0.9453125
143491_A_5.tiff,3584.221453287197,0.8199894306524652,51.24521745902393,89.53027216136609,0.94921875
143491_A_6.tiff,2742.6435986159167,0.7320495754344426,48.84003075401935,71.6916448641868,0.94921875
143491_B_1.tiff,4890.961937716263,0.6422393511004997,70.0414536860904,91.37778765031946,0.83984375
143491_B_2.tiff,3948.3460207612457,0.795470363743185,55.30009510931733,91.25541295627177,0.9296875
143491_B_3.tiff,3213.61937716263,0.8632548404733711,45.667301143098776,90.47180107296404,0.87109375
143491_B_4.tiff,2540.0138408304497,0.8149818659174319,43.42313114187771,74.93381481861041,0.84765625
143491_B_5.tiff,3911.4740484429067,0.8347300143726661,52.678777287746705,95.66489708475594,0.93359375
143491_B_6.tiff,2991.7231833910037,0.9249208445266975,51.029189083643615,134.2309116577436,0.93359375
143505_A_1.tiff,2619.9031141868513,0.7876250005210995,45.36237636996081,73.62170860570477,0.94140625
143505_A_2.tiff,4055.4740484429067,0.7619406835085831,57.902727484424375,89.40479022331105,0.92578125
143505_A_3.tiff,5626.4636678200695,0.8042145317321319,65.3831052457887,110.00976258718816,0.94140625
143505_A_4.tiff,7481.63321799308,0.7668090144293896,78.32963034723377,122.03246807347726,0.96484375
143505_A_5.tiff,5605.425605536332,0.8197167205817765,64.05927464211392,111.84134962330876,0.9375
143505_A_6.tiff,2366.173010380623,0.8288864529004902,41.07392485200526,73.42274813625419,0.953125
143505_B_1.tiff,3716.650519031142,0.7962420033899387,53.61621923701005,88.62503740918906,0.93359375
143505_B_2.tiff,5827.820069204152,0.8022917123768271,66.61696518748153,111.59888714427427,0.96484375
143505_B_3.tiff,5622.311418685121,0.7929568280681849,66.15161560816189,108.57381119749176,0.96875
143505_B_4.tiff,7404.069204152249,0.7763154844555873,77.21356745650381,122.4942229077543,0.9765625
143505_B_5.tiff,5625.356401384083,0.8229434978959187,63.902527070388004,112.48004695149555,0.9609375
143505_B_6.tiff,5166.505190311419,0.5476293696616066,74.55880614361313,89.1083215626034,0.96484375
143506_A_1.tiff,3562.1868512110727,0.8458187227602882,49.46246439128246,92.71828878470545,0.9453125
143506_A_2.tiff,3744.719723183391,0.8338296070734794,51.401970876914845,93.11581692301104,0.890625
143506_A_3.tiff,4259.98615916955,0.8564452625575794,53.06145065970016,102.78489113151312,0.9296875
143506_A_4.tiff,5354.906574394464,0.807144247147606,63.52116752880984,107.59838750985853,0.96484375
143506_A_5.tiff,3328.332179930796,0.7007783688106107,65.4108575914224,91.69158671546313,0.921875
143506_A_6.tiff,4092.1245674740485,0.7479011793274557,58.916025047047754,88.7543388961052,0.94921875
143506_B_1.tiff,3924.9273356401386,0.8324898329192328,53.42785377883371,96.43315059352857,0.94140625
143506_B_2.tiff,3751.806228373702,0.8269730515152068,51.91556911921684,92.33676908644183,0.9765625
143506_B_3.tiff,4418.768166089965,0.8164373500913528,57.100618325437814,98.88682661669583,0.96484375
143506_B_4.tiff,4974.948096885813,0.8291564284462832,59.77163959821401,106.92282490847344,0.95703125
143506_B_5.tiff,2293.204152249135,0.7352179769108653,44.863451258170926,66.18680433133873,0.81640625
143506_B_6.tiff,4597.259515570934,0.7348231976681008,63.04957540598701,92.95800426728493,0.95703125
143548_A_1.tiff,7854.615916955017,0.8190641153896091,76.57502151171842,133.47525835021884,0.96484375
143548_A_2.tiff,6484.2076124567475,0.8574083252310711,65.5306654365441,127.33382912947576,0.96875
143548_A_3.tiff,5883.294117647059,0.8544284494013914,63.002438009465266,121.25902195859504,0.9609375
143548_A_4.tiff,4736.0553633218,0.7347982120867063,64.24849716670627,94.72187076242483,0.95703125
143548_A_5.tiff,6022.200692041522,0.8111179786486207,67.06988095765664,114.67238725076749,0.9765625
143548_A_6.tiff,6520.692041522491,0.781092809334916,72.2116923381534,115.64696352533522,0.96875
143548_B_1.tiff,7607.916955017301,0.8319028911854112,74.36767556925254,134.0148305142808,0.97265625
143548_B_2.tiff,6406.975778546713,0.8572513813050899,65.11781278999081,126.46737449877061,0.94921875
143548_B_3.tiff,5912.747404844291,0.8551615924435176,62.869904303070705,121.28582772109795,0.98046875
143548_B_4.tiff,4793.688581314879,0.6886380789684251,69.38247915533786,95.6860827612036,0.96484375
143548_B_5.tiff,5809.217993079585,0.797095882841394,67.07362111179224,111.07611947380312,0.94921875
143548_B_6.tiff,6756.318339100346,0.7756015521924905,73.97699207846956,117.19632314180582,0.96484375
143549_A_1.tiff,2867.377162629758,0.8739605660095685,42.51505061581036,87.48009671109703,0.96875
143549_A_2.tiff,3052.733564013841,0.8358280380907703,46.277892049356495,84.29621512707386,0.9453125
143549_A_3.tiff,4015.833910034602,0.8222909574421017,54.49964848497078,95.77013013862488,0.9765625
143549_A_4.tiff,4234.4636678200695,0.8902096279955444,49.7015540759964,109.10203588109454,0.94140625
143549_A_5.tiff,3584.885813148789,0.8864268540631091,46.14043451328947,99.68363517709885,0.95703125
143549_A_6.tiff,3718.8650519031144,0.8678875820048597,48.84176471266911,98.3205182475922,0.96484375
143549_B_1.tiff,2795.2387543252594,0.8663632832909449,42.78880842027803,85.67797687960544,0.9765625
143549_B_2.tiff,3107.9307958477507,0.8306010077141462,47.000048749302564,84.40070000426084,0.96875
143549_B_3.tiff,4094.7820069204154,0.8196713501361664,55.14773150590141,96.27173712032634,0.96875
143549_B_4.tiff,4577.660899653979,0.8858590840938448,52.40262668183754,112.94779604128551,0.9609375
143549_B_5.tiff,3442.7681660899652,0.895056862492733,44.40247859241171,99.56783605150919,0.9609375
143549_B_6.tiff,3652.484429065744,0.8692538272149272,48.152672509836854,97.4028723264743,0.9609375
143557_A_1.tiff,4883.321799307959,0.8478382698429268,57.565793796076456,108.5624910824537,0.94921875
143557_A_2.tiff,5226.685121107266,0.7744157299025747,64.99884552291304,102.73621158741827,0.9453125
143557_A_3.tiff,4887.861591695501,0.8138133966212711,60.42726924555197,103.98302594597963,0.93359375
143557_A_4.tiff,6323.820069204152,0.8131780331993953,68.68833727939898,118.01815182339256,0.9609375
143557_A_5.tiff,3761.9377162629758,0.5786973967522402,62.93514288216144,77.16968096174227,0.95703125
143557_B_1.tiff,5111.972318339101,0.8269439891811657,60.631283235540934,107.83029649225169,0.94921875
143557_B_2.tiff,4988.512110726643,0.834508229489219,59.39469721037375,107.79525379785548,0.9296875
143557_B_3.tiff,4224.77508650519,0.8123527234871462,56.20770200698861,96.38364246624292,0.90234375
143557_B_4.tiff,5655.529411764706,0.8456735606690113,62.19017647602406,116.52635873657094,0.96484375
143557_B_5.tiff,4054.089965397924,0.5108169058974646,66.83677803660873,77.74525066842281,0.97265625
143557_B_6.tiff,6446.006920415225,0.8707318394842941,63.674022766693724,129.48239832988713,0.96875
143562_A_1.tiff,6409.799307958478,0.8020406418991616,70.06735687906135,117.31280683819588,0.9609375
143562_A_2.tiff,6093.564013840831,0.7929800977649175,69.00681694517188,113.265647304463,0.95703125
143562_A_3.tiff,5441.107266435986,0.6747234967100725,71.8353559195584,97.32857049239499,0.9296875
143562_A_4.tiff,5838.117647058823,0.835289659104886,64.31536194158184,116.9774032117951,0.953125
143562_A_5.tiff,4165.7024221453285,0.6179443231620386,64.80711664709202,82.42853566777677,0.94140625
143562_A_6.tiff,5241.134948096886,0.7782849365299982,65.1629869369351,103.77738145237538,0.953125
143562_B_1.tiff,5907.5432525951555,0.8425575741380389,63.97943612546322,118.7870202480903,0.9609375
143562_B_2.tiff,5934.837370242214,0.786779934920898,69.1303719465094,112.00033569266232,0.9609375
143562_B_3.tiff,5130.020761245674,0.7182483085926767,67.80799815727406,97.45512766798754,0.94921875
143562_B_4.tiff,5438.782006920415,0.8515137022032204,60.64631537666323,115.66388224712375,0.96484375
143562_B_5.tiff,4520.415224913495,0.743565302303973,62.218963791605,93.04976291397432,0.89453125
143562_B_6.tiff,5538.103806228373,0.7573994966605664,68.32620503737118,104.64204110801245,0.9609375
143566_A_1.tiff,9400.138408304498,0.8097908784509324,84.27943682509199,143.64541139758776,0.92578125
143566_A_2.tiff,8115.7093425605535,0.8268965253301024,76.86914930428462,136.69171966035995,0.9765625
143566_A_3.tiff,6643.377162629758,0.7778383003845032,73.79875518181717,117.42709379464783,0.95703125
143566_A_4.tiff,4442.186851211072,0.8423312564883323,55.310119828066966,102.62376314017723,0.9609375
143566_A_5.tiff,4679.806228373703,0.5404936239430774,71.07675955023558,84.47960920285848,0.96484375
143566_A_6.tiff,5703.695501730103,0.8010274967205462,66.12673948977378,110.463908564495,0.9609375
143566_B_1.tiff,8988.512110726644,0.8131161096293297,81.88317660714942,140.66820350453898,0.96875
143566_B_2.tiff,7899.737024221453,0.8316670779363378,75.23910686410693,135.49891904918633,0.78125
143566_B_3.tiff,5782.754325259516,0.7696552846928935,70.41936420075707,110.2957135040019,0.94921875
143566_B_4.tiff,4434.491349480969,0.8258219731370391,56.4723282038912,100.14050911311311,0.9296875
143566_B_5.tiff,4716.567474048443,0.5284384140525297,71.70954827513143,84.4663650047366,0.9296875
143566_B_6.tiff,5630.117647058823,0.8033713804083549,65.50002836031243,109.99565655260272,0.9609375
143580_A_1.tiff,2091.18339100346,0.8517884531269293,37.490940684032026,71.56318013580362,0.96484375
143580_A_2.tiff,7237.979238754326,0.8915761030870991,65.50799696589574,144.65048849913205,0.9140625
143580_A_3.tiff,6161.550173010381,0.8037960403177841,68.75769518994058,115.57761060975733,0.9765625
143580_A_4.tiff,3613.8961937716263,0.875187726584713,47.279362229131905,97.7283545730255,0.9375
143580_A_5.tiff,6456.359861591695,0.873727833409664,63.5859443931129,130.7236169673936,0.92578125
143580_A_6.tiff,2745.7993079584776,0.8633134064591984,42.060751153766546,83.3433801053104,0.953125
143580_B_1.tiff,2130.38062283737,0.8396462014146202,38.49513811890887,70.87598409856625,0.89453125
143580_B_2.tiff,3936.166089965398,0.7265501792268957,59.463833533258764,86.54151227353739,0.890625
143580_B_3.tiff,6206.228373702422,0.7924014076497103,69.9078680029575,114.60306089014368,0.9375
143580_B_4.tiff,3592.968858131488,0.8735153718992233,47.43545069654241,97.44409507203878,0.953125
143580_B_5.tiff,6289.439446366782,0.894216221088662,60.13892540920155,134.34804446742584,0.96875
143580_B_6.tiff,3483.017301038062,0.8006471319872042,51.623437791036,86.16311107462268,0.8984375
143584_A_1.tiff,2937.5778546712804,0.6769424313640087,52.650470663161535,71.53246991794734,0.95703125
143584_A_2.tiff,3701.923875432526,0.808370886355929,52.7211941818111,89.5593102512202,0.94921875
143584_A_3.tiff,5415.861591695501,0.6532444578544866,72.41069194770034,95.63623142654916,0.87890625
143584_A_4.tiff,3203.100346020761,0.8053677113031407,49.33838383122404,83.2328257263351,0.9140625
143584_A_5.tiff,4750.173010380623,0.4980534370485298,72.61482760079741,83.73999209339864,0.9609375
143584_A_6.tiff,4469.7024221453285,0.7918636779846454,59.060707144234364,96.71018666094179,0.87109375
143584_B_1.tiff,3213.3979238754328,0.7588543489528968,52.022450270829566,79.8796490691677,0.94140625
143584_B_2.tiff,3685.093425605536,0.7857045245240093,53.93327937796747,87.18575399428883,0.97265625
143584_B_3.tiff,5379.5432525951555,0.8081851633763927,64.30363661064563,109.1875159484159,0.96484375
143584_B_5.tiff,4856.470588235294,0.5153648796410298,73.04228536939227,85.2331035718235,0.953125
143584_B_6.tiff,4606.339100346021,0.782278367117414,60.475732479576315,97.08286358726536,0.98046875
143585_A_1.tiff,2448.9965397923875,0.77461560609811,44.61452152760199,70.54433938804337,0.95703125
143585_A_2.tiff,3268.5951557093426,0.794629153864703,50.56337307443613,83.28739570474616,0.97265625
143585_A_3.tiff,4019.8200692041523,0.8301044482065095,54.42160741679011,97.59833811588845,0.84375
143585_A_4.tiff,2721.7716262975778,0.8565126928632348,42.49467220948287,82.33391744006293,0.94921875
143585_A_5.tiff,3620.705882352941,0.8518737987397638,49.69081271869418,94.87558432590058,0.9375
143585_A_6.tiff,5768.193771626297,0.9110546828790005,55.449454205516744,134.49284319061653,0.89453125
143585_B_1.tiff,2555.4048442906574,0.7370322108715919,47.28579573725093,69.96413809782182,0.97265625
143585_B_2.tiff,2971.7923875432525,0.843416038830554,45.14451535256804,84.02715829505505,0.9609375
143585_B_3.tiff,2908.899653979239,0.8932922136916231,40.8926670821581,90.97845497108653,0.94140625
143585_B_4.tiff,2911.612456747405,0.8418504502646051,45.174184014773225,83.70071240174693,0.80078125
143585_B_5.tiff,3810.934256055363,0.8526696197931882,50.931112383390854,97.4850495761432,0.9375
143585_B_6.tiff,3300.4290657439446,0.7390398417418937,54.41837477164221,80.77997190062534,0.87109375
143609_A_1.tiff,2813.674740484429,0.7451583514934924,48.982127657875324,73.44885382706761,0.90625
143609_A_2.tiff,3743.114186851211,0.7372788796836776,56.77854898981372,84.04309277686103,0.921875
143609_A_3.tiff,4604.844290657439,0.8051428956626651,59.055344575092384,99.57384840606159,0.9375
143616_A_1.tiff,6198.477508650519,0.8184609191647444,67.45266548178564,117.39836916535592,0.9375
143616_A_2.tiff,4284.78892733564,0.8626351321449771,52.58664268944887,103.96178160157262,0.8984375
143616_A_3.tiff,6809.743944636678,0.7637477541937236,75.25228343046305,116.57716049601508,0.90234375
143616_A_4.tiff,7133.840830449827,0.7589197677407138,77.57722873571787,119.13255221144647,0.84765625
143616_A_5.tiff,6924.678200692041,0.7143050476546716,78.66912929688436,112.41105087761078,0.94140625
143616_A_6.tiff,7018.186851211072,0.7975368396328716,74.03197231962804,122.71775848225198,0.85546875
143616_B_2.tiff,6074.2975778546715,0.8561847786751383,64.49945223047061,124.83690584008627,0.9453125
143616_B_3.tiff,5420.955017301038,0.8149567072138071,64.20024427704851,110.78140567458821,0.9296875
143616_B_4.tiff,5458.878892733564,0.8709492579781297,59.059231882739425,120.19226977420192,0.8671875
143616_B_6.tiff,8567.584775086505,0.7532890053444623,85.14346326226732,129.4584206840189,0.890625
143620_A_6.tiff,2854.0346020761244,0.6914486296765621,51.259564367512326,70.95479750226527,0.97265625
143620_B_5.tiff,1540.484429065744,0.3870373867105092,42.63392924003976,46.23749350070338,0.953125
143621_A_1.tiff,4769.60553633218,0.8073373983518962,60.09769961540397,101.84495502075417,0.93359375
143621_A_2.tiff,4112.996539792388,0.7988169851965519,56.30851750435086,93.60196100991868,0.97265625
143621_A_3.tiff,4437.3702422145325,0.6347553539977393,66.47494065041451,86.02796402539231,0.95703125
143621_A_4.tiff,3415.6401384083047,0.7820761552512366,52.85164446585702,84.80920633614706,0.96484375
143621_A_5.tiff,2007.6955017301038,0.8394483490646966,37.35545744240996,68.73894658872489,0.9375
143621_A_6.tiff,2120.3598615916953,0.7856708601565152,40.94920656394643,66.19179750440637,0.9296875
143621_B_1.tiff,5284.76124567474,0.7577948053271435,66.33777071902782,101.66818204910105,0.93359375
143621_B_2.tiff,4135.861591695501,0.7749086550715734,57.85296977778533,91.52890272408382,0.9609375
143621_B_3.tiff,4776.193771626297,0.5408824975512858,71.63445363016744,85.16776825440618,0.94140625
143621_B_4.tiff,3402.1868512110727,0.791505306898065,51.48414634269847,84.23972957674943,0.9375
143621_B_5.tiff,2064.332179930796,0.8508291572111617,37.33620584375496,71.05670164345601,0.94140625
143621_B_6.tiff,2031.6678200692043,0.7815153169722553,40.25236100307642,64.51877020692434,0.93359375
143628_A_1.tiff,3040.9965397923875,0.6903875045319379,52.96035434799761,73.20630812691151,0.95703125
143628_A_2.tiff,2583.806228373702,0.6017913226363468,51.28322340900113,64.2121167857771,0.91796875
143628_A_3.tiff,2506.40830449827,0.5528131600858132,51.62987289703187,61.9579367812568,0.94921875
143628_A_4.tiff,2880.885813148789,0.7647577202652188,48.69367891993034,75.57399016342985,0.97265625
143628_B_2.tiff,2770.2698961937717,0.5715069724877627,53.83380192150319,65.60319885557703,0.8828125
143628_B_3.tiff,2403.3217993079584,0.5818246071648986,50.00778159507028,61.48641737340623,0.953125
143628_B_4.tiff,2940.622837370242,0.7641898453127958,49.20967607293434,76.29509106026205,0.9765625
143628_B_5.tiff,3093.8685121107264,0.7274866747587573,52.11591523461258,75.95723453341141,0.94140625
143633_A_1.tiff,2728.083044982699,0.7022448716483031,49.7933435244432,69.94080827022833,0.9375
143633_A_2.tiff,2973.840830449827,0.7882831227769797,48.34556857322683,78.57073094880697,0.9609375
143633_A_3.tiff,2460.0138408304497,0.7715362187314582,44.802510833843904,70.42367025894872,0.94921875
143633_A_4.tiff,2851.8200692041523,0.8211916955097645,45.689069181223715,80.06461822207768,0.9609375
143633_A_5.tiff,3195.9584775086505,0.7949691209664677,49.74753180560075,82.00369291588827,0.953125
143633_A_6.tiff,3029.370242214533,0.8306916848317514,46.35328003342275,83.25948543439432,0.96875
143633_B_1.tiff,2589.785467128028,0.7011486693562845,48.564689267625575,68.11172548773824,0.9296875
143633_B_2.tiff,2838.7543252595156,0.7983773811920257,46.74202968346638,77.62426935582037,0.97265625
143633_B_3.tiff,2401.4948096885814,0.7555458649210117,44.90307433608362,68.54429159311928,0.9453125
143633_B_4.tiff,2965.370242214533,0.8291823214052388,46.074443787656406,82.42618427050324,0.9375
143633_B_5.tiff,3040.719723183391,0.7916623362578652,48.74971314964077,79.7921353601801,0.9609375
143633_B_6.tiff,3043.100346020761,0.841956330453029,45.7489220905793,84.79156452843318,0.96875
143637_A_6.tiff,2889.1349480968856,0.6802971064564944,52.092085196726835,71.07312625430234,0.9375
143637_B_1.tiff,2043.4048442906574,0.5183168786533583,47.27939046352411,55.28533488970941,0.96484375
143637_B_2.tiff,4220.955017301038,0.662341657397034,63.88310156047055,85.26820230350701,0.95703125
143703_B_1.tiff,4989.342560553633,0.8427032456682799,58.619150030239204,108.88095860478295,0.97265625
143703_B_2.tiff,2943.501730103806,0.8704757995590611,43.09724457190176,87.5584364231004,0.96875
143703_B_3.tiff,3469.61937716263,0.8805848460554521,45.82215109278304,96.69394637963333,0.9609375
143703_B_4.tiff,3194.795847750865,0.8949705684601404,42.65573155927924,95.61381624971102,0.9765625
143703_B_5.tiff,4664.636678200692,0.8163145903227331,58.71004974056263,101.64349315284245,0.96484375
143703_B_6.tiff,2733.508650519031,0.8190145349534393,44.90230700463652,78.25799577178269,0.97265625
143712_A_1.tiff,4048.9411764705883,0.8266350678465902,54.243235193774495,96.39157166175485,0.953125
143712_A_2.tiff,3738.1868512110727,0.7936792273393418,53.86895518067024,88.55124776695243,0.9765625
143712_A_3.tiff,6029.4532871972315,0.8510628186237521,63.65540082921751,121.23363113689851,0.8984375
143712_A_4.tiff,6301.674740484429,0.8337589930137985,66.63518889608132,120.68781492539159,0.95703125
143712_A_5.tiff,2856.0276816609,0.8183854789454486,45.79440095117639,79.68821890382,0.9765625
143712_A_6.tiff,5399.086505190311,0.7043439712892049,69.89917831027351,98.4691244978019,0.95703125
143712_B_1.tiff,3707.515570934256,0.8295040568933235,51.39990974236645,92.03195404416262,0.953125
143712_B_2.tiff,3566.39446366782,0.8025113908748155,52.12297569816429,87.36131589869139,0.97265625
143712_B_3.tiff,6022.089965397924,0.8404316105203692,64.58900653343652,119.18602389158546,0.97265625
143712_B_4.tiff,6147.487889273357,0.8475630618713538,64.5386102468913,121.61156163017262,0.9609375
143712_B_5.tiff,2748.0692041522493,0.8248745768260417,44.54403961463654,78.79496927864295,0.9765625
143712_B_6.tiff,5375.778546712802,0.6696588830744635,71.3431129162924,96.06315860935374,0.9765625
143714_A_1.tiff,2687.944636678201,0.7932852308078586,45.70522838287068,75.06810349900695,0.9609375
143714_A_2.tiff,3070.7820069204154,0.6910360192841577,53.200140529524056,73.60078127378864,0.96875
143714_A_3.tiff,2894.006920415225,0.8085401712764021,46.6658442806249,79.30420477876281,0.97265625
143714_A_4.tiff,2506.574394463668,0.8502952402720529,41.072755268464434,78.03968672649226,0.95703125
143714_A_5.tiff,1428.5397923875432,0.7632101922724069,34.392558058019155,53.22687055689772,0.953125
143714_A_6.tiff,2657.3287197231834,0.7377720135060042,47.84116363746285,70.87055192029695,0.94140625
143714_B_1.tiff,2914.1038062283737,0.7876193005382488,47.859012584213055,77.67275207729574,0.9453125
143714_B_2.tiff,3154.38062283737,0.6746429876534579,54.4879968920841,73.81755208712524,0.9765625
143714_B_3.tiff,2881.1072664359863,0.8088103304324833,46.55944767530894,79.17336317984476,0.96875
143714_B_4.tiff,2724.705882352941,0.8352822830809145,43.701830974560245,79.48369347608484,0.96484375
143714_B_5.tiff,1484.7889273356402,0.7673607373322731,35.00155634900972,54.58624850686885,0.9296875
143714_B_6.tiff,2892.235294117647,0.7528504406467904,49.30541002390693,74.91041851576281,0.88671875
143716_A_1.tiff,5732.871972318339,0.6457741035147629,74.7395165208572,97.88699983613505,0.9609375
143716_A_2.tiff,5001.799307958478,0.8075465834445718,62.04229596171098,105.19141548336069,0.93359375
143716_A_3.tiff,3983.612456747405,0.7956114887415405,55.50038689842896,91.61394457749192,0.9609375
143716_A_4.tiff,4640.498269896194,0.7736222374855154,61.562935004424816,97.15650249558084,0.96875
143716_A_5.tiff,4071.0865051903115,0.8201268447588399,54.501436224601164,95.25196484427562,0.95703125
143716_A_6.tiff,4546.7128027681665,0.7840472093604369,60.154613025593235,96.91396360861944,0.92578125
143716_B_1.tiff,6931.155709342561,0.6741429875528226,81.08491371198681,109.78177519014174,0.90625
143716_B_2.tiff,5613.010380622837,0.8552832959993562,61.247432924066516,118.20162365428861,0.96484375
143716_B_3.tiff,3977.3010380622836,0.778964272653287,56.43751705326463,90.00218381750872,0.94140625
143716_B_4.tiff,4427.18339100346,0.7341874663707463,62.06954993980623,91.420343197646,0.94140625
143716_B_5.tiff,4101.038062283737,0.8105211620001894,55.453078861004734,94.67678567282306,0.95703125
143716_B_6.tiff,4831.723183391004,0.7557213942006501,63.535374345850684,97.01638235243547,0.953125
143733_A_1.tiff,5000.083044982699,0.814769628548685,60.92670210031264,105.08502232038272,0.9375
143733_A_2.tiff,5029.813148788928,0.7189609820216356,66.78331430275362,96.08412713592287,0.9296875
143733_A_3.tiff,5184.77508650519,0.8959727928686131,54.3729439262389,122.43154437597752,0.94921875
143733_A_4.tiff,4987.18339100346,0.8299835404545255,59.670103625142964,106.97633532221448,0.94140625
143733_A_5.tiff,1966.560553633218,0.6299624998244315,44.133025971643434,56.82664680408835,0.90625
143733_A_6.tiff,4287.16955017301,0.8277758232503365,55.66763808569702,99.21886898782716,0.9296875
143733_B_1.tiff,4881.993079584775,0.8263429426553842,59.36633584303093,105.41510858736903,0.96484375
143733_B_2.tiff,6041.079584775087,0.4361099519754739,93.63665804137929,104.0530570495948,0.8984375
143733_B_3.tiff,3924.705882352941,0.9360898207257592,42.098699328376206,119.67981508150007,0.91796875
143733_B_4.tiff,5239.972318339101,0.8219518085167689,61.75303837818539,108.4229213017339,0.78515625
143733_B_5.tiff,1945.190311418685,0.5909639829853083,44.716934121638744,55.43206664193141,0.83203125
143733_B_6.tiff,4047.667820069204,0.8181892134322286,54.73949480210737,95.20755747893561,0.953125
143734_A_1.tiff,3462.9204152249135,0.809294889228007,51.00624105776996,86.83353365997016,0.8515625
143734_A_2.tiff,6073.024221453287,0.6644736226702704,77.55061479366687,103.77278030332512,0.875
143734_A_3.tiff,4833.494809688581,0.8048596212318073,60.759360733518555,102.3806563933698,0.9296875
143734_A_4.tiff,4062.8373702422145,0.7800957045961135,56.963726622382474,91.04578843258963,0.90625
143734_A_5.tiff,3245.840830449827,0.8194316181078131,48.80635530766815,85.1505887847323,0.9296875
143734_A_6.tiff,4392.692041522491,0.8186386275766866,56.84386368595269,98.97784341648547,0.92578125
143734_B_1.tiff,3491.6539792387543,0.7691301199472299,53.541993853874565,83.77819764035769,0.890625
143734_B_2.tiff,4224.0,0.8618136136896406,52.38708647368993,103.28173264119216,0.94140625
143734_B_3.tiff,3804.5121107266436,0.7580610797049259,56.42892952603942,86.5230784009921,0.9375
143734_B_4.tiff,3743.3356401384085,0.7928765005614166,54.04041011855757,88.68062827115534,0.9609375
143734_B_5.tiff,3205.8131487889273,0.804924869245026,49.355453764357605,83.17726409965097,0.9296875
143734_B_6.tiff,3940.2076124567475,0.7989154123618173,54.99780950899238,91.44303432701491,0.95703125
143742_A_1.tiff,2491.128027681661,0.8106406318025321,43.194882018190626,73.76880753558528,0.95703125
143742_A_2.tiff,2602.463667820069,0.8900753300379382,39.028733679188626,85.62435607782209,0.9375
143742_A_3.tiff,4178.7128027681665,0.8131952744644015,55.82525711773698,95.92118020056766,0.95703125
143742_A_4.tiff,2761.2456747404844,0.9292362487634569,36.30068639680406,98.24641382752908,0.953125
143742_A_5.tiff,1721.688581314879,0.8106647043894685,35.92513097860586,61.35692006811025,0.95703125
143742_A_6.tiff,2310.7543252595156,0.891959996334761,37.279803789363925,82.45658573361249,0.94921875
143742_B_1.tiff,2238.9480968858134,0.767961947098825,43.86779702157212,68.49040943755801,0.94140625
143742_B_2.tiff,2659.7093425605535,0.8915407642539552,39.68832402971799,87.62370999146208,0.94140625
143742_B_3.tiff,4204.346020761246,0.8338071619631305,54.58105042618787,98.86871852411247,0.94921875
143742_B_4.tiff,2814.2837370242214,0.9250030868745583,37.18002118534899,97.85256711974904,0.94140625
143742_B_5.tiff,1793.107266435986,0.8256789198188725,35.95584671705764,63.73564213025813,0.9609375
143742_B_6.tiff,3177.0795847750865,0.8495521148842279,46.588230797561394,88.31813473530256,0.9609375
143749_A_1.tiff,3118.2283737024222,0.7566766247335462,51.046760039365644,78.07830113266498,0.9609375
143749_A_2.tiff,4786.491349480969,0.8378041263374445,57.71457279427308,105.70997582607339,0.9765625
143749_A_3.tiff,3171.8754325259515,0.8080513710848508,48.89038070895251,82.98995500755939,0.96484375
143749_A_4.tiff,4380.512110726643,0.8498384570120515,54.318318269613485,103.06235271911635,0.9765625
143749_A_5.tiff,3340.899653979239,0.7692499468744821,52.2186190817632,81.72593206112433,0.97265625
143749_A_6.tiff,1736.083044982699,0.7431848680036088,38.54080345337869,57.60215555647611,0.96875
143749_B_1.tiff,3271.2525951557095,0.7799821532081903,51.094659951762864,81.64671842968033,0.93359375
143749_B_2.tiff,4632.359861591695,0.8442824992952641,56.291867302597254,105.04205761612545,0.66796875
143749_B_3.tiff,3275.18339100346,0.8344975597766755,49.379815427431865,89.61664731568774,0.93359375
143749_B_4.tiff,4495.391003460208,0.8391346817996841,55.87047147019592,102.71748041301014,0.96875
143749_B_5.tiff,3219.21107266436,0.7737134576000817,51.051269343757156,80.58151923253618,0.9453125
143749_B_6.tiff,1653.9238754325258,0.7557880707064013,37.23345427517982,56.86091509836769,0.953125
143759_A_1.tiff,3988.871972318339,0.7127375605015273,59.79097111389787,85.24143928690714,0.94140625
143759_A_2.tiff,4209.993079584775,0.6057747780991521,65.42011012750991,82.22364999044329,0.93359375
143759_A_3.tiff,4404.871972318339,0.6577038665831024,65.10973756883921,86.43536553541715,0.91796875
143759_A_4.tiff,3353.8546712802768,0.5990235391526151,58.58944281960561,73.16990653278873,0.921875
143759_A_5.tiff,4223.058823529412,0.7148096988454615,61.354086551516474,87.73404501708099,0.9453125
143759_A_6.tiff,3999.944636678201,0.5506702749806037,65.31843513673604,78.25164313765144,0.94921875
143759_B_1.tiff,4183.640138408305,0.7242033319171041,60.678186215576424,87.99213247139548,0.9453125
143759_B_2.tiff,3959.0865051903115,0.5251837671949079,69.32730542255992,81.46676187837284,0.9375
143759_B_3.tiff,4006.477508650519,0.6526703172935133,62.287415461129086,82.2121957093177,0.9375
143759_B_4.tiff,3419.9584775086505,0.6128090728258683,58.919260778584885,74.55954075834867,0.90234375
143759_B_5.tiff,3940.3737024221455,0.7369855856427158,58.256675348469976,86.1901851800951,0.9609375
143759_B_6.tiff,3966.9480968858134,0.5151031473515056,65.9062886077515,76.89198508615242,0.953125
143762_A_1.tiff,5372.401384083045,0.8516989193879152,60.011363738429054,114.5186320735342,0.96484375
143762_A_2.tiff,4879.9446366782,0.8268221834688785,59.19660824260847,105.24526251477442,0.97265625
143762_A_3.tiff,2747.681660899654,0.7985208557897272,46.07217110200632,76.53602282939649,0.95703125
143762_A_4.tiff,3858.491349480969,0.7776383913369485,55.63726856240008,88.49407346957945,0.96875
143762_A_5.tiff,5166.062283737024,0.8301156285925203,60.69325145927546,108.84899547587663,0.90234375
143762_A_6.tiff,5668.705882352941,0.8268758489629167,63.85188589135029,113.53777607826538,0.96484375
143762_B_1.tiff,5178.740484429066,0.8607253652034809,58.04876634699471,114.02913802991657,0.9609375
143762_B_2.tiff,4774.588235294118,0.8223056986281247,59.14970007919324,103.94537732528673,0.953125
143762_B_3.tiff,2818.325259515571,0.7838946721559614,47.47237463878857,76.45811999275236,0.9453125
143762_B_4.tiff,4200.636678200692,0.7680156867713918,58.63843721978883,91.56089324831147,0.96875
143762_B_5.tiff,5411.5432525951555,0.8146832521671665,63.35652856059919,109.25306327830135,0.953125
143762_B_6.tiff,6135.19723183391,0.8407443545501917,65.20203589706288,120.42509557406709,0.95703125
143771_A_1.tiff,2379.4048442906574,0.8528300564317924,39.970829515456046,76.5448199805619,0.9609375
143771_A_2.tiff,2748.78892733564,0.7866808554201342,46.656822758620955,75.57475573127684,0.97265625
143771_A_3.tiff,3057.0519031141866,0.7863254711980385,49.525383641232054,80.16248571372206,0.9609375
143771_A_4.tiff,2723.100346020761,0.778442185101569,46.790007903929066,74.5400545450299,0.97265625
143771_A_5.tiff,2266.629757785467,0.5472503573618397,50.824093709394226,60.72398847209115,0.9609375
143771_A_6.tiff,2479.1695501730105,0.7487476205474857,45.78870121120001,69.07798568353417,0.9765625
143771_B_1.tiff,2475.7923875432525,0.8524494958700001,40.703716161613606,77.85571977812809,0.98046875
143771_B_2.tiff,2777.0242214532873,0.7899966174392091,46.67898500642485,76.1346146546651,0.87890625
143771_B_3.tiff,7873.716262975779,0.8593799450313342,72.8424532699952,142.45472580448504,0.86328125
143771_B_4.tiff,2749.5640138408303,0.7704881731375446,47.455377736096565,74.44514578185661,0.7421875
143771_B_5.tiff,3179.9031141868513,0.7497900926550584,52.41486888973455,79.21533736619574,0.92578125
143771_B_6.tiff,2576.332179930796,0.7387769151033494,47.05757672144576,69.82353771026445,0.94921875
150010_A_1.tiff,2617.4117647058824,0.8490496409124951,42.07461065571068,79.63954043947957,0.94921875
150010_A_2.tiff,5055.778546712802,0.8156808417608418,61.10719863946605,105.63002434825508,0.96484375
150010_A_3.tiff,3429.702422145329,0.786421125311222,52.19697704556152,84.50341921962159,0.97265625
150010_A_4.tiff,3875.21107266436,0.6643734758537466,65.51923192063742,87.6627856159731,0.84765625
150010_A_5.tiff,2748.4567474048445,0.8084583130805443,45.456475734490766,77.23423628954446,0.921875
150010_A_6.tiff,4957.730103806229,0.8249960728575804,59.846517079850436,105.89708760052795,0.953125
150010_B_1.tiff,2714.795847750865,0.8550643078015281,42.47341853093337,81.91247679425352,0.6796875
150010_B_2.tiff,5037.397923875433,0.8279375560187119,60.10385610083698,107.17132855556065,0.91015625
150010_B_3.tiff,3556.318339100346,0.7545649410723051,54.65889749391258,83.29287335976183,0.87890625
150010_B_4.tiff,6521.965397923876,0.743122642180177,75.06910778287929,112.1848907480239,0.734375
150010_B_5.tiff,2670.39446366782,0.8037658100504992,45.04151588276045,75.7069211336262,0.796875
150010_B_6.tiff,8765.896193771627,0.8373723121314806,78.61002389251591,143.8076868538876,0.75390625
150017_A_1.tiff,4260.595155709342,0.833972075679001,55.314934614751934,100.24332761503268,0.96875
150017_A_2.tiff,4894.837370242214,0.847862955427328,57.65389300968964,108.73673052577796,0.9765625
150017_A_3.tiff,5189.59169550173,0.8058071154663168,62.58499172023973,105.68609775340337,0.97265625
150017_A_4.tiff,4970.740484429066,0.8162375671446312,60.63535679322632,104.9569602551189,0.9765625
150017_A_5.tiff,4039.916955017301,0.8949691074765955,49.038677305410616,109.92061574014092,0.96875
150017_A_6.tiff,3565.010380622837,0.8215455239981175,50.94486574294525,89.35455258426319,0.97265625
150017_B_1.tiff,4286.726643598616,0.8432612908040072,55.14756826622967,102.599390925204,0.91015625
150017_B_2.tiff,5035.23875432526,0.8206518474909651,60.6297670775386,106.10210327682991,0.76953125
150017_B_3.tiff,4936.304498269897,0.8288024518038659,59.44849270287483,106.24504376036394,0.765625
150017_B_4.tiff,4964.927335640138,0.8140167911379872,60.66393268902139,104.44148578481854,0.9453125
150017_B_5.tiff,3897.688581314879,0.8983798956990137,47.98596373404876,109.25286645184815,0.69921875
150017_B_6.tiff,3717.370242214533,0.8144304543816201,52.52964040570273,90.52758029543837,0.95703125
P1200851.tiff,5047.363321799308,0.8334885692373301,59.73212931986012,108.1052703100155,0.90625
P1200852.tiff,3760.6643598615915,0.8157943730923809,52.718388970687,91.15434000488983,0.9140625
P1200853.tiff,3927.529411764706,0.7591296269633744,57.18824044742278,87.85492662930145,0.90234375
P1200854.tiff,3054.5051903114186,0.8164437979956993,47.52932539823604,82.31256517656072,0.87890625
P1200855.tiff,3691.9031141868513,0.8296004979025958,51.291437595360684,91.86129764385359,0.85546875
P1200856.tiff,3467.017301038062,0.7729665282567489,53.17941009016059,83.82012457950076,0.90234375
P1200857.tiff,4589.896193771627,0.8417765053777282,56.250521401261594,104.20117156856993,0.94921875
P1200858.tiff,4226.823529411765,0.8299643264739874,56.51365186197772,101.31226786460347,0.89453125
P1200859.tiff,3698.989619377163,0.7840629039324135,54.18689440212592,87.30227303167408,0.94140625
P1200860.tiff,2993.7716262975778,0.800507775750314,47.93755470776854,79.9862599085906,0.91015625
P1200861.tiff,3864.138408304498,0.803288807113813,54.173546843720764,90.95783006329808,0.953125
140477_A_2.tiff,3463.6401384083047,0.839639998491783,49.47861939909974,91.09680079062866,0.92578125,
141695_A_5.tiff,1662.892733564014,0.6924700691665228,39.099665386143606,54.196201265767,0.92578125,
143616_B_5.tiff,5899.847750865052,0.6543633062463607,75.77461852301364,100.20707677088923,0.87890625,
