image_id,mask_filename,individual,region,pc1,pc2,mahalanobis_dist,is_outlier
143506_A_5.tiff,143506_A_5_mask.png,143506,A,28.829835958180105,-18.26734879044239,13.057667825842609,True
140600_A_3.tiff,140600_A_3_mask.png,140600,A,30.58469951012499,-15.53956432225366,12.520627943603277,True
143585_B_6.tiff,143585_B_6_mask.png,143585,B,15.221065330725597,-12.411369458915738,7.969566992913855,True
141972_B_2.tiff,141972_B_2_mask.png,141972,B,13.82394504142329,-10.490313590177646,6.923292656113685,True
140600_A_6.tiff,140600_A_6_mask.png,140600,A,21.785991559782712,-1.1885649286436966,6.9147661971257905,True
143170_B_3.tiff,143170_B_3_mask.png,143170,B,15.03706725521873,-7.845646838629277,6.223177331638051,True
141611_A_5.tiff,141611_A_5_mask.png,141611,A,16.625669956085876,-6.409946314074833,6.196296062266239,True
141946_B_6.tiff,141946_B_6_mask.png,141946,B,15.377491231018098,-7.176534463634661,6.093410724050602,True
143562_B_2.tiff,143562_B_2_mask.png,143562,B,13.408964852262667,-7.851561560886594,5.841473414550756,True
141377_B_4.tiff,141377_B_4_mask.png,141377,B,14.975139542169043,-6.489047527650888,5.783395859674751,True
141946_B_2.tiff,141946_B_2_mask.png,141946,B,14.580481681025566,-6.248445413592533,5.61060003933317,True
143771_A_5.tiff,143771_A_5_mask.png,143771,A,9.474938792230894,-8.69953982838786,5.366623807855823,True
150010_B_4.tiff,150010_B_4_mask.png,150010,B,14.522708485436567,-4.916184286706623,5.235846599461254,True
143585_A_3.tiff,143585_A_3_mask.png,143585,A,13.019232964717704,-6.069230998083115,5.15686414939526,True
143060_A_6.tiff,143060_A_6_mask.png,143060,A,12.087917487425901,-6.753221769210369,5.153014240993787,True
150010_A_4.tiff,150010_A_4_mask.png,150010,A,12.237691329796364,-6.4930585401633145,5.100482911805428,True
141775_B_4.tiff,141775_B_4_mask.png,141775,B,10.86578939012314,-6.241217786652658,4.691105347731724,True
141775_B_3.tiff,141775_B_3_mask.png,141775,B,14.0161078279429,-2.195267023730941,4.5716252348752695,True
143313_B_5.tiff,143313_B_5_mask.png,143313,B,7.092232580279481,-7.614835005122212,4.4965294968092415,True
140902_A_3.tiff,140902_A_3_mask.png,140902,A,8.168298176371467,-7.088700418093802,4.453493198018116,True
143771_B_3.tiff,143771_B_3_mask.png,143771,B,13.903226047331396,-0.9831216473416702,4.424411995404983,True
141848_A_6.tiff,141848_A_6_mask.png,141848,A,2.5993968659769213,8.488085578574081,4.421549450272876,True
140854_A_6.tiff,140854_A_6_mask.png,140854,A,12.140921722390413,3.0748003015985055,4.148626577566273,True
141754_B_4.tiff,141754_B_4_mask.png,141754,B,4.188263488690992,-7.631401593466754,4.124371425032005,True
143616_A_6.tiff,143616_A_6_mask.png,143616,A,12.60027824767741,-2.0680737510345018,4.121987567563922,True
141861_A_2.tiff,141861_A_2_mask.png,141861,A,12.538699064388421,-2.143113709947803,4.113250044180464,True
141775_A_2.tiff,141775_A_2_mask.png,141775,A,11.446349931357759,-3.134937911525261,3.9586975204519206,True
141883_A_2.tiff,141883_A_2_mask.png,141883,A,7.207412516242044,-5.987297993532914,3.8188760226154264,True
143557_A_5.tiff,143557_A_5_mask.png,143557,A,8.386379248469359,-5.327249153079817,3.8032961504520713,True
143506_B_1.tiff,143506_B_1_mask.png,143506,B,9.492145295774412,-4.432495849590426,3.762113739113914,False
140918_A_2.tiff,140918_A_2_mask.png,140918,A,9.641908778351347,-4.19773203268445,3.729499192261114,False
143413_B_5.tiff,143413_B_5_mask.png,143413,B,8.370191437406136,5.124583197989759,3.7259929374732965,False
143065_B_3.tiff,143065_B_3_mask.png,143065,B,11.456690413447758,1.5529849410419652,3.708386712434512,False
143616_B_2.tiff,143616_B_2_mask.png,143616,B,10.930904851299738,-1.7101411530820105,3.5650866813483844,False
150010_B_6.tiff,150010_B_6_mask.png,150010,B,11.17515827002108,0.9139384436708771,3.5640187954889657,False
141815_B_1.tiff,141815_B_1_mask.png,141815,B,10.97992579691333,-1.4162557766603612,3.5463369111137926,False
140945_A_1.tiff,140945_A_1_mask.png,140945,A,8.085832349647994,-4.792182881298515,3.5428393610176245,False
140330_A_2.tiff,140330_A_2_mask.png,140330,A,9.246737730250532,3.5162935687481123,3.433064419852698,False
141955_A_2.tiff,141955_A_2_mask.png,141955,A,9.91485973122498,2.651896547736553,3.4159707157859978,False
140852_B_2.tiff,140852_B_2_mask.png,140852,B,8.402370990597879,-3.9119123151141055,3.3265858562999844,False
143274_B_1.tiff,143274_B_1_mask.png,143274,B,9.764810611425698,-2.373746185157887,3.3177509889616204,False
140504_B_2.tiff,140504_B_2_mask.png,140504,B,9.80235415847149,-2.2138497219821525,3.299808304010287,False
141357_B_2.tiff,141357_B_2_mask.png,141357,B,10.053497910688343,1.7173242094614296,3.2978546562554354,False
143444_B_1.tiff,143444_B_1_mask.png,143444,B,1.8971414101038475,6.029848578350922,3.1440334175691906,False
140849_B_2.tiff,140849_B_2_mask.png,140849,B,4.674374697762723,-5.347815287668348,3.1106854507667423,False
141906_A_5.tiff,141906_A_5_mask.png,141906,A,9.15297358933142,2.182271249271837,3.1019249437604084,False
143580_B_4.tiff,143580_B_4_mask.png,143580,B,5.739861065395155,-4.840384801009282,3.0710228195647558,False
141418_A_2.tiff,141418_A_2_mask.png,141418,A,9.160344222138486,1.8970553679384619,3.054607308912917,False
143616_B_3.tiff,143616_B_3_mask.png,143616,B,8.877209480029657,-1.8708346056718477,2.965508813480274,False
141930_B_4.tiff,141930_B_4_mask.png,141930,B,8.658848842762378,-2.090253723372419,2.9392465680686723,False
141930_A_4.tiff,141930_A_4_mask.png,141930,A,9.188783920201287,0.38272913293365474,2.9117627672582262,False
143580_A_2.tiff,143580_A_2_mask.png,143580,A,8.771035844163336,1.6210002794078109,2.8945462277632226,False
143566_B_1.tiff,143566_B_1_mask.png,143566,B,2.8458013820693355,5.361821696614291,2.8880951326373085,False
143566_A_1.tiff,143566_A_1_mask.png,143566,A,5.3395607829176415,4.561881687442233,2.881293385833389,False
143444_A_1.tiff,143444_A_1_mask.png,143444,A,2.087449611583388,5.467575328615035,2.8752662855296625,False
143616_B_4.tiff,143616_B_4_mask.png,143616,B,8.88077332357234,-1.1522998328775933,2.8690589002646263,False
140477_B_6.tiff,140477_B_6_mask.png,140477,B,7.1931829903137725,-3.3713307598149944,2.854766003855785,False
143548_A_1.tiff,143548_A_1_mask.png,143548,A,8.818890715535785,1.1286224561012783,2.8474312062892393,False
141946_A_2.tiff,141946_A_2_mask.png,141946,A,7.280915808915674,-3.2240561832237034,2.8323414741402693,False
140504_A_4.tiff,140504_A_4_mask.png,140504,A,7.4023524045561775,3.0913465582497857,2.825036287509138,False
141815_B_6.tiff,141815_B_6_mask.png,141815,B,7.836953609029426,-2.621716824315225,2.8177971053440407,False
140504_B_4.tiff,140504_B_4_mask.png,140504,B,6.600592183537542,3.6028264027041588,2.7848816810084287,False
140504_A_5.tiff,140504_A_5_mask.png,140504,A,4.705871501938046,4.500302146496022,2.742142351625958,False
140973_B_6.tiff,140973_B_6_mask.png,140973,B,8.064129547056705,1.7936731977183435,2.709843738239334,False
141252_A_4.tiff,141252_A_4_mask.png,141252,A,6.3003704391311075,-3.5879185381331484,2.7093030491544163,False
143616_B_6.tiff,143616_B_6_mask.png,143616,B,8.023241656876657,1.7746603278711783,2.6943882593039508,False
140504_B_5.tiff,140504_B_5_mask.png,140504,B,5.0507111312634825,4.180536686125705,2.669916864655076,False
143548_B_1.tiff,143548_B_1_mask.png,143548,B,8.067321627490282,1.3760312568419213,2.6460531229798923,False
141934_B_3.tiff,141934_B_3_mask.png,141934,B,6.451943765107715,3.222633825925097,2.6233179492351497,False
143033_B_5.tiff,143033_B_5_mask.png,143033,B,7.566051925731967,2.0771257690601814,2.6177274613746695,False
140639_B_6.tiff,140639_B_6_mask.png,140639,B,-5.251402141334068,-3.913127954228726,2.6015629884719793,False
141317_B_4.tiff,141317_B_4_mask.png,141317,B,1.566761345737306,4.968406010902809,2.5908008279198618,False
141317_A_4.tiff,141317_A_4_mask.png,141317,A,1.8723536256580724,4.90196646039073,2.5778876141173046,False
141625_B_5.tiff,141625_B_5_mask.png,141625,B,5.521242561771575,-3.7038979020499823,2.5770506729113967,False
141955_B_1.tiff,141955_B_1_mask.png,141955,B,-5.307187379242187,-3.7718119530652903,2.5578313698983624,False
143033_B_6.tiff,143033_B_6_mask.png,143033,B,-4.96974989123202,-3.9409679923053704,2.5568823757630086,False
141845_B_1.tiff,141845_B_1_mask.png,141845,B,-0.04776225440002148,-4.980838198380486,2.549412729510701,False
140902_B_3.tiff,140902_B_3_mask.png,140902,B,-0.44793270307809063,-4.95586248865328,2.540534895669149,False
143321_B_3.tiff,143321_B_3_mask.png,143321,B,-5.0396528664980496,-3.8623146627014067,2.5390548918062663,False
140477_B_3.tiff,140477_B_3_mask.png,140477,B,7.991798852071794,-0.4400221715360014,2.536739295379347,False
141775_A_3.tiff,141775_A_3_mask.png,141775,A,6.942165603265261,2.4578112122400344,2.52981862176969,False
143033_A_6.tiff,143033_A_6_mask.png,143033,A,-4.9711086436095515,-3.8372279867774983,2.515473557417345,False
140852_A_6.tiff,140852_A_6_mask.png,140852,A,7.680669488578994,-1.256329354006182,2.5120497476883243,False
143321_A_3.tiff,143321_A_3_mask.png,143321,A,-5.251140133029722,-3.680994323887125,2.511181318474204,False
143313_B_2.tiff,143313_B_2_mask.png,143313,B,-0.04558613280267602,-4.8769505598534035,2.496236271125398,False
140945_B_3.tiff,140945_B_3_mask.png,140945,B,7.806824191891014,0.21042061788901772,2.4705879691967136,False
143444_A_6.tiff,143444_A_6_mask.png,143444,A,7.227563140377288,1.8180340245323137,2.4672989886496035,False
140912_B_4.tiff,140912_B_4_mask.png,140912,B,7.460163064043693,-1.3465793263646673,2.4572757307395108,False
140639_A_6.tiff,140639_A_6_mask.png,140639,A,-5.19372823403466,-3.5478318982085293,2.4482463635706004,False
143580_B_2.tiff,143580_B_2_mask.png,143580,B,4.750873330280426,-3.7677264791984997,2.4444042669434793,False
141740_A_3.tiff,141740_A_3_mask.png,141740,A,-4.885970402853794,-3.6982223348426797,2.4432167785296186,False
143566_A_2.tiff,143566_A_2_mask.png,143566,A,5.420258177096861,3.3854784999101595,2.437080404691372,False
141955_A_1.tiff,141955_A_1_mask.png,141955,A,-5.202035108305375,-3.450840807149312,2.413443871077348,False
143155_A_2.tiff,143155_A_2_mask.png,143155,A,-3.0379777964094075,-4.3257615684274375,2.413440823609819,False
140921_B_2.tiff,140921_B_2_mask.png,140921,B,6.8652453158082505,1.9567946018346167,2.390477671159019,False
143271_B_4.tiff,143271_B_4_mask.png,143271,B,6.061410847980844,-2.6912953924576297,2.3601061992213808,False
141740_B_1.tiff,141740_B_1_mask.png,141740,B,-4.8857287604541515,-3.4478206488081304,2.34527155782102,False
143155_B_2.tiff,143155_B_2_mask.png,143155,B,-4.245465406416803,-3.7563474072499052,2.344820463377846,False
140330_A_5.tiff,140330_A_5_mask.png,140330,A,5.394343906465723,-3.128380533706789,2.3393625266159863,False
143566_B_2.tiff,143566_B_2_mask.png,143566,B,3.744043057859424,3.9398598922106434,2.338318332270514,False
141716_B_5.tiff,141716_B_5_mask.png,141716,B,-4.878591858694457,-3.393950234590825,2.323096387777007,False
141740_B_6.tiff,141740_B_6_mask.png,141740,B,-4.960825828995411,-3.318278986138325,2.3118379341479574,False
141740_B_3.tiff,141740_B_3_mask.png,141740,B,-4.666440223973461,-3.3767211912863915,2.2723993185662463,False
140639_B_4.tiff,140639_B_4_mask.png,140639,B,-5.291054782428386,-2.989179140111025,2.2669807649940683,False
141258_A_1.tiff,141258_A_1_mask.png,141258,A,-4.885274559454773,-3.2355895523620197,2.2645666747737083,False
140639_A_4.tiff,140639_A_4_mask.png,140639,A,-5.031060819536429,-3.1324308673026433,2.2584673804872124,False
140025_B_2.tiff,140025_B_2_mask.png,140025,B,-5.230553903890141,-2.9925897986453833,2.254088602203524,False
143444_B_6.tiff,143444_B_6_mask.png,143444,B,4.927618874597922,3.1809509751555667,2.2534310558467907,False
143060_A_5.tiff,143060_A_5_mask.png,143060,A,4.6995455015670835,3.2774175184703123,2.240911531891573,False
143733_B_3.tiff,143733_B_3_mask.png,143733,B,6.836747302059921,-1.114669420975916,2.235561974680125,False
141258_B_1.tiff,141258_B_1_mask.png,141258,B,-3.7847961898322815,-3.6893399060290424,2.235553200959832,False
140025_A_1.tiff,140025_A_1_mask.png,140025,A,-4.838731500375289,-3.1714016408857786,2.2305345131800682,False
141740_A_6.tiff,141740_A_6_mask.png,141740,A,-4.80131007524789,-3.143779611221676,2.2121315089154057,False
143580_B_5.tiff,143580_B_5_mask.png,143580,B,6.5637451068494155,1.4178953363027027,2.19846054451396,False
140902_A_2.tiff,140902_A_2_mask.png,140902,A,5.980680033880157,-2.1816776417789687,2.195984158636449,False
141258_B_2.tiff,141258_B_2_mask.png,141258,B,-4.8366476945175645,-3.0590967096251735,2.188597884168466,False
141716_A_5.tiff,141716_A_5_mask.png,141716,A,-4.157616675884443,-3.4061188037285675,2.183398190410976,False
141773_A_4.tiff,141773_A_4_mask.png,141773,A,0.6085180992729926,-4.24580643094175,2.181652628000329,False
140025_B_6.tiff,140025_B_6_mask.png,140025,B,-3.8765803407561683,-3.494157426184161,2.168104157887151,False
140025_B_1.tiff,140025_B_1_mask.png,140025,B,-4.4686327311649645,-3.2090316095016855,2.166531113055058,False
140941_B_3.tiff,140941_B_3_mask.png,140941,B,6.008137939546394,-2.0271326398322906,2.1644514484933763,False
143444_B_2.tiff,143444_B_2_mask.png,143444,B,-0.05682995675968749,4.215686458727806,2.1578112678209385,False
143505_B_4.tiff,143505_B_4_mask.png,143505,B,0.8575261015336267,4.181136954394215,2.1571582307277497,False
141684_A_1.tiff,141684_A_1_mask.png,141684,A,-4.639422211132434,-3.086997421571231,2.155937624130513,False
140025_A_2.tiff,140025_A_2_mask.png,140025,A,-4.93954896492932,-2.8558449033843316,2.1390573019042787,False
143620_B_5.tiff,143620_B_5_mask.png,143620,B,-4.360860885582943,-3.1750156070348337,2.1311611106696877,False
141740_A_1.tiff,141740_A_1_mask.png,141740,A,-4.360860885582943,-3.1750156070348337,2.1311611106696877,False
140025_A_4.tiff,140025_A_4_mask.png,140025,A,-4.382685451155653,-3.1337858110414025,2.119617868186999,False
143716_A_2.tiff,143716_A_2_mask.png,143716,A,6.235035067059544,-1.516743268505901,2.1186512987524067,False
141270_A_5.tiff,141270_A_5_mask.png,141270,A,3.600283212594403,-3.486187168974222,2.1165065299753487,False
140539_B_6.tiff,140539_B_6_mask.png,140539,B,-4.316896234446942,-3.1598519911836482,2.1162576215414712,False
143060_B_5.tiff,143060_B_5_mask.png,143060,B,5.012598604426992,2.7320966602697956,2.113547192734749,False
140973_A_6.tiff,140973_A_6_mask.png,140973,A,3.1078758200224477,3.6488503330136397,2.1103241821873975,False
141910_B_4.tiff,141910_B_4_mask.png,141910,B,2.3329511732167676,3.86072453924813,2.109227128286587,False
143060_A_4.tiff,143060_A_4_mask.png,143060,A,2.804279000497669,3.7251097470267194,2.1027045803552027,False
141930_A_5.tiff,141930_A_5_mask.png,141930,A,0.7816422877310123,4.07126645939568,2.098419930788072,False
140539_A_6.tiff,140539_A_6_mask.png,140539,A,-4.720039025741395,-2.8792453643781473,2.0973248916384697,False
141972_A_6.tiff,141972_A_6_mask.png,141972,A,6.614772970354369,0.019875709520182305,2.0913800137740393,False
143271_A_4.tiff,143271_A_4_mask.png,143271,A,5.012416099077038,-2.657092848021232,2.088302160077702,False
141775_A_4.tiff,141775_A_4_mask.png,141775,A,4.921223357711186,2.69897741578157,2.080679052833897,False
140025_A_3.tiff,140025_A_3_mask.png,140025,A,-4.781310131831263,-2.7920319260528053,2.080237532011054,False
140912_B_6.tiff,140912_B_6_mask.png,140912,B,6.171322176659851,-1.3906432055646099,2.0769267614496587,False
141701_A_1.tiff,141701_A_1_mask.png,141701,A,3.4782302350990895,-3.4407413434519194,2.076239242897085,False
140414_A_5.tiff,140414_A_5_mask.png,140414,A,1.6842520127596439,3.9115695787228764,2.071684346034069,False
141258_A_3.tiff,141258_A_3_mask.png,141258,A,-0.43157385333913556,-4.030714233144382,2.067568509743807,False
143060_B_4.tiff,143060_B_4_mask.png,143060,B,3.2455645969427573,3.4863208788287228,2.0584233234256786,False
141906_A_6.tiff,141906_A_6_mask.png,141906,A,-3.471862053827655,-3.383783016233318,2.0504906550588555,False
140414_B_5.tiff,140414_B_5_mask.png,140414,B,2.400150325818827,3.7177507738957627,2.048603465047794,False
140025_A_5.tiff,140025_A_5_mask.png,140025,A,-4.564715376758491,-2.8009127676070125,2.0342201720918305,False
141930_B_5.tiff,141930_B_5_mask.png,141930,B,1.4108838200654512,3.8771875900602444,2.0339969730663223,False
143505_A_4.tiff,143505_A_4_mask.png,143505,A,1.525787871018505,3.859404937144899,2.0334286064359173,False
143557_B_6.tiff,143557_B_6_mask.png,143557,B,5.701788035327088,1.8311227646256616,2.031782504655154,False
142000_B_4.tiff,142000_B_4_mask.png,142000,B,-4.108516040492525,-3.0356804003893307,2.0252179961438905,False
141773_B_1.tiff,141773_B_1_mask.png,141773,B,-3.0934038400787864,-3.450943963354012,2.019009001021082,False
140025_B_3.tiff,140025_B_3_mask.png,140025,B,-4.993017597759152,-2.4579806158614788,2.018610858331856,False
141773_A_6.tiff,141773_A_6_mask.png,141773,A,1.3410671797157006,-3.852949176578164,2.017139777981004,False
140504_A_6.tiff,140504_A_6_mask.png,140504,A,3.5738530108254607,3.2405090537467265,2.0069143839717025,False
143098_B_5.tiff,143098_B_5_mask.png,143098,B,-3.1230148011832783,-3.412703293031108,2.0064985966535223,False
141934_A_2.tiff,141934_A_2_mask.png,141934,A,1.3845323429607566,3.82272684122949,2.0049745159001358,False
141906_A_1.tiff,141906_A_1_mask.png,141906,A,-1.0469840744595933,-3.8627045354918117,2.0045875157337565,False
141815_B_5.tiff,141815_B_5_mask.png,141815,B,-0.513146615541654,-3.9017412637523097,2.003627512100914,False
140628_B_2.tiff,140628_B_2_mask.png,140628,B,-4.257177061791431,-2.852027357513411,1.9855857297346762,False
143585_A_6.tiff,143585_A_6_mask.png,143585,A,5.551754568748013,1.8067468431275038,1.9839697710746513,False
140852_B_6.tiff,140852_B_6_mask.png,140852,B,1.7609772129483203,3.7145729684121163,1.981092454168768,False
143733_B_6.tiff,143733_B_6_mask.png,143733,B,5.237813889756126,-2.0970696717514477,1.973438005441824,False
141740_A_4.tiff,141740_A_4_mask.png,141740,A,-4.722658209300693,-2.516676673099523,1.9719831693042351,False
141258_A_2.tiff,141258_A_2_mask.png,141258,A,-4.694124826508642,-2.521646603192936,1.966829687731153,False
143012_B_5.tiff,143012_B_5_mask.png,143012,B,2.015731713215566,3.631837837768675,1.9651137126440117,False
143313_A_2.tiff,143313_A_2_mask.png,143313,A,-3.7611512437762946,-3.0366911233633376,1.9570030469020148,False
141740_B_4.tiff,141740_B_4_mask.png,141740,B,-2.87617447520463,-3.38074555843562,1.9547726656759166,False
140819_A_4.tiff,140819_A_4_mask.png,140819,A,0.1947019408367695,3.807795588975171,1.9499354869328291,False
141575_A_2.tiff,141575_A_2_mask.png,141575,A,2.313002588985526,3.525047779692492,1.946812118662082,False
140504_B_6.tiff,140504_B_6_mask.png,140504,B,2.9642801486057615,3.3248440344458214,1.942774084196427,False
143548_A_2.tiff,143548_A_2_mask.png,143548,A,2.0859062111229383,3.568132067517395,1.941721067490144,False
141382_A_5.tiff,141382_A_5_mask.png,141382,A,1.722799562840226,3.637529661248708,1.9398561055187888,False
140639_A_1.tiff,140639_A_1_mask.png,140639,A,-4.22505297923548,-2.737076706404006,1.9357173660956202,False
143444_A_2.tiff,143444_A_2_mask.png,143444,A,2.1519233225993597,3.5354012341460566,1.933219070719767,False
140886_A_4.tiff,140886_A_4_mask.png,140886,A,2.1418969459133397,-3.531502290183576,1.9302368333569515,False
141953_B_5.tiff,141953_B_5_mask.png,141953,B,1.1476127585725826,3.6998714630507283,1.9281701419308106,False
140886_B_3.tiff,140886_B_3_mask.png,140886,B,4.894572585638174,-2.2022426785482976,1.914489350814837,False
140025_B_4.tiff,140025_B_4_mask.png,140025,B,-4.595250580008596,-2.4339517634806147,1.9138334762021116,False
143580_A_5.tiff,143580_A_5_mask.png,143580,A,3.484037445015207,3.0540241700838378,1.9122824544076718,False
140330_A_6.tiff,140330_A_6_mask.png,140330,A,5.827101346952871,-0.9495431871420841,1.9053488330592834,False
143012_A_5.tiff,143012_A_5_mask.png,143012,A,2.301489315615726,3.4380504662595515,1.9042242052066338,False
141536_A_4.tiff,141536_A_4_mask.png,141536,A,-4.077569742357006,-2.6954822114619272,1.8882277317839564,False
143429_A_2.tiff,143429_A_2_mask.png,143429,A,1.0617432098177089,3.629470308229156,1.8877760456211858,False
141979_B_6.tiff,141979_B_6_mask.png,141979,B,-2.8892385438236468,-3.221361374435416,1.8849392833227367,False
141910_B_3.tiff,141910_B_3_mask.png,141910,B,2.1029409999338267,3.4374523988962498,1.8808451389914522,False
143548_B_2.tiff,143548_B_2_mask.png,143548,B,2.1128063360002947,3.428370030580914,1.877604727750785,False
143734_A_2.tiff,143734_A_2_mask.png,143734,A,5.89758102533271,-0.42314853380237466,1.8771411234386155,False
141575_B_2.tiff,141575_B_2_mask.png,141575,B,2.8174868400899564,3.217336416184916,1.8722383889782235,False
141979_A_6.tiff,141979_A_6_mask.png,141979,A,-3.4046147010705323,-2.9792813065626924,1.8665470144626162,False
140399_B_5.tiff,140399_B_5_mask.png,140399,B,5.750145460704376,0.8179839596074058,1.865577098842634,False
141773_A_3.tiff,141773_A_3_mask.png,141773,A,-1.627547267094503,-3.502017785735763,1.8648545217521686,False
140821_B_2.tiff,140821_B_2_mask.png,140821,B,5.238333507606832,1.6722169558405828,1.8642630683548678,False
140539_A_4.tiff,140539_A_4_mask.png,140539,A,-4.811149770062689,-2.0660798358875576,1.8525867105991138,False
143742_A_6.tiff,143742_A_6_mask.png,143742,A,3.285481855590635,-2.9581944120918764,1.836172280548423,False
140025_B_5.tiff,140025_B_5_mask.png,140025,B,-3.143819031297848,-3.0110095733544058,1.8338695058218704,False
141930_B_6.tiff,141930_B_6_mask.png,141930,B,3.080500971854013,-3.00064976181971,1.8186165790986755,False
143616_A_4.tiff,143616_A_4_mask.png,143616,A,4.585423152273091,2.1256331418345322,1.8125821119849426,False
141382_B_5.tiff,141382_B_5_mask.png,141382,B,2.7514388731132287,3.104294172513921,1.8114356937248406,False
140819_B_5.tiff,140819_B_5_mask.png,140819,B,1.9322601107782282,3.3306534027662784,1.810903135258217,False
142000_A_4.tiff,142000_A_4_mask.png,142000,A,-3.6817622734014264,-2.7076837456478096,1.8098834855292434,False
143716_B_1.tiff,143716_B_1_mask.png,143716,B,5.632823392842701,0.5040322169359932,1.7994864596691509,False
141883_A_6.tiff,141883_A_6_mask.png,141883,A,3.0353346848896066,2.973527678194564,1.7992515056027394,False
141934_B_2.tiff,141934_B_2_mask.png,141934,B,1.7161890675784321,3.3503727538549777,1.798633765518508,False
141904_B_4.tiff,141904_B_4_mask.png,141904,B,-3.839443475768448,-2.59244228237223,1.7983917742680664,False
143584_B_3.tiff,143584_B_3_mask.png,143584,B,5.667176582060809,-0.06899597421684991,1.7921070742879737,False
143443_B_3.tiff,143443_B_3_mask.png,143443,B,3.8339389190357407,2.5702004982775737,1.7888289870411567,False
140600_B_5.tiff,140600_B_5_mask.png,140600,B,0.050935268623988325,3.4801428078649677,1.7813321686027244,False
142000_A_5.tiff,142000_A_5_mask.png,142000,A,3.603279347950098,2.666943100034151,1.7779658115282526,False
140819_A_5.tiff,140819_A_5_mask.png,140819,A,1.569958537181117,3.334488031007405,1.777422511722558,False
143098_A_5.tiff,143098_A_5_mask.png,143098,A,-3.669505749282217,-2.6222057836141337,1.7740684767347983,False
141904_B_1.tiff,141904_B_1_mask.png,141904,B,-3.9658697539648546,-2.4350521171198323,1.7679247136427974,False
141611_B_1.tiff,141611_B_1_mask.png,141611,B,2.650806970405899,3.030563080748121,1.7630819832419162,False
140539_B_4.tiff,140539_B_4_mask.png,140539,B,-3.5801636428310597,-2.638297908325388,1.7620305824755709,False
140854_B_5.tiff,140854_B_5_mask.png,140854,B,5.531899933527839,-0.20383232802814852,1.7520983173688387,False
141270_A_6.tiff,141270_A_6_mask.png,141270,A,2.2979353044143336,-3.114169048154494,1.7517097953310228,False
143714_A_5.tiff,143714_A_5_mask.png,143714,A,-3.3303740414529095,-2.7237767316756476,1.7470769004193138,False
143313_B_6.tiff,143313_B_6_mask.png,143313,B,-0.34008622632840213,-3.389362873984914,1.7381239789962373,False
143562_A_1.tiff,143562_A_1_mask.png,143562,A,0.9200267814202459,3.336717552500062,1.7324434091305847,False
141904_A_1.tiff,141904_A_1_mask.png,141904,A,-4.400812236096835,-2.0043858080120476,1.7287104068230486,False
140639_B_1.tiff,140639_B_1_mask.png,140639,B,-4.328690023830171,-2.0562937242589068,1.7264777236703972,False
141953_A_1.tiff,141953_A_1_mask.png,141953,A,0.2704863171374135,3.36628698915776,1.725104952124303,False
143712_B_4.tiff,143712_B_4_mask.png,143712,B,1.0846038658946617,3.302849017195365,1.7249427715791317,False
143155_B_4.tiff,143155_B_4_mask.png,143155,B,-3.8043672796267565,-2.3931610673713024,1.7167207291180022,False
140918_A_4.tiff,140918_A_4_mask.png,140918,A,3.6652550715101557,2.470635680031352,1.7152194846001754,False
140821_A_2.tiff,140821_A_2_mask.png,140821,A,4.069748985016605,2.215274182455236,1.7150069352117527,False
141815_B_4.tiff,141815_B_4_mask.png,141815,B,3.4420604187579564,-2.5884099940010965,1.7144974715384784,False
143714_B_5.tiff,143714_B_5_mask.png,143714,B,-2.4444670889887075,-2.988214110872742,1.7136481052363242,False
141536_B_5.tiff,141536_B_5_mask.png,141536,B,-3.980275196322881,-2.265479619234189,1.7111938924040235,False
141934_B_5.tiff,141934_B_5_mask.png,141934,B,1.4176442944592713,3.2207307436180366,1.708328907875599,False
142000_B_5.tiff,142000_B_5_mask.png,142000,B,2.4917847589215047,2.957235822905742,1.7063666355627223,False
141979_A_4.tiff,141979_A_4_mask.png,141979,A,-3.1912679250098357,-2.6770994512305197,1.7016317400150478,False
141979_B_4.tiff,141979_B_4_mask.png,141979,B,-3.6341475496597537,-2.4334771254181513,1.6945620913934791,False
143108_A_3.tiff,143108_A_3_mask.png,143108,A,-0.5285472683857154,3.294051527444403,1.6942724632415804,False
150017_B_5.tiff,150017_B_5_mask.png,150017,B,4.983620391243059,-1.20402675765574,1.6918721050425307,False
140886_B_6.tiff,140886_B_6_mask.png,140886,B,3.0916478884215945,2.695316077343325,1.6907465982035739,False
142000_B_2.tiff,142000_B_2_mask.png,142000,B,-3.038150393082021,-2.713087094019808,1.6884974106555006,False
141701_A_6.tiff,141701_A_6_mask.png,141701,A,-4.016627508717827,-2.1736571867337777,1.6883302811803558,False
143616_A_1.tiff,143616_A_1_mask.png,143616,A,0.6280110389885969,3.2705829484636304,1.6857335308502925,False
141904_B_2.tiff,141904_B_2_mask.png,141904,B,-2.9290330949420316,-2.751595804620449,1.6855464522891628,False
143637_B_1.tiff,143637_B_1_mask.png,143637,B,-3.9012196667097854,-2.233673084147749,1.6817885304511602,False
143733_B_5.tiff,143733_B_5_mask.png,143733,B,-4.2608403958014005,-1.9533267171219884,1.6775906363294968,False
141270_A_2.tiff,141270_A_2_mask.png,141270,A,4.29034193143646,-1.9279270707095983,1.6774091211885505,False
141934_A_6.tiff,141934_A_6_mask.png,141934,A,3.777699122104356,2.3005403982301296,1.6772086122178258,False
141611_A_1.tiff,141611_A_1_mask.png,141611,A,3.827728065805819,2.2651123052633824,1.6759139308451227,False
140921_A_4.tiff,140921_A_4_mask.png,140921,A,5.281723027630233,0.2765987145233529,1.6758829368719181,False
143444_A_5.tiff,143444_A_5_mask.png,143444,A,2.341178811093855,2.9279453087576757,1.671457360122522,False
150017_A_5.tiff,150017_A_5_mask.png,150017,A,5.043094175870422,-0.976459744528391,1.6709416758127813,False
141536_B_4.tiff,141536_B_4_mask.png,141536,B,-3.1529398122707906,-2.597647942252864,1.6617622791578381,False
143444_B_5.tiff,143444_B_5_mask.png,143444,B,1.7699541269870425,3.0527371493149276,1.659683261026114,False
141934_B_6.tiff,141934_B_6_mask.png,141934,B,3.2256541146682935,2.5497299662138144,1.6562608718962128,False
141883_B_1.tiff,141883_B_1_mask.png,141883,B,-4.675266594492837,-1.4462863970896849,1.653154583781523,False
141904_A_2.tiff,141904_A_2_mask.png,141904,A,-2.907910021940579,-2.6765608068196434,1.6498604239279206,False
143393_B_5.tiff,143393_B_5_mask.png,143393,B,1.8222434769259874,3.006350206813696,1.6430742353622356,False
140330_B_2.tiff,140330_B_2_mask.png,140330,B,5.072943885840902,0.6895915548298187,1.6422613598571016,False
141815_A_2.tiff,141815_A_2_mask.png,141815,A,-3.0743392073207865,-2.5738471553482594,1.6371564764697757,False
140600_B_6.tiff,140600_B_6_mask.png,140600,B,4.372724038649686,1.7084760385958826,1.6358427259250037,False
141818_B_1.tiff,141818_B_1_mask.png,141818,B,-2.414576134256107,-2.807873875641946,1.627340542886592,False
143393_A_5.tiff,143393_A_5_mask.png,143393,A,1.5972876777901421,3.021682549123939,1.6269641132426065,False
141695_B_5.tiff,141695_B_5_mask.png,141695,B,-3.6262851958188196,-2.2439884496285325,1.622849014922054,False
141946_A_5.tiff,141946_A_5_mask.png,141946,A,2.2150757164064117,-2.849552362550387,1.6179259740665093,False
143548_B_6.tiff,143548_B_6_mask.png,143548,B,3.483270241103937,2.3071217959814696,1.6147058377314012,False
140918_B_1.tiff,140918_B_1_mask.png,140918,B,5.062696189425789,0.4071312330377388,1.6141514763207856,False
141845_B_6.tiff,141845_B_6_mask.png,141845,B,-3.3162823635469,-2.3962063750950535,1.6135495806058795,False
141946_B_5.tiff,141946_B_5_mask.png,141946,B,2.223591490463229,-2.8346071964387534,1.6122058895456444,False
141904_A_4.tiff,141904_A_4_mask.png,141904,A,-2.545493921062727,-2.724150958428569,1.6099104364104881,False
141701_B_6.tiff,141701_B_6_mask.png,141701,B,-3.973243386904535,-1.9595491274874899,1.6074744168765795,False
141270_A_3.tiff,141270_A_3_mask.png,141270,A,4.04249885042728,-1.8974173837487396,1.6052057102912172,False
141716_B_4.tiff,141716_B_4_mask.png,141716,B,-2.4657424901157627,-2.735099661415616,1.6023485966944473,False
141934_A_5.tiff,141934_A_5_mask.png,141934,A,3.3368817229138794,2.3534839914421832,1.6012752208660548,False
143566_A_3.tiff,143566_A_3_mask.png,143566,A,4.381705343238706,1.5619277255490744,1.5994634934411893,False
141575_B_4.tiff,141575_B_4_mask.png,141575,B,-0.03634005963422554,3.119392517728673,1.5966560389630637,False
143155_A_4.tiff,143155_A_4_mask.png,143155,A,-3.582380724338192,-2.182124832772646,1.5906820909792942,False
140886_B_4.tiff,140886_B_4_mask.png,140886,B,4.245461766252349,1.6565385258704126,1.5876280723387604,False
140600_B_4.tiff,140600_B_4_mask.png,140600,B,-0.2806532453573828,3.0936118369720034,1.5859035150790575,False
140889_A_2.tiff,140889_A_2_mask.png,140889,A,0.07518746388906866,3.0916783681121722,1.5826081651435158,False
143165_A_6.tiff,143165_A_6_mask.png,143165,A,-2.7676858564615534,-2.5729563084749034,1.58114021478698,False
143562_B_1.tiff,143562_B_1_mask.png,143562,B,1.4146913201150058,2.9508192738514207,1.575170025400585,False
143098_B_3.tiff,143098_B_3_mask.png,143098,B,-3.1143234934540898,-2.3994431186492577,1.5740994293200927,False
140886_A_6.tiff,140886_A_6_mask.png,140886,A,3.1219627288296703,2.395334000786561,1.5739725641842122,False
142000_A_2.tiff,142000_A_2_mask.png,142000,A,-2.4448912484349563,-2.6706911630833146,1.5703730830355513,False
141906_B_6.tiff,141906_B_6_mask.png,141906,B,-4.327462554450063,-1.5031774257793238,1.5696770543717515,False
141848_B_3.tiff,141848_B_3_mask.png,141848,B,4.739203788487684,0.9128078727560589,1.56951800481602,False
140889_B_2.tiff,140889_B_2_mask.png,140889,B,0.038054447161444856,3.0635740300730374,1.5680909939455623,False
140819_A_2.tiff,140819_A_2_mask.png,140819,A,4.766504934906066,-0.8430790521478047,1.567562711495415,False
141828_A_4.tiff,141828_A_4_mask.png,141828,A,-2.5678221752134975,-2.6182808538298215,1.5668599165256183,False
142000_B_3.tiff,142000_B_3_mask.png,142000,B,-1.4530690287061314,-2.925429318391938,1.5662298378590052,False
143762_B_6.tiff,143762_B_6_mask.png,143762,B,1.9894590987700211,2.7993209904134404,1.5647765276002854,False
143749_B_6.tiff,143749_B_6_mask.png,143749,B,-3.186040176565888,-2.3297489939273643,1.5609640572465955,False
143548_B_3.tiff,143548_B_3_mask.png,143548,B,2.382956762076853,2.6689156423760556,1.5600317011883866,False
143548_A_6.tiff,143548_A_6_mask.png,143548,A,4.3923819236386255,1.367688630972793,1.5551757076776032,False
143749_A_6.tiff,143749_A_6_mask.png,143749,A,-2.7372294541578714,-2.5217247012229462,1.553984332412891,False
143274_A_6.tiff,143274_A_6_mask.png,143274,A,-3.755813799414185,-1.95409158624078,1.5525441553393,False
141883_A_1.tiff,141883_A_1_mask.png,141883,A,-3.463415673577316,-2.1502513844094695,1.552516413725548,False
141258_A_6.tiff,141258_A_6_mask.png,141258,A,-3.9319465407178598,-1.8122645046810097,1.551066094481299,False
140849_B_3.tiff,140849_B_3_mask.png,140849,B,-3.7447565580141555,-1.9537757316900757,1.5497676467671675,False
141910_B_5.tiff,141910_B_5_mask.png,141910,B,2.0136601333210553,2.7551470156373457,1.5472332251382648,False
143313_A_6.tiff,143313_A_6_mask.png,143313,A,-3.165432077036331,-2.304855535088793,1.5470295509517873,False
143733_A_5.tiff,143733_A_5_mask.png,143733,A,-3.481646492088531,-2.1221283821111405,1.546443231726164,False
141536_A_3.tiff,141536_A_3_mask.png,141536,A,-4.15064038182253,-1.594918024353827,1.5454751454535802,False
143060_B_3.tiff,143060_B_3_mask.png,143060,B,0.6379278281252442,2.993013448313005,1.5451494135748602,False
143616_A_3.tiff,143616_A_3_mask.png,143616,A,2.931261519218542,2.4146861400218134,1.544793180154875,False
141537_A_2.tiff,141537_A_2_mask.png,141537,A,1.441207908892442,-2.871797805607373,1.5388932938114714,False
141684_A_4.tiff,141684_A_4_mask.png,141684,A,1.441207908892442,-2.871797805607373,1.5388932938114714,False
141770_B_6.tiff,141770_B_6_mask.png,141770,B,2.2794830084731563,2.654064855100495,1.537779239480763,False
143616_A_5.tiff,143616_A_5_mask.png,143616,A,1.112243702488016,2.9246134714999616,1.5376697580969392,False
141370_B_4.tiff,141370_B_4_mask.png,141370,B,-3.920552316171223,-1.7751631273049229,1.5368779379797395,False
140477_A_3.tiff,140477_A_3_mask.png,140477,A,1.7050191491192714,2.809440653264401,1.5356924851665592,False
141611_A_6.tiff,141611_A_6_mask.png,141611,A,3.9010050368998774,1.7868271174972947,1.5354462550032606,False
141953_B_4.tiff,141953_B_4_mask.png,141953,B,-0.6040668684228725,2.963904508231636,1.5290050674084825,False
143557_A_4.tiff,143557_A_4_mask.png,143557,A,1.9488287884907878,2.725224595522056,1.5248906020194997,False
143712_B_3.tiff,143712_B_3_mask.png,143712,B,1.6320763132914489,2.8014965911098324,1.523923313721486,False
140819_B_4.tiff,140819_B_4_mask.png,140819,B,2.4943371606154017,2.544725036935216,1.5226212733956992,False
141815_B_2.tiff,141815_B_2_mask.png,141815,B,-0.1129005082209519,-2.9721718046296846,1.5216806858937537,False
143712_A_3.tiff,143712_A_3_mask.png,143712,A,2.044684414006943,2.6892122742546403,1.5206822314668165,False
141370_A_3.tiff,141370_A_3_mask.png,141370,A,-3.304991476625181,-2.1564986339159424,1.5199246086659801,False
143580_B_3.tiff,143580_B_3_mask.png,143580,B,4.106846736654749,1.5418538589942012,1.5194537060742956,False
141770_A_2.tiff,141770_A_2_mask.png,141770,A,3.4646941222743792,2.0390699921922337,1.5130007235101606,False
143012_B_4.tiff,143012_B_4_mask.png,143012,B,2.649002515014572,2.459600444285144,1.5120496521389641,False
141979_B_2.tiff,141979_B_2_mask.png,141979,B,-3.5886200954321814,-1.9500648893265617,1.5111352782896514,False
141611_B_6.tiff,141611_B_6_mask.png,141611,B,2.738503282537705,2.4103636163279014,1.5072082031236775,False
141828_A_6.tiff,141828_A_6_mask.png,141828,A,-3.615790641736805,-1.9171990789021347,1.5065853792616808,False
140941_B_1.tiff,140941_B_1_mask.png,140941,B,4.682942839670008,0.5193646341057654,1.5042542075396557,False
140600_A_4.tiff,140600_A_4_mask.png,140600,A,0.20355794818394213,2.9355475553908357,1.5038940848031717,False
142000_A_3.tiff,142000_A_3_mask.png,142000,A,-2.332006042100058,-2.554705658813414,1.501130826736478,False
143098_A_3.tiff,143098_A_3_mask.png,143098,A,-3.161681373494596,-2.18388027188099,1.4995562418176107,False
140639_A_5.tiff,140639_A_5_mask.png,140639,A,-3.868793010735967,-1.6892165809929187,1.497894974845942,False
143218_A_3.tiff,143218_A_3_mask.png,143218,A,3.9662175420879597,1.5983418818003343,1.4972388994085453,False
143621_A_5.tiff,143621_A_5_mask.png,143621,A,0.1321685530082187,-2.919264124831964,1.4947661590456738,False
141904_B_3.tiff,141904_B_3_mask.png,141904,B,-1.1294949766637938,-2.8338692941079464,1.4937868631167028,False
140615_B_5.tiff,140615_B_5_mask.png,140615,B,4.043231713228635,-1.5073684071754432,1.4931061348133567,False
141390_B_5.tiff,141390_B_5_mask.png,141390,B,0.2974276218031628,2.9087022312129553,1.4917428639455343,False
140600_B_3.tiff,140600_B_3_mask.png,140600,B,0.39278937773643724,2.901667508074437,1.4903583789879102,False
141906_B_5.tiff,141906_B_5_mask.png,141906,B,-0.13711476704450407,2.9095486018830674,1.48984004628454,False
143584_A_3.tiff,143584_A_3_mask.png,143584,A,4.494811500854655,-0.8689663969722718,1.4890737830624476,False
141773_B_3.tiff,141773_B_3_mask.png,141773,B,-3.431996575127693,-1.9912380905528986,1.4886661396744503,False
141848_B_5.tiff,141848_B_5_mask.png,141848,B,1.2424432562015166,-2.7998188743085834,1.4859086512941309,False
141770_A_6.tiff,141770_A_6_mask.png,141770,A,2.9154876990812064,2.2716597310671047,1.4837697493893254,False
140628_A_1.tiff,140628_A_1_mask.png,140628,A,0.7524067881292102,-2.859070080888764,1.4825815482630176,False
141953_B_1.tiff,141953_B_1_mask.png,141953,B,1.6788135958062254,2.7037524751849884,1.482174046625318,False
143505_B_2.tiff,143505_B_2_mask.png,143505,B,0.23180393305912605,2.8827674825757734,1.4773206811025288,False
143274_B_6.tiff,143274_B_6_mask.png,143274,B,-3.0343803785195846,-2.1903902664868267,1.475562337839281,False
143165_B_6.tiff,143165_B_6_mask.png,143165,B,-2.90337306059815,-2.255761969825922,1.4750153437506655,False
141818_A_1.tiff,141818_A_1_mask.png,141818,A,-3.2198025039221303,-2.0839826649128694,1.4744663454578364,False
140999_A_1.tiff,140999_A_1_mask.png,140999,A,-3.935269347620712,-1.5409327666423924,1.4731145589148074,False
140844_A_2.tiff,140844_A_2_mask.png,140844,A,0.49960791847313185,2.860141427070751,1.4724181277619235,False
141883_B_6.tiff,141883_B_6_mask.png,141883,B,2.657627661435023,2.3559041999246513,1.4697115726346974,False
143012_A_4.tiff,143012_A_4_mask.png,143012,A,2.4104407437633912,2.454046119203697,1.4691813266115883,False
141575_A_5.tiff,141575_A_5_mask.png,141575,A,0.8935407767917309,2.813796827973744,1.4676463388107437,False
140889_A_5.tiff,140889_A_5_mask.png,140889,A,3.983146080015065,1.4656384222288703,1.465829699534605,False
141536_A_5.tiff,141536_A_5_mask.png,141536,A,-3.795408921104283,-1.6434457098739212,1.4654376381111993,False
143218_A_5.tiff,143218_A_5_mask.png,143218,A,3.45706080762445,1.9065225346838746,1.4652243437211105,False
140849_A_3.tiff,140849_A_3_mask.png,140849,A,-3.516346833634286,-1.860456438610034,1.463812758956827,False
141258_B_6.tiff,141258_B_6_mask.png,141258,B,-3.5658518281181792,-1.8147259070807193,1.460741075177873,False
143180_A_5.tiff,143180_A_5_mask.png,143180,A,-3.42025618044927,-1.8871959970014303,1.449956187606569,False
143393_B_4.tiff,143393_B_4_mask.png,143393,B,1.2895760137837973,2.7142831401987615,1.4478579027118794,False
150017_B_1.tiff,150017_B_1_mask.png,150017,B,1.030163204374068,-2.755934575199516,1.4476977257048012,False
141979_A_2.tiff,141979_A_2_mask.png,141979,A,-3.25668401837586,-1.982951747682996,1.4457820407873994,False
143580_A_3.tiff,143580_A_3_mask.png,143580,A,2.4969084383812743,2.3646088106467436,1.444993653046381,False
140999_B_1.tiff,140999_B_1_mask.png,140999,B,-3.8774319550017275,-1.487119767471797,1.4429863176540347,False
141845_B_5.tiff,141845_B_5_mask.png,141845,B,0.37272591230442237,-2.809565761546892,1.4428548268054737,False
141390_A_5.tiff,141390_A_5_mask.png,141390,A,0.7096040095586218,2.777558717114745,1.4392457812691781,False
141770_B_2.tiff,141770_B_2_mask.png,141770,B,2.4983028433720964,2.3505980990193396,1.4392344974216302,False
141568_B_5.tiff,141568_B_5_mask.png,141568,B,4.273642146699495,-0.9645176649583784,1.4385350515841966,False
143321_B_5.tiff,143321_B_5_mask.png,143321,B,-3.328636545886618,-1.9157472855808777,1.4384052385881798,False
143313_A_5.tiff,143313_A_5_mask.png,143313,A,-2.6761322167316584,-2.2661537438661474,1.4357027489416332,False
143621_B_5.tiff,143621_B_5_mask.png,143621,B,0.41799569435860856,-2.7915499332322526,1.4349120554484442,False
143060_A_3.tiff,143060_A_3_mask.png,143060,A,0.7440566515170577,2.762592747421449,1.4334271208516396,False
143443_A_3.tiff,143443_A_3_mask.png,143443,A,1.504662285494369,2.636357589122146,1.430782176657537,False
143771_B_5.tiff,143771_B_5_mask.png,143771,B,2.364945108997328,-2.380669452978688,1.4296291366639498,False
143060_A_2.tiff,143060_A_2_mask.png,143060,A,0.5515501661764687,2.7661854191342505,1.4265292427800067,False
140918_A_6.tiff,140918_A_6_mask.png,140918,A,4.293670495575004,0.8337481887440754,1.4230001698635522,False
141701_B_2.tiff,141701_B_2_mask.png,141701,B,-3.772366815929413,-1.5104733431974473,1.4213403835896756,False
141953_B_6.tiff,141953_B_6_mask.png,141953,B,0.47787373773339653,2.751800656547912,1.4165486346301344,False
143628_B_3.tiff,143628_B_3_mask.png,143628,B,-1.7744358779394478,-2.5345334260680352,1.4133746637769282,False
141828_B_6.tiff,141828_B_6_mask.png,141828,B,-2.7582362588976923,-2.1727972598731453,1.4132512327951732,False
141770_A_1.tiff,141770_A_1_mask.png,141770,A,2.048116363166114,2.453716238861207,1.4130074486356845,False
140918_A_3.tiff,140918_A_3_mask.png,140918,A,1.4524791638033896,2.6025208900371695,1.4089972143307639,False
140628_B_1.tiff,140628_B_1_mask.png,140628,B,-3.2123277526768703,-1.902782615358176,1.4071224691810804,False
140639_B_5.tiff,140639_B_5_mask.png,140639,B,-3.454163624290031,-1.7200017877214369,1.402738418623425,False
143060_B_6.tiff,143060_B_6_mask.png,143060,B,4.415090034075464,-0.24833631615674986,1.4016691039529294,False
141701_A_2.tiff,141701_A_2_mask.png,141701,A,-3.42667020194481,-1.7358293922391446,1.4011046676318921,False
141493_A_6.tiff,141493_A_6_mask.png,141493,A,0.8620326462962982,2.682890217543146,1.3999826964955835,False
143012_A_3.tiff,143012_A_3_mask.png,143012,A,4.4092289374514335,0.20255979210462474,1.3978909275230205,False
140918_A_1.tiff,140918_A_1_mask.png,140918,A,3.9794128624124503,1.1821209821765928,1.3960745649681292,False
143444_B_4.tiff,143444_B_4_mask.png,143444,B,0.6028696408781395,2.691953277696246,1.3909577303503824,False
141828_B_4.tiff,141828_B_4_mask.png,141828,B,-1.885748513261951,-2.4533165234261016,1.3900462267270768,False
141716_A_4.tiff,141716_A_4_mask.png,141716,A,-2.4553796642773205,-2.2493841537339097,1.3885858469671832,False
141904_A_3.tiff,141904_A_3_mask.png,141904,A,-2.4358066232118682,-2.2557973668660587,1.3878653119780062,False
141796_B_6.tiff,141796_B_6_mask.png,141796,B,0.20425075983478932,2.7080951790854186,1.3876017357743398,False
140908_A_3.tiff,140908_A_3_mask.png,140908,A,-3.7665322937799357,-1.3778230346830904,1.3839942952722615,False
140639_A_2.tiff,140639_A_2_mask.png,140639,A,-3.8447570074368627,-1.291625875609832,1.3837178927982519,False
141390_A_2.tiff,141390_A_2_mask.png,141390,A,2.1237449432463658,2.3611586506137936,1.3825261283717785,False
141910_B_6.tiff,141910_B_6_mask.png,141910,B,2.595968009312205,2.1644191618333486,1.3787358732174662,False
141370_B_6.tiff,141370_B_6_mask.png,141370,B,-3.431832478135918,-1.6614959554161675,1.3785773619435873,False
141536_A_6.tiff,141536_A_6_mask.png,141536,A,-4.252665744133534,-0.5866672780598565,1.3776637201143427,False
141953_B_3.tiff,141953_B_3_mask.png,141953,B,-0.6626979440036631,2.6540581450602097,1.3745032055329691,False
140504_A_1.tiff,140504_A_1_mask.png,140504,A,1.418595240022882,2.5367826027539717,1.373695985749824,False
143012_B_3.tiff,143012_B_3_mask.png,143012,B,2.8190623696953914,2.0341011352557214,1.3705227286063535,False
141818_B_3.tiff,141818_B_3_mask.png,141818,B,-3.488061766834138,-1.5894135208327542,1.3703942671136742,False
140399_A_6.tiff,140399_A_6_mask.png,140399,A,0.16955952605094357,2.6727992612234677,1.3690825491858227,False
141775_A_6.tiff,141775_A_6_mask.png,141775,A,4.12219267791828,-0.7970552504824933,1.3656491731684652,False
141883_A_3.tiff,141883_A_3_mask.png,141883,A,-4.009041459125944,-0.9910368401025068,1.3652459809683208,False
141953_A_5.tiff,141953_A_5_mask.png,141953,A,2.348117692868787,2.2375606101018533,1.3648332730111372,False
141536_B_1.tiff,141536_B_1_mask.png,141536,B,-3.3338963271891116,-1.6906550844721366,1.363762500507284,False
143393_A_3.tiff,143393_A_3_mask.png,143393,A,3.5183739676752572,-1.5397309588894603,1.3632616347733615,False
143762_A_6.tiff,143762_A_6_mask.png,143762,A,0.7483469875868988,2.6183298469125713,1.360878578291401,False
141802_B_1.tiff,141802_B_1_mask.png,141802,B,1.4061799958581254,2.5083849249707235,1.3586764072645785,False
140379_A_6.tiff,140379_A_6_mask.png,140379,A,-3.7055491260762046,-1.337609368101911,1.3569393256328994,False
143218_B_3.tiff,143218_B_3_mask.png,143218,B,2.6421270947911815,2.0886433119148546,1.356706400596556,False
141953_A_3.tiff,141953_A_3_mask.png,141953,A,-0.7416674833794418,2.607175164157098,1.3548894473407163,False
143165_A_4.tiff,143165_A_4_mask.png,143165,A,-3.0519031454523518,-1.8537646760041824,1.3532555685081462,False
143733_A_3.tiff,143733_A_3_mask.png,143733,A,2.3972204642627393,2.1878872503134574,1.3522101363193282,False
143165_B_4.tiff,143165_B_4_mask.png,143165,B,-3.1622810043504304,-1.7773977043551346,1.351746277098021,False
143443_A_1.tiff,143443_A_1_mask.png,143443,A,1.101954805753061,2.5515669776172163,1.3516544530990484,False
143393_A_4.tiff,143393_A_4_mask.png,143393,A,3.7065746544515026,1.3155254184329404,1.351552659463494,False
143742_A_5.tiff,143742_A_5_mask.png,143742,A,-2.933708091066898,-1.9197640403234948,1.3512316994441227,False
141684_B_3.tiff,141684_B_3_mask.png,141684,B,-1.5235184860858857,-2.466362436568644,1.3511469870367852,False
141537_B_1.tiff,141537_B_1_mask.png,141537,B,-1.5235184860858857,-2.466362436568644,1.3511469870367852,False
141818_B_5.tiff,141818_B_5_mask.png,141818,B,-3.249543731213758,-1.7122673681303755,1.3504089589822574,False
143762_A_1.tiff,143762_A_1_mask.png,143762,A,0.660814943038732,2.6019688781068004,1.3480673915101202,False
140854_A_1.tiff,140854_A_1_mask.png,140854,A,4.245206729512895,-0.23990223535347097,1.3477880177353394,False
141536_A_1.tiff,141536_A_1_mask.png,141536,A,-3.183126475322193,-1.7437311962451776,1.3451335892741159,False
143165_A_5.tiff,143165_A_5_mask.png,143165,A,-3.437410854971441,-1.5436716918297462,1.3436412851753459,False
141754_A_4.tiff,141754_A_4_mask.png,141754,A,-3.4963594169474153,-1.4872915930790491,1.3421852283549258,False
141536_B_3.tiff,141536_B_3_mask.png,141536,B,-2.813780821756523,-1.9624579963369626,1.341770623330582,False
143098_B_6.tiff,143098_B_6_mask.png,143098,B,-3.293268805809695,-1.639828068632651,1.3373808933487026,False
140399_B_6.tiff,140399_B_6_mask.png,140399,B,0.4560084362360244,2.5961232515043173,1.3365856470799802,False
141883_B_2.tiff,141883_B_2_mask.png,141883,B,-3.4893944515894795,-1.468707605804176,1.3349929489361347,False
143098_A_6.tiff,143098_A_6_mask.png,143098,A,-3.195783719778371,-1.6985556549391465,1.3329351270312284,False
143548_A_5.tiff,143548_A_5_mask.png,143548,A,1.5750433123361478,2.4129685060601758,1.3316551867683095,False
141802_B_3.tiff,141802_B_3_mask.png,141802,B,1.6759434656725467,-2.385976562788146,1.3312251829487092,False
141270_A_1.tiff,141270_A_1_mask.png,141270,A,3.4543044065720543,-1.4783975697524003,1.3286578917899992,False
143557_B_4.tiff,143557_B_4_mask.png,143557,B,1.6742971869078458,2.376975254964291,1.326792205448106,False
141770_B_1.tiff,141770_B_1_mask.png,141770,B,2.3364844464418244,2.152530862034105,1.3264727804024896,False
141815_A_1.tiff,141815_A_1_mask.png,141815,A,-3.861352044371695,-0.995594834475025,1.3229051504987932,False
141796_A_6.tiff,141796_A_6_mask.png,141796,A,0.5724339777605101,2.558982407173805,1.3222219964604054,False
141728_B_1.tiff,141728_B_1_mask.png,141728,B,0.2467136590131402,2.5781776469583058,1.321905263900006,False
143443_A_5.tiff,143443_A_5_mask.png,143443,A,0.9004087874053152,2.517151482105197,1.319442878620641,False
141934_A_3.tiff,141934_A_3_mask.png,141934,A,1.0557936035216298,2.4871823989885695,1.316063798261332,False
141270_B_4.tiff,141270_B_4_mask.png,141270,B,-1.34537093914418,-2.432706217624543,1.3157942727506353,False
143562_A_4.tiff,143562_A_4_mask.png,143562,A,2.263905205295519,2.1535266379918867,1.3142592848365906,False
141270_B_2.tiff,141270_B_2_mask.png,141270,B,2.551167163960173,-2.023986926160046,1.312924897129113,False
141636_B_5.tiff,141636_B_5_mask.png,141636,B,-3.268249942298104,-1.5824212836235878,1.3129044745956506,False
143318_A_5.tiff,143318_A_5_mask.png,143318,A,3.310874841124887,1.5471301934072528,1.312561021901146,False
143562_A_2.tiff,143562_A_2_mask.png,143562,A,2.2021198527847,2.1660578112522644,1.309150724989093,False
143413_A_5.tiff,143413_A_5_mask.png,143413,A,1.3420641710032184,2.418968001475957,1.3088027839179923,False
143218_B_5.tiff,143218_B_5_mask.png,143218,B,3.3621354049943797,1.491119685334036,1.3085975672093206,False
143165_B_5.tiff,143165_B_5_mask.png,143165,B,-3.304791035258991,-1.533339922418757,1.3067763257920344,False
141728_A_1.tiff,141728_A_1_mask.png,141728,A,0.4550471646372688,2.535143504523502,1.3055269931969222,False
143313_B_1.tiff,143313_B_1_mask.png,143313,B,-1.3595618774730578,-2.405267521074637,1.3039842702949163,False
143180_B_5.tiff,143180_B_5_mask.png,143180,B,-2.785933176939747,-1.8781286590292106,1.3038074184871058,False
140844_B_2.tiff,140844_B_2_mask.png,140844,B,3.354429357311494,1.471780806849417,1.3008623638605052,False
140889_B_6.tiff,140889_B_6_mask.png,140889,B,1.3613338440074532,2.3978032812266385,1.3005632521331425,False
140384_A_4.tiff,140384_A_4_mask.png,140384,A,2.133042019781678,2.171953780019641,1.3002468064422457,False
143443_B_2.tiff,143443_B_2_mask.png,143443,B,1.659700959339946,2.322005557879934,1.2991707070838372,False
143628_A_2.tiff,143628_A_2_mask.png,143628,A,-3.539530130066686,-1.2885364980813714,1.298956928925558,False
143443_B_6.tiff,143443_B_6_mask.png,143443,B,0.8777779267615786,2.4791132097761284,1.2988913487054101,False
143628_A_3.tiff,143628_A_3_mask.png,143628,A,-2.812435375873822,-1.8307974305716672,1.2918032005733784,False
140921_B_6.tiff,140921_B_6_mask.png,140921,B,0.09223790323525724,2.5202586551801884,1.290286534104573,False
141815_B_3.tiff,141815_B_3_mask.png,141815,B,-1.3660854810149832,-2.3703453114503263,1.2878126669736405,False
143716_B_2.tiff,143716_B_2_mask.png,143716,B,2.9413606967346957,1.735720614654587,1.286107594553703,False
140379_B_6.tiff,140379_B_6_mask.png,140379,B,-3.547864401792745,-1.2238569867643276,1.2847655385882506,False
143505_B_3.tiff,143505_B_3_mask.png,143505,B,-0.04744035631022243,2.5098255145825283,1.2847044481395127,False
143098_B_1.tiff,143098_B_1_mask.png,143098,B,-1.0323382814666329,-2.417477799334943,1.279673672677623,False
140908_B_3.tiff,140908_B_3_mask.png,140908,B,-3.0766177252704923,-1.6209837035758512,1.2784916510465725,False
143321_A_5.tiff,143321_A_5_mask.png,143321,A,-2.8491100002471548,-1.7721276528779748,1.2783323620571594,False
140693_A_6.tiff,140693_A_6_mask.png,140693,A,-3.8115058336085985,-0.8328367173721096,1.278235246185831,False
141848_A_5.tiff,141848_A_5_mask.png,141848,A,-3.4900964448666527,-1.2604616491340146,1.2782039530276723,False
140849_B_4.tiff,140849_B_4_mask.png,140849,B,-3.187824268439363,-1.5353117716185483,1.2780211261788712,False
140922_B_6.tiff,140922_B_6_mask.png,140922,B,-3.3613355160816747,-1.3678517466825384,1.2726212436219781,False
140941_B_5.tiff,140941_B_5_mask.png,140941,B,3.6501965453244445,1.0454900676904386,1.272089166624596,False
143505_B_5.tiff,143505_B_5_mask.png,143505,B,0.9617575646159465,2.410143445428838,1.2705195789624928,False
141910_B_1.tiff,141910_B_1_mask.png,141910,B,1.5184978835517329,2.295457866228515,1.26920119682625,False
141802_A_1.tiff,141802_A_1_mask.png,141802,A,2.510391572336957,1.9334971230467972,1.2685916625567362,False
140852_A_1.tiff,140852_A_1_mask.png,140852,A,4.002589410430641,-0.1595805914281447,1.2681092092981878,False
143443_A_6.tiff,143443_A_6_mask.png,143443,A,0.5366462985015763,2.455151160965587,1.268035073328643,False
141537_A_6.tiff,141537_A_6_mask.png,141537,A,-3.2523614060547117,-1.4439463089274274,1.266323201247218,False
141684_B_2.tiff,141684_B_2_mask.png,141684,B,-3.2523614060547117,-1.4439463089274274,1.266323201247218,False
141270_B_3.tiff,141270_B_3_mask.png,141270,B,3.9022876985677617,-0.5427926744376999,1.264657347112782,False
143742_B_5.tiff,143742_B_5_mask.png,143742,B,-3.02745997522059,-1.6131769167361965,1.2640934344140407,False
140941_B_2.tiff,140941_B_2_mask.png,140941,B,2.223811904455218,2.0359378462540656,1.2570735993326407,False
141270_B_6.tiff,141270_B_6_mask.png,141270,B,1.4718598853925497,-2.280938095718961,1.2567907768082036,False
143566_B_6.tiff,143566_B_6_mask.png,143566,B,0.35109322065768905,2.441033867809336,1.2543282339050186,False
143313_A_1.tiff,143313_A_1_mask.png,143313,A,-2.4413934667278085,-1.927790414139793,1.2527567385856024,False
143562_B_4.tiff,143562_B_4_mask.png,143562,B,1.9017776463840772,2.14512901042915,1.2518107732713337,False
143429_A_4.tiff,143429_A_4_mask.png,143429,A,0.17116895982788247,2.4359462918421393,1.247976840152239,False
143505_A_5.tiff,143505_A_5_mask.png,143505,A,0.852570003905741,2.3802831747960203,1.24777558623067,False
143060_B_2.tiff,143060_B_2_mask.png,143060,B,1.4649104143821714,2.2590910082166342,1.245591664284315,False
140477_A_6.tiff,140477_A_6_mask.png,140477,A,2.6266761002122454,1.8126045962916195,1.245148499191643,False
141818_A_3.tiff,141818_A_3_mask.png,141818,A,-2.9562680283501814,-1.6051721036428435,1.2444279392832045,False
140639_B_2.tiff,140639_B_2_mask.png,140639,B,-2.8161340603516645,-1.6936054177613493,1.242644869647874,False
141828_A_1.tiff,141828_A_1_mask.png,141828,A,-3.2036821888499443,-1.4051092797787383,1.242244857392752,False
141390_B_2.tiff,141390_B_2_mask.png,141390,B,1.9117444415272329,2.118164807762398,1.2412549460756002,False
143180_B_6.tiff,143180_B_6_mask.png,143180,B,-0.09092973184022651,2.4207423259635306,1.2393544630293776,False
141775_B_2.tiff,141775_B_2_mask.png,141775,B,1.1753097041679306,2.309302308673908,1.2390163356851174,False
141611_A_3.tiff,141611_A_3_mask.png,141611,A,-0.3843519558294315,2.40882544240555,1.2388955357210207,False
143506_A_3.tiff,143506_A_3_mask.png,143506,A,3.76949469499455,-0.6402873417430335,1.2360179763006671,False
140628_B_6.tiff,140628_B_6_mask.png,140628,B,-3.178979634105592,-1.4030918579017884,1.235284432961772,False
140849_A_4.tiff,140849_A_4_mask.png,140849,A,-3.4837162504616863,-1.0876186416415747,1.234113146376125,False
140600_B_1.tiff,140600_B_1_mask.png,140600,B,-2.3317422720166827,1.931166633615182,1.2330837891058593,False
140973_B_4.tiff,140973_B_4_mask.png,140973,B,3.8702180330183413,-0.25904730129945436,1.230787497152229,False
143172_A_2.tiff,143172_A_2_mask.png,143172,A,1.1341397770182806,-2.296205650410583,1.2287619015970184,False
141598_B_5.tiff,141598_B_5_mask.png,141598,B,-3.6921390046177534,-0.742794347457422,1.2276747502973642,False
141848_A_3.tiff,141848_A_3_mask.png,141848,A,-2.247943286570009,-1.9499998545240027,1.2252684475994844,False
141861_A_4.tiff,141861_A_4_mask.png,141861,A,-0.8319113844187522,-2.3353380911082815,1.2239041351228097,False
140384_A_3.tiff,140384_A_3_mask.png,140384,A,2.67167056157987,1.7282855338879495,1.2231141976424964,False
141716_B_2.tiff,141716_B_2_mask.png,141716,B,-3.0722471989922524,-1.4514893943335667,1.2228763780753622,False
141953_A_4.tiff,141953_A_4_mask.png,141953,A,1.1222969143549157,2.2814219404405423,1.22043255532309,False
143506_B_5.tiff,143506_B_5_mask.png,143506,B,-0.4517308224481653,-2.3663451066919285,1.2195701809777322,False
141270_A_4.tiff,141270_A_4_mask.png,141270,A,-2.679542302535731,-1.7131719967144334,1.2192591914945838,False
141815_A_5.tiff,141815_A_5_mask.png,141815,A,-2.78290308058758,-1.6470425003653493,1.2185307798215406,False
141611_A_2.tiff,141611_A_2_mask.png,141611,A,1.5586973233866315,2.1754151209770916,1.217635354416008,False
140844_A_3.tiff,140844_A_3_mask.png,140844,A,-3.5368303461513073,-0.9352695523270845,1.2163767600570685,False
140889_B_5.tiff,140889_B_5_mask.png,140889,B,2.870747875467852,1.577062432792649,1.2146415377657973,False
143621_B_6.tiff,143621_B_6_mask.png,143621,B,-2.439467396001206,-1.8328788129032045,1.2144762762426649,False
140628_B_3.tiff,140628_B_3_mask.png,140628,B,-3.1145098749254663,-1.3824624701768564,1.2125657568864603,False
140849_A_1.tiff,140849_A_1_mask.png,140849,A,-3.672628855691777,-0.6709739072273926,1.210876537075937,False
140494_B_5.tiff,140494_B_5_mask.png,140494,B,0.061136956322481235,2.3640491946931816,1.2101578251422682,False
143165_B_3.tiff,143165_B_3_mask.png,143165,B,-3.1913239810471175,-1.2997062818451302,1.2085463901900886,False
143413_A_3.tiff,143413_A_3_mask.png,143413,A,-0.817235166157986,2.3031367946484593,1.2068107048417283,False
141636_A_5.tiff,141636_A_5_mask.png,141636,A,-2.6375003792963727,-1.7002233156916227,1.2052672068134849,False
140889_A_6.tiff,140889_A_6_mask.png,140889,A,1.3530062584689615,2.199651871642085,1.204386944922882,False
143762_B_5.tiff,143762_B_5_mask.png,143762,B,0.3018445008585455,2.340967487068343,1.2019838742401954,False
140918_B_3.tiff,140918_B_3_mask.png,140918,B,1.3290624480175397,2.1939897042471244,1.1990042942558836,False
143443_B_1.tiff,143443_B_1_mask.png,143443,B,2.109209242552514,1.943425162003641,1.1975610292042393,False
140922_A_6.tiff,140922_A_6_mask.png,140922,A,-1.786939012322365,-2.054645436211476,1.1937893994509716,False
141815_A_3.tiff,141815_A_3_mask.png,141815,A,-1.971679478905632,-1.98829688740793,1.1934274420066582,False
141802_A_4.tiff,141802_A_4_mask.png,141802,A,-3.2676109938401923,-1.1665641495547272,1.1932369994993604,False
143549_B_4.tiff,143549_B_4_mask.png,143549,B,3.6391851767813033,0.6102716655246591,1.1922262438100637,False
140922_B_1.tiff,140922_B_1_mask.png,140922,B,-3.2498159078524704,-1.1719358513998495,1.189753013352295,False
143628_B_2.tiff,143628_B_2_mask.png,143628,B,-2.7883209547051115,-1.5538223171574599,1.1872931160165154,False
140399_A_5.tiff,140399_A_5_mask.png,140399,A,-0.7983096451372194,2.2653017506383915,1.1866145764460008,False
141773_A_2.tiff,141773_A_2_mask.png,141773,A,-1.6022933031832776,-2.095340922722376,1.1860950150217715,False
143172_A_4.tiff,143172_A_4_mask.png,143172,A,-1.8372061839776137,-2.019437554222634,1.1856499039777364,False
143621_A_6.tiff,143621_A_6_mask.png,143621,A,-1.910619532235863,-1.9912713927416377,1.1847676300064798,False
143762_A_2.tiff,143762_A_2_mask.png,143762,A,-0.7445092481076702,2.2680608317765096,1.1844972856048879,False
140973_B_5.tiff,140973_B_5_mask.png,140973,B,3.2791158480245626,1.1141559042332314,1.1832285984095596,False
140844_B_3.tiff,140844_B_3_mask.png,140844,B,-3.0349910445944612,-1.3502236897555457,1.1825208685704043,False
143742_B_1.tiff,143742_B_1_mask.png,143742,B,-0.8369458950614106,-2.2515992859074707,1.1824361655866893,False
140908_A_4.tiff,140908_A_4_mask.png,140908,A,-3.357188137462874,-1.015761497752158,1.1819126950203538,False
141818_A_5.tiff,141818_A_5_mask.png,141818,A,-3.1954228092021246,-1.1884190688040246,1.1792629550247893,False
143065_A_5.tiff,143065_A_5_mask.png,143065,A,-3.5982971240421144,-0.6045453467252102,1.178982705506592,False
140849_B_1.tiff,140849_B_1_mask.png,140849,B,-3.562556359746943,-0.6772887353771272,1.17849264559417,False
141575_B_5.tiff,141575_B_5_mask.png,141575,B,0.7230519954554525,2.252619622169196,1.1754143861900557,False
141883_A_5.tiff,141883_A_5_mask.png,141883,A,3.1255445729836895,1.242158570226476,1.1750437084380232,False
141575_A_4.tiff,141575_A_4_mask.png,141575,A,1.0556872009131661,2.197546354311839,1.1732587650812611,False
140849_B_5.tiff,140849_B_5_mask.png,140849,B,-3.4032777142427983,-0.9090854160965427,1.1722930979479314,False
143548_B_5.tiff,143548_B_5_mask.png,143548,B,2.9503846592956617,1.3774134685835686,1.1692582731465793,False
141493_B_1.tiff,141493_B_1_mask.png,141493,B,1.0406781951598436,2.1897521730320877,1.1680892983714362,False
141828_B_1.tiff,141828_B_1_mask.png,141828,B,-2.8246489586528827,-1.4663782597701192,1.1665591621837825,False
141930_A_2.tiff,141930_A_2_mask.png,141930,A,-0.2582247348523828,2.273488611204094,1.1665118119056666,False
143557_B_2.tiff,143557_B_2_mask.png,143557,B,3.6569858470579613,0.2805235840426059,1.1650896101013932,False
150017_A_3.tiff,150017_A_3_mask.png,150017,A,-0.24988506544411315,2.269935316366081,1.164515723410927,False
141930_B_2.tiff,141930_B_2_mask.png,141930,B,0.8988170098305301,2.201945178506862,1.1623071811366894,False
143566_B_3.tiff,143566_B_3_mask.png,143566,B,3.0517641498340278,1.263173725970908,1.1614484646954137,False
140854_B_6.tiff,140854_B_6_mask.png,140854,B,3.546745753297542,0.5861790700255813,1.160798061298657,False
141537_A_1.tiff,141537_A_1_mask.png,141537,A,-2.8612165619390226,-1.4188685293698975,1.160057296880993,False
141684_A_3.tiff,141684_A_3_mask.png,141684,A,-2.8612165619390226,-1.4188685293698975,1.160057296880993,False
141934_A_1.tiff,141934_A_1_mask.png,141934,A,1.0961671063749392,2.1629410728219867,1.1600484204797032,False
143084_A_6.tiff,143084_A_6_mask.png,143084,A,0.06988681596038326,2.2653690228097725,1.159705978895076,False
143180_B_3.tiff,143180_B_3_mask.png,143180,B,0.810035080177512,2.205560283713276,1.157569331836998,False
143749_A_2.tiff,143749_A_2_mask.png,143749,A,-0.5067511778167372,2.238958854419512,1.1571233835713637,False
140844_A_5.tiff,140844_A_5_mask.png,140844,A,0.06594140310169477,2.257768472258628,1.1557932849846217,False
140912_B_1.tiff,140912_B_1_mask.png,140912,B,0.31884324790446616,-2.247350781915734,1.154681870733577,False
143172_B_4.tiff,143172_B_4_mask.png,143172,B,-1.0401104415286215,-2.1610461372555188,1.1539477206930648,False
143762_B_1.tiff,143762_B_1_mask.png,143762,B,1.1015794830849728,2.1435885370246908,1.1511158741731031,False
141611_B_2.tiff,141611_B_2_mask.png,141611,B,1.6148508219515536,2.0014790777897002,1.144605189607041,False
141493_B_6.tiff,141493_B_6_mask.png,141493,B,2.3499964078319286,1.6965072158875647,1.1428154898680336,False
141625_A_1.tiff,141625_A_1_mask.png,141625,A,0.3229524604160152,2.221857882309431,1.1417995445210138,False
143443_A_2.tiff,143443_A_2_mask.png,143443,A,1.1573561108554022,2.1125016007094373,1.1414905413807674,False
143734_B_2.tiff,143734_B_2_mask.png,143734,B,3.550614054125089,-0.3935457059598834,1.1405062633988425,False
143584_A_1.tiff,143584_A_1_mask.png,143584,A,0.23069179873669884,-2.2228820989988414,1.1400846022451845,False
141317_B_5.tiff,141317_B_5_mask.png,141317,B,0.4449110044095875,2.207973490078768,1.1388390025315747,False
141537_B_6.tiff,141537_B_6_mask.png,141537,B,-2.685670278518416,-1.481254031916963,1.1383305670761832,False
140908_B_4.tiff,140908_B_4_mask.png,140908,B,-3.3029972161159593,-0.8837973144282457,1.138055199562147,False
141828_B_5.tiff,141828_B_5_mask.png,141828,B,-2.1313559364941654,-1.7917648508251174,1.1380405810638263,False
141845_A_2.tiff,141845_A_2_mask.png,141845,A,-2.4613611935278317,-1.6210122833390146,1.137529819641823,False
141953_A_6.tiff,141953_A_6_mask.png,141953,A,0.5083247015328926,2.1989741540418244,1.1369286855806702,False
143429_B_2.tiff,143429_B_2_mask.png,143429,B,0.5044993739126635,2.1989491210907293,1.1367456670218292,False
143712_A_1.tiff,143712_A_1_mask.png,143712,A,3.310461818022944,-0.8544132011590734,1.1343384653765687,False
141946_B_1.tiff,141946_B_1_mask.png,141946,B,2.4449028475523895,-1.6195340102883933,1.133422896155629,False
140330_A_3.tiff,140330_A_3_mask.png,140330,A,3.250909507503761,0.9290895448447064,1.1324999940447635,False
141802_B_4.tiff,141802_B_4_mask.png,141802,B,-3.063679109138298,-1.144813641568366,1.132069208393851,False
143165_A_3.tiff,143165_A_3_mask.png,143165,A,-2.7365236095142547,-1.4246712311438754,1.1314962239069766,False
141695_A_4.tiff,141695_A_4_mask.png,141695,A,-1.5781645131816513,-1.9840531775266885,1.1314668252524878,False
141536_B_6.tiff,141536_B_6_mask.png,141536,B,-3.305575378702949,-0.8404907046988995,1.1301815157669994,False
143733_B_4.tiff,143733_B_4_mask.png,143733,B,0.6436908545686812,2.1709519653731233,1.1296525241217241,False
141831_B_1.tiff,141831_B_1_mask.png,141831,B,0.7930555961691897,2.1502797229109354,1.1287887381607191,False
141713_A_3.tiff,141713_A_3_mask.png,141713,A,-3.089381449287626,-1.10514677307995,1.1287196990145205,False
141575_B_6.tiff,141575_B_6_mask.png,141575,B,-3.2583316573143035,-0.9009122619632122,1.1286615700441993,False
143108_B_4.tiff,143108_B_4_mask.png,143108,B,1.9270648456597754,1.8551812883088006,1.1282058183224146,False
140950_A_1.tiff,140950_A_1_mask.png,140950,A,-3.2671018536085135,-0.8825783722636246,1.1274002961798717,False
143762_A_5.tiff,143762_A_5_mask.png,143762,A,0.29642457739880734,2.191702432662322,1.1256983360126,False
141252_A_1.tiff,141252_A_1_mask.png,141252,A,-2.8492045667771246,-1.318245548314112,1.1254883443148842,False
143771_A_6.tiff,143771_A_6_mask.png,143771,A,-3.34015757268466,-0.7600962522955662,1.1254212162658699,False
140600_A_5.tiff,140600_A_5_mask.png,140600,A,1.3911517966213978,2.020957681572463,1.1240240957702219,False
143180_A_3.tiff,143180_A_3_mask.png,143180,A,0.8139717485202504,2.137063739715254,1.1236903720751406,False
143033_A_1.tiff,143033_A_1_mask.png,143033,A,1.9036550790699829,1.8530791200560945,1.1233174715031036,False
141831_A_1.tiff,141831_A_1_mask.png,141831,A,0.7884419824696272,2.1394854877295564,1.12307790189289,False
143566_A_6.tiff,143566_A_6_mask.png,143566,A,1.5096646460725727,1.9856811122596272,1.1228388484340242,False
141252_A_3.tiff,141252_A_3_mask.png,141252,A,-0.4810947013108706,-2.1672787531811957,1.119669122134239,False
143505_A_3.tiff,143505_A_3_mask.png,143505,A,1.1292789526975864,2.0722944795377334,1.1191529955846014,False
143108_B_5.tiff,143108_B_5_mask.png,143108,B,0.14145407514583433,2.1843540990002723,1.1189233101821572,False
140504_B_1.tiff,140504_B_1_mask.png,140504,B,1.8232935692110201,1.8730935540971891,1.118678337057763,False
143012_A_2.tiff,143012_A_2_mask.png,143012,A,2.367501961798077,1.6155245240810248,1.1153546092606355,False
140852_B_5.tiff,140852_B_5_mask.png,140852,B,-3.008523734117579,-1.1379295916755818,1.1153411367111399,False
143108_B_3.tiff,143108_B_3_mask.png,143108,B,1.5341797345709214,1.960948954115809,1.1147443848384944,False
141317_A_6.tiff,141317_A_6_mask.png,141317,A,-1.0456264899359657,2.079730209949174,1.1146322959095576,False
140414_B_6.tiff,140414_B_6_mask.png,140414,B,-3.0730158525648212,-1.0650687474634843,1.1140650817304902,False
143506_A_4.tiff,143506_A_4_mask.png,143506,A,0.335165465544677,2.1632053157812696,1.1122638482738232,False
143633_A_3.tiff,143633_A_3_mask.png,143633,A,-0.6904907400820126,-2.127448362895054,1.1105710177004813,False
141775_B_1.tiff,141775_B_1_mask.png,141775,B,3.309138097675093,-0.720994657623521,1.1094068899931568,False
141598_A_5.tiff,141598_A_5_mask.png,141598,A,-3.22255012796708,-0.8542973509487243,1.1087209398006168,False
141575_A_6.tiff,141575_A_6_mask.png,141575,A,-3.345017345712077,-0.6488935338115959,1.1085004568552443,False
143375_A_1.tiff,143375_A_1_mask.png,143375,A,2.5141193237411343,-1.5093827011954657,1.1084527149281145,False
141796_B_4.tiff,141796_B_4_mask.png,141796,B,3.431643160068253,-0.4419192638789504,1.1082900777367197,False
143108_A_5.tiff,143108_A_5_mask.png,143108,A,-0.355885076845107,2.1505589568105785,1.106467569473153,False
143065_A_6.tiff,143065_A_6_mask.png,143065,A,-3.4867551622136976,-0.10560423612997559,1.1037119481005464,False
141716_B_1.tiff,141716_B_1_mask.png,141716,B,1.1374721740980662,-2.038509749999355,1.1036195602667371,False
140973_A_4.tiff,140973_A_4_mask.png,140973,A,3.1875960455998666,-0.878250216275097,1.1035111542418983,False
141258_B_4.tiff,141258_B_4_mask.png,141258,B,-3.362017526719826,-0.5674147707967533,1.1019111410818054,False
140941_B_6.tiff,140941_B_6_mask.png,140941,B,2.64966845602709,1.3966406917615939,1.101273290271165,False
143012_B_2.tiff,143012_B_2_mask.png,143012,B,1.406094429965185,1.9682191549784904,1.1011326452425165,False
140973_A_5.tiff,140973_A_5_mask.png,140973,A,1.868897353061034,1.8147761688588961,1.1008769476334195,False
140600_A_2.tiff,140600_A_2_mask.png,140600,A,-1.4251239766277894,1.9609549445274594,1.1001823639444612,False
140821_A_5.tiff,140821_A_5_mask.png,140821,A,0.7069839179662678,2.104607402992717,1.1001583124225784,False
140384_B_3.tiff,140384_B_3_mask.png,140384,B,2.1435675136265218,1.6929959854429304,1.1000847511074319,False
141258_B_5.tiff,141258_B_5_mask.png,141258,B,-3.4695122849481366,-0.1247037403280647,1.0987914441486244,False
140889_B_4.tiff,140889_B_4_mask.png,140889,B,1.4045061419298024,1.9626028818591763,1.0983002153806147,False
141252_B_1.tiff,141252_B_1_mask.png,141252,B,-2.7749106764062867,-1.28974972192052,1.0979470973039218,False
140908_A_6.tiff,140908_A_6_mask.png,140908,A,-3.4603803760805816,-0.15575957322809703,1.0969497123112635,False
141728_A_3.tiff,141728_A_3_mask.png,141728,A,0.5769456742345311,2.1113401990122065,1.0959448944529329,False
141695_B_4.tiff,141695_B_4_mask.png,141695,B,-2.416289957019475,-1.5341490720036506,1.0955363326262266,False
140504_A_3.tiff,140504_A_3_mask.png,140504,A,2.1011540015618855,1.7017045607978598,1.0954154926869242,False
141716_A_2.tiff,141716_A_2_mask.png,141716,A,-2.8441051691082664,-1.2220109462992532,1.0953443856996221,False
143098_A_1.tiff,143098_A_1_mask.png,143098,A,-1.8673043879924542,-1.8015785234652797,1.0949117506985522,False
140908_B_6.tiff,140908_B_6_mask.png,140908,B,-3.4502712522898418,-0.17137371333304413,1.094373590253335,False
143703_B_1.tiff,143703_B_1_mask.png,143703,B,0.5769145622625952,2.107884424250365,1.0941991792797021,False
143321_B_1.tiff,143321_B_1_mask.png,143321,B,-1.8861751554600448,-1.785217304273678,1.0911178482630484,False
141252_B_5.tiff,141252_B_5_mask.png,141252,B,-2.783410239464082,-1.2566399108054747,1.0900105539272213,False
140922_B_3.tiff,140922_B_3_mask.png,140922,B,-2.594307147114423,1.4024421343174804,1.0899712437825984,False
141754_A_6.tiff,141754_A_6_mask.png,141754,A,-3.294747191555107,-0.6185693431882846,1.088732976003908,False
140854_A_5.tiff,140854_A_5_mask.png,140854,A,3.1022422896283257,0.9229334671962728,1.0886490503147745,False
141979_A_5.tiff,141979_A_5_mask.png,141979,A,-2.549246743736569,-1.4251893963531044,1.087069465744947,False
140821_B_5.tiff,140821_B_5_mask.png,140821,B,1.2768376810144952,1.971524851057108,1.0868487315070305,False
140921_B_4.tiff,140921_B_4_mask.png,140921,B,-2.712905212515011,-1.3018299075408455,1.0861287297644018,False
140900_B_4.tiff,140900_B_4_mask.png,140900,B,3.073908431595587,0.9368935320157723,1.0837278714547618,False
143218_B_2.tiff,143218_B_2_mask.png,143218,B,2.055446985696189,1.6881751866800518,1.0811702844999316,False
141910_A_5.tiff,141910_A_5_mask.png,141910,A,2.564864603236155,1.3908752082382658,1.0790686020034834,False
141317_A_5.tiff,141317_A_5_mask.png,141317,A,0.46411346508534,2.08759523866771,1.0785330611032717,False
142000_A_6.tiff,142000_A_6_mask.png,142000,A,-2.283681020173223,-1.564785784543207,1.078318727286304,False
141611_A_4.tiff,141611_A_4_mask.png,141611,A,0.20722461683666368,2.101128447491067,1.0774252228196286,False
141589_B_3.tiff,141589_B_3_mask.png,141589,B,-2.7425331788303136,-1.24799897098363,1.0769743987947449,False
140849_A_5.tiff,140849_A_5_mask.png,140849,A,-0.5663341294568622,-2.068301787649211,1.0736652420059956,False
140477_B_4.tiff,140477_B_4_mask.png,140477,B,2.850491332337519,1.1397119321552374,1.0735432313729452,False
143742_B_2.tiff,143742_B_2_mask.png,143742,B,1.919303803133345,-1.728609843373452,1.0728611073139456,False
141493_B_4.tiff,141493_B_4_mask.png,141493,B,-0.6528012774311789,2.056325191183565,1.07254511689695,False
141625_B_4.tiff,141625_B_4_mask.png,141625,B,-1.485420501237176,1.8833788318843943,1.0722944091200233,False
141910_A_1.tiff,141910_A_1_mask.png,141910,A,3.1498715506625006,0.7765119570852203,1.07225671758968,False
141946_B_4.tiff,141946_B_4_mask.png,141946,B,2.1956981553977815,1.5964122803467762,1.0721790351930747,False
140494_A_5.tiff,140494_A_5_mask.png,140494,A,0.2151869100615067,2.089218232387688,1.0714973970277872,False
143413_A_2.tiff,143413_A_2_mask.png,143413,A,-1.1606147502784796,1.9644995768316964,1.0703638147631576,False
143108_A_1.tiff,143108_A_1_mask.png,143108,A,-1.6289455469678076,1.8331015046782697,1.070301370173459,False
141258_A_5.tiff,141258_A_5_mask.png,141258,A,-3.3287145635513355,-0.37926512852506183,1.0701741054299199,False
143084_B_6.tiff,143084_B_6_mask.png,143084,B,-0.2038896322702163,2.0849124469235023,1.0690766867679047,False
141828_A_5.tiff,141828_A_5_mask.png,141828,A,-2.5956011966086745,-1.3348211647788373,1.0678098965537972,False
141713_A_6.tiff,141713_A_6_mask.png,141713,A,-2.8011232667399035,-1.1568776554180416,1.0653323817998683,False
141906_A_3.tiff,141906_A_3_mask.png,141906,A,-3.050260850192966,-0.8595402334272586,1.059993223836731,False
141589_A_3.tiff,141589_A_3_mask.png,141589,A,-2.610338555001801,-1.2993478471373625,1.059909148421737,False
140854_B_1.tiff,140854_B_1_mask.png,140854,B,3.119465746056099,0.7532484312134522,1.0589412716024231,False
143318_B_1.tiff,143318_B_1_mask.png,143318,B,-2.065998773685054,-1.6270711550862058,1.0583981743737574,False
143429_B_3.tiff,143429_B_3_mask.png,143429,B,-3.0109590683177907,-0.8992366841760696,1.0573854038998018,False
143274_A_5.tiff,143274_A_5_mask.png,143274,A,-2.7183504526908067,-1.2024811151356447,1.05709620007496,False
140921_A_6.tiff,140921_A_6_mask.png,140921,A,1.7665540872397028,1.7532957608748165,1.0570099303555869,False
141625_A_2.tiff,141625_A_2_mask.png,141625,A,-0.5341277363484251,2.0365617012464736,1.0559743689427805,False
141589_A_2.tiff,141589_A_2_mask.png,141589,A,-3.0471780350505755,0.8435490862245795,1.0557328904169947,False
142000_B_6.tiff,142000_B_6_mask.png,142000,B,-2.060501632851754,-1.622181436901966,1.055356322042159,False
140504_A_2.tiff,140504_A_2_mask.png,140504,A,1.9829302065460412,1.6575237438297687,1.05488873005239,False
140414_A_6.tiff,140414_A_6_mask.png,140414,A,-3.031004908446296,-0.8592231364583106,1.0543896347696782,False
141695_B_1.tiff,141695_B_1_mask.png,141695,B,-3.127045772408517,-0.7025980444666143,1.0520322003461022,False
141695_A_3.tiff,141695_A_3_mask.png,141695,A,-3.2733736477912005,-0.36755920470788633,1.0518842400303106,False
140723_A_6.tiff,140723_A_6_mask.png,140723,A,-2.9781493971729525,-0.9068825403401869,1.0497806479299823,False
140693_B_6.tiff,140693_B_6_mask.png,140693,B,-2.429734771788159,-1.3960882248351727,1.049156941972052,False
140414_A_4.tiff,140414_A_4_mask.png,140414,A,-2.8363326110499036,-1.062969564140371,1.0488862943383856,False
141575_A_3.tiff,141575_A_3_mask.png,141575,A,-0.5516815716841621,2.017152721644627,1.0470794186336094,False
141848_A_4.tiff,141848_A_4_mask.png,141848,A,-1.6354723262179764,-1.7738562331352121,1.0448406288266114,False
143033_B_1.tiff,143033_B_1_mask.png,143033,B,2.5981938881276143,1.2438474409332172,1.0392819527244472,False
141754_A_3.tiff,141754_A_3_mask.png,141754,A,0.06473445684771431,2.0252718630227537,1.0368073312777175,False
143180_A_2.tiff,143180_A_2_mask.png,143180,A,1.4576906672885968,1.8129395893188807,1.0360733431136788,False
143413_B_3.tiff,143413_B_3_mask.png,143413,B,-0.10916583764710619,2.0230151987941687,1.036025331781398,False
143012_B_1.tiff,143012_B_1_mask.png,143012,B,2.518771054533479,1.294387728690501,1.0359005242863215,False
143443_B_5.tiff,143443_B_5_mask.png,143443,B,2.4094719846012334,1.3687197655517669,1.0349422015728584,False
140615_A_3.tiff,140615_A_3_mask.png,140615,A,-3.2426825866757216,0.27229156117157555,1.0346500696383953,False
140615_B_4.tiff,140615_B_4_mask.png,140615,B,-3.0534535814082613,-0.7228711125810963,1.0338651136775272,False
141728_B_3.tiff,141728_B_3_mask.png,141728,B,1.0761146019117531,1.9031989273684298,1.0318301909405545,False
143444_A_4.tiff,143444_A_4_mask.png,143444,A,1.68054545040197,1.7277457869459534,1.0316654698600554,False
143429_A_3.tiff,143429_A_3_mask.png,143429,A,-2.8557419037589633,-0.9620221769075739,1.0284228655998697,False
140945_B_6.tiff,140945_B_6_mask.png,140945,B,2.1195136683690867,-1.5221234328415274,1.027625136001813,False
141883_B_3.tiff,141883_B_3_mask.png,141883,B,-3.032531447480424,-0.7150062509667325,1.026248703369957,False
143749_A_4.tiff,143749_A_4_mask.png,143749,A,-0.8660740115055784,1.9313160103969886,1.025739254739384,False
143065_B_5.tiff,143065_B_5_mask.png,143065,B,-3.211280084621024,-0.26417965677557054,1.0242566937669513,False
141625_B_2.tiff,141625_B_2_mask.png,141625,B,-0.3092818103290789,1.9916886794768327,1.0240952971265531,False
141848_B_6.tiff,141848_B_6_mask.png,141848,B,0.046041100796786194,-1.997870367651672,1.0226838572712214,False
141575_A_1.tiff,141575_A_1_mask.png,141575,A,-1.4211524288835347,1.7946549674902896,1.022571564354841,False
140886_B_2.tiff,140886_B_2_mask.png,140886,B,1.299143919941284,1.8186758313364533,1.017454771678922,False
140600_B_2.tiff,140600_B_2_mask.png,140600,B,-1.295053997275355,1.819762773505939,1.0174427175366485,False
140330_B_3.tiff,140330_B_3_mask.png,140330,B,2.4487133232400664,1.288682784148654,1.017075341309982,False
143321_B_2.tiff,143321_B_2_mask.png,143321,B,-2.2600285297444067,-1.4139328625704153,1.0170105409292225,False
143742_A_2.tiff,143742_A_2_mask.png,143742,A,1.740436649535854,-1.6684467251243233,1.015900899460461,False
143033_A_3.tiff,143033_A_3_mask.png,143033,A,0.4731392996618001,1.9601786893714106,1.014378909715377,False
150010_B_2.tiff,150010_B_2_mask.png,150010,B,0.2802506309639641,1.9730129720919833,1.0137370429973012,False
141861_B_4.tiff,141861_B_4_mask.png,141861,B,-0.49555527529891746,-1.945242139300201,1.0078954263026756,False
150010_A_2.tiff,150010_A_2_mask.png,150010,A,0.07529663990124025,1.9662641891384158,1.0066846258534738,False
143620_A_6.tiff,143620_A_6_mask.png,143620,A,-3.0560290506628824,-0.5513377167096053,1.0065734771492085,False
143108_A_4.tiff,143108_A_4_mask.png,143108,A,1.6521971504686133,1.6803352383600607,1.0062603953208327,False
143444_A_3.tiff,143444_A_3_mask.png,143444,A,2.8727167551536694,0.8445000100208219,1.0058601538841894,False
141377_A_6.tiff,141377_A_6_mask.png,141377,A,-2.363150753731794,-1.3151660354300039,1.0056602842844071,False
141845_A_4.tiff,141845_A_4_mask.png,141845,A,-3.070300655155338,-0.5075637631706206,1.004881464839353,False
143065_A_4.tiff,143065_A_4_mask.png,143065,A,-0.36621305969611767,1.949124982568387,1.0043270101058732,False
140921_A_1.tiff,140921_A_1_mask.png,140921,A,1.4526376683586306,-1.7422065715477146,1.0030453923586968,False
141625_A_5.tiff,141625_A_5_mask.png,141625,A,-1.913198876148936,-1.5632187759703664,1.003026742356056,False
143633_B_3.tiff,143633_B_3_mask.png,143633,B,-1.8147073549277004,-1.6061852282432163,1.002514803617978,False
143065_B_6.tiff,143065_B_6_mask.png,143065,B,-3.020927915782726,-0.5940337141406701,1.00233688356657,False
143172_A_5.tiff,143172_A_5_mask.png,143172,A,0.13693762245868274,-1.9561160436559792,1.002144575826303,False
141695_B_2.tiff,141695_B_2_mask.png,141695,B,0.6308045912016494,-1.9177504034886284,1.0016282519490731,False
143321_B_4.tiff,143321_B_4_mask.png,143321,B,-3.0325364379338096,-0.5509021032842525,0.9993830518299608,False
143012_A_1.tiff,143012_A_1_mask.png,143012,A,2.068245914173874,1.4725954650239328,0.9978454558339482,False
140922_A_1.tiff,140922_A_1_mask.png,140922,A,-2.9663002576840225,-0.6602071044418302,0.9968594564809252,False
143393_A_6.tiff,143393_A_6_mask.png,143393,A,-2.9503329135498735,-0.6836635420816737,0.996264706825529,False
143585_B_1.tiff,143585_B_1_mask.png,143585,B,-0.721389571346219,-1.8930889062073633,0.9954307593147533,False
140615_A_1.tiff,140615_A_1_mask.png,140615,A,-2.2990959496355816,-1.3260036811912945,0.9944845157994591,False
143180_A_6.tiff,143180_A_6_mask.png,143180,A,0.296193638988389,1.9324692976952114,0.9935288688240992,False
141904_A_6.tiff,141904_A_6_mask.png,141904,A,-2.8085367029026655,-0.8675488107750587,0.9927963939035133,False
140615_B_1.tiff,140615_B_1_mask.png,140615,B,-1.1105227210427122,-1.8131981548786793,0.9922546191916626,False
141418_B_1.tiff,141418_B_1_mask.png,141418,B,-3.094422132759109,-0.3218552814527118,0.9921184073925965,False
143633_B_1.tiff,143633_B_1_mask.png,143633,B,-2.4639343934037012,-1.199439158884422,0.9918394461085487,False
143393_B_1.tiff,143393_B_1_mask.png,143393,B,1.2566312964333413,1.7754807463046514,0.991807277391582,False
143733_A_4.tiff,143733_A_4_mask.png,143733,A,0.7450470434731636,1.8777342997012434,0.989536248918801,False
140886_A_2.tiff,140886_A_2_mask.png,140886,A,0.8916247711247329,1.8503270027598706,0.9881268780024943,False
143413_A_6.tiff,143413_A_6_mask.png,143413,A,-0.8525737377082618,1.8571670701052003,0.9880433931241849,False
150017_A_1.tiff,150017_A_1_mask.png,150017,A,2.9561487046833768,-0.616878022820168,0.9865204527338781,False
140477_A_4.tiff,140477_A_4_mask.png,140477,A,1.1588514770020553,1.7895175509921593,0.9864999509032545,False
143155_B_6.tiff,143155_B_6_mask.png,143155,B,-2.48287992716079,-1.1647991185071012,0.985727480732479,False
140900_A_3.tiff,140900_A_3_mask.png,140900,A,0.1723616110318569,1.9225449230245595,0.9855338248678134,False
141796_A_1.tiff,141796_A_1_mask.png,141796,A,0.9042849508271779,1.8399951675017374,0.9842148801843726,False
140693_A_4.tiff,140693_A_4_mask.png,140693,A,-1.8412964347646474,1.5498451285821906,0.9839567666858393,False
140921_A_5.tiff,140921_A_5_mask.png,140921,A,2.6071589794194585,-1.0429197398960266,0.9820390654394003,False
140900_A_4.tiff,140900_A_4_mask.png,140900,A,2.070717296877416,1.4288981091035278,0.9815818011389482,False
141773_B_6.tiff,141773_B_6_mask.png,141773,B,-2.8948616653880213,-0.6888784643536355,0.9808198046677219,False
141589_A_5.tiff,141589_A_5_mask.png,141589,A,-2.8517986379408766,0.7531622026136539,0.9805894134633961,False
141695_B_6.tiff,141695_B_6_mask.png,141695,B,-2.3738290091195653,-1.2285938321286223,0.9791409269804496,False
141611_B_5.tiff,141611_B_5_mask.png,141611,B,-0.1926486775250444,1.9064877826353863,0.9777065087481231,False
141904_B_6.tiff,141904_B_6_mask.png,141904,B,-2.47794251360755,-1.14223436925527,0.9775338749196485,False
143155_A_6.tiff,143155_A_6_mask.png,143155,A,-2.707936719124085,-0.9209259869837344,0.9773332903043529,False
141377_B_6.tiff,141377_B_6_mask.png,141377,B,-2.6188894548318267,-1.0081934576750242,0.9756376486804251,False
140886_A_3.tiff,140886_A_3_mask.png,140886,A,2.896312017332558,-0.6550239972856325,0.9751553535727089,False
140950_B_1.tiff,140950_B_1_mask.png,140950,B,-2.374468497662445,-1.2151766803397888,0.9749003656181895,False
150017_B_3.tiff,150017_B_3_mask.png,150017,B,0.36361715477976103,1.8882865932195556,0.9733047425943112,False
140912_A_6.tiff,140912_A_6_mask.png,140912,A,0.13649226268366937,1.8959116317314701,0.9713532589579223,False
143429_B_4.tiff,143429_B_4_mask.png,143429,B,1.1484523691054669,1.7586220684115303,0.9706006459408378,False
141571_A_6.tiff,141571_A_6_mask.png,141571,A,-2.5161888621700723,-1.0802319113182626,0.968796049687132,False
141390_B_4.tiff,141390_B_4_mask.png,141390,B,0.35972008209270456,1.8779319333930218,0.967896615975772,False
141537_B_2.tiff,141537_B_2_mask.png,141537,B,-2.269697021436961,-1.2683427549556088,0.9676691447728072,False
141684_B_4.tiff,141684_B_4_mask.png,141684,B,-2.269697021436961,-1.2683427549556088,0.9676691447728072,False
143444_B_3.tiff,143444_B_3_mask.png,143444,B,2.8181684828116773,0.7310542353030305,0.9663844292109921,False
141972_B_1.tiff,141972_B_1_mask.png,141972,B,0.6427225815952926,-1.8456679067007415,0.966285979366065,False
141625_B_1.tiff,141625_B_1_mask.png,141625,B,1.7465660623170063,1.5468984688322758,0.965301021118727,False
141252_A_5.tiff,141252_A_5_mask.png,141252,A,-2.5000787094785943,-1.0818253410679204,0.965085629009579,False
143771_B_6.tiff,143771_B_6_mask.png,143771,B,-2.4601433135104327,-1.1113307732717983,0.9636087356731143,False
140900_B_2.tiff,140900_B_2_mask.png,140900,B,-0.3949358745311844,1.8650343717794153,0.9627219143537357,False
143180_B_2.tiff,143180_B_2_mask.png,143180,B,1.4973047437981262,1.6372958276572434,0.9624910451636932,False
143218_A_2.tiff,143218_A_2_mask.png,143218,A,1.636516169431047,1.5811326960809402,0.9605436062170224,False
141701_A_4.tiff,141701_A_4_mask.png,141701,A,-3.030986818788209,-0.12468400319324774,0.9604125486860908,False
140599_B_4.tiff,140599_B_4_mask.png,140599,B,-0.35840476439873864,1.8624815890048996,0.9599946438397112,False
143218_B_6.tiff,143218_B_6_mask.png,143218,B,0.7292935980760241,1.8202744905762687,0.9597885343552076,False
141955_B_6.tiff,141955_B_6_mask.png,141955,B,-3.0223750110388328,-0.13387883554237998,0.9580209532910161,False
141904_A_5.tiff,141904_A_5_mask.png,141904,A,-1.245117106767805,-1.7050927750129272,0.9574031704469306,False
141317_A_2.tiff,141317_A_2_mask.png,141317,A,-1.653874176179392,1.5668224520308938,0.9573670817156623,False
143742_B_6.tiff,143742_B_6_mask.png,143742,B,2.1076570587953514,-1.3409450461670023,0.956613847860338,False
143637_A_6.tiff,143637_A_6_mask.png,143637,A,-0.5683466010553208,-1.83292626073823,0.955209731564723,False
141773_A_5.tiff,141773_A_5_mask.png,141773,A,1.9625533453168547,-1.414553626869358,0.9535247664983457,False
143393_A_1.tiff,143393_A_1_mask.png,143393,A,0.9046157220980596,1.775551145193568,0.9527320846191569,False
141955_B_3.tiff,141955_B_3_mask.png,141955,B,-2.8573260321293192,-0.5909114319489392,0.9526695266616818,False
141258_A_4.tiff,141258_A_4_mask.png,141258,A,-2.669538554768984,-0.8632413315679598,0.9526688191926492,False
141713_B_3.tiff,141713_B_3_mask.png,141713,B,-1.5899006319600533,-1.5801622304108094,0.9522637326094388,False
143375_A_6.tiff,143375_A_6_mask.png,143375,A,-2.6923484797270065,-0.8280443126246618,0.9508987752890335,False
143771_B_4.tiff,143771_B_4_mask.png,143771,B,-0.15701191968011796,-1.851631783746588,0.9490294176137964,False
143628_A_1.tiff,143628_A_1_mask.png,143628,A,-2.9469664421678248,-0.34363167816472806,0.9481811425536436,False
143393_B_6.tiff,143393_B_6_mask.png,143393,B,-2.3171684807427084,-1.1748155306956503,0.9477803271622524,False
143749_B_4.tiff,143749_B_4_mask.png,143749,B,-0.5526686239370998,1.8174538915456935,0.9465053849477398,False
143318_A_1.tiff,143318_A_1_mask.png,143318,A,-0.8170220353279554,-1.777720759358136,0.9458560364820597,False
140886_A_5.tiff,140886_A_5_mask.png,140886,A,-2.8643205075984968,-0.5333184887921422,0.9458421213022604,False
140912_A_4.tiff,140912_A_4_mask.png,140912,A,2.688087134239592,0.810848348907393,0.9457978309582377,False
141979_B_5.tiff,141979_B_5_mask.png,141979,B,-2.427060280469256,-1.0770735575492458,0.9448491968713398,False
141906_A_4.tiff,141906_A_4_mask.png,141906,A,0.6342432485618279,-1.8036933732784652,0.944720499353872,False
141740_A_2.tiff,141740_A_2_mask.png,141740,A,-2.9579029397790335,-0.24899465566813617,0.9438273291534442,False
143633_A_1.tiff,143633_A_1_mask.png,143633,A,-1.651195435183349,-1.5334185025158324,0.9426221473061956,False
141754_B_5.tiff,141754_B_5_mask.png,141754,B,-1.3086104096270355,1.6545834523613465,0.942535362938131,False
143318_A_3.tiff,143318_A_3_mask.png,143318,A,-0.2606552023111469,1.8339059630059047,0.942268174236366,False
143714_A_6.tiff,143714_A_6_mask.png,143714,A,-2.6583388760272664,-0.8303163080499212,0.9418096263233001,False
141317_B_2.tiff,141317_B_2_mask.png,141317,B,-1.5715144678295871,1.5625416371745933,0.9415352882864872,False
143580_B_1.tiff,143580_B_1_mask.png,143580,B,-1.9680617104848057,-1.3800773236313888,0.9413462743050016,False
141611_B_3.tiff,141611_B_3_mask.png,141611,B,0.4242711690913636,1.8153454143007381,0.9387902708034824,False
140330_B_4.tiff,140330_B_4_mask.png,140330,B,0.9485849321134103,1.7366497412916497,0.9381097907731117,False
143749_B_2.tiff,143749_B_2_mask.png,143749,B,0.05091810955058437,1.8321975834487474,0.9379212704963391,False
143375_B_6.tiff,143375_B_6_mask.png,143375,B,-2.22679168130897,-1.2101220907873946,0.9377081160285532,False
141377_A_2.tiff,141377_A_2_mask.png,141377,A,1.4536610102983956,-1.5943067803021391,0.9365471396613243,False
141754_A_5.tiff,141754_A_5_mask.png,141754,A,-1.3174392215220414,1.6362947052104548,0.9353733052306364,False
143734_A_6.tiff,143734_A_6_mask.png,143734,A,2.901138028944355,-0.35541663769297815,0.9351018738788354,False
143218_A_6.tiff,143218_A_6_mask.png,143218,A,1.3148458610695006,1.6330906978195787,0.9335398341309443,False
140886_B_5.tiff,140886_B_5_mask.png,140886,B,-2.7795741886448755,-0.6139634661293208,0.9332980146441834,False
140918_B_6.tiff,140918_B_6_mask.png,140918,B,2.4972418800927474,0.9690030256197157,0.9323934630731676,False
141589_B_2.tiff,141589_B_2_mask.png,141589,B,-2.7960206557929603,0.5776310753424834,0.9321317349201539,False
141695_A_6.tiff,141695_A_6_mask.png,141695,A,-2.653876665058315,-0.7893615902281661,0.9312669760982687,False
141252_B_3.tiff,141252_B_3_mask.png,141252,B,-2.3752994518697697,-1.0734183741696413,0.9305016516083754,False
141883_B_5.tiff,141883_B_5_mask.png,141883,B,0.5081975099143742,1.790045068588553,0.9301898435619411,False
141713_A_2.tiff,141713_A_2_mask.png,141713,A,-2.636374157552986,-0.7970294892372888,0.9280028939821882,False
143505_A_1.tiff,143505_A_1_mask.png,143505,A,-2.854839398819764,-0.42105485218617156,0.9279702040447066,False
141586_B_1.tiff,141586_B_1_mask.png,141586,B,-0.12348973769300114,-1.8110864572750116,0.9277995428093675,False
143321_A_1.tiff,143321_A_1_mask.png,143321,A,-1.1108085455584225,-1.6733784221280332,0.9257007199004216,False
143274_B_5.tiff,143274_B_5_mask.png,143274,B,-2.5339177866984848,-0.9041504736664729,0.9251907760014566,False
140494_A_4.tiff,140494_A_4_mask.png,140494,A,-2.5383542998450266,-0.8938012337121906,0.9237709148566554,False
143321_A_2.tiff,143321_A_2_mask.png,143321,A,-0.9560818283697082,-1.7027880313302783,0.9224783514979107,False
140494_B_4.tiff,140494_B_4_mask.png,140494,B,-2.664373275606723,-0.7340686125021165,0.9223723876743991,False
143429_B_6.tiff,143429_B_6_mask.png,143429,B,-1.3622884792010799,1.5921874843859034,0.9217546703121701,False
141845_B_3.tiff,141845_B_3_mask.png,141845,B,-1.454455002859536,-1.5578780656794122,0.9204720148822463,False
141713_B_6.tiff,141713_B_6_mask.png,141713,B,-2.6844321563511815,-0.6931586132589224,0.9198909986912498,False
143714_B_2.tiff,143714_B_2_mask.png,143714,B,-2.827322066582528,-0.4111454810597953,0.9183347861757076,False
141754_B_6.tiff,141754_B_6_mask.png,141754,B,-2.765747432027536,-0.540835058417586,0.9172008749848974,False
141357_B_1.tiff,141357_B_1_mask.png,141357,B,-2.297786293226509,1.0900297941225545,0.915991343764591,False
140999_A_5.tiff,140999_A_5_mask.png,140999,A,1.0215971872274225,1.674521099605125,0.9159193072445329,False
143318_A_2.tiff,143318_A_2_mask.png,143318,A,0.5029679426253177,1.7608911935829181,0.9152070570716769,False
140889_B_3.tiff,140889_B_3_mask.png,140889,B,0.6800244783032959,1.7357124576981091,0.9140442526211865,False
143562_B_6.tiff,143562_B_6_mask.png,143562,B,1.028160675060195,1.6637682102992015,0.9115092236306531,False
143557_B_1.tiff,143557_B_1_mask.png,143557,B,2.035640177890064,1.2603978441103856,0.9112581361111776,False
141598_A_3.tiff,141598_A_3_mask.png,141598,A,-2.8106770106384973,0.38701075541205865,0.9104458033779671,False
143086_B_4.tiff,143086_B_4_mask.png,143086,B,-2.8528974711895594,-0.23913182968628816,0.9102508959388516,False
141575_B_3.tiff,141575_B_3_mask.png,141575,B,-0.5494839910766247,1.7447703145011189,0.9097759210580774,False
140539_B_2.tiff,140539_B_2_mask.png,140539,B,-1.429714531192027,1.5407742478355408,0.9089838576818653,False
143321_A_4.tiff,143321_A_4_mask.png,143321,A,-2.532130986888484,-0.8246964231637243,0.905034364130443,False
140590_B_5.tiff,140590_B_5_mask.png,140590,B,-2.857295251430947,0.05324383563969973,0.9037858041798612,False
143584_B_6.tiff,143584_B_6_mask.png,143584,B,-1.100655345590229,1.6285756722829936,0.9032838160386488,False
143712_A_6.tiff,143712_A_6_mask.png,143712,A,-0.47061241018381567,1.738625453231794,0.9022428816318814,False
143413_B_2.tiff,143413_B_2_mask.png,143413,B,-0.7803424597232275,1.6936226465269664,0.9012810915239902,False
140867_A_6.tiff,140867_A_6_mask.png,140867,A,-2.6249460102644573,0.6861541080732723,0.9011645947315876,False
141568_B_3.tiff,141568_B_3_mask.png,141568,B,-0.06234698931153545,1.7578813355424192,0.8999613371489915,False
143155_B_3.tiff,143155_B_3_mask.png,143155,B,-1.053869186590854,1.6317793713194781,0.8992118136531451,False
143313_A_4.tiff,143313_A_4_mask.png,143313,A,-1.973018261945781,-1.2629296476990304,0.8983162697806024,False
150017_B_4.tiff,150017_B_4_mask.png,150017,B,0.055314813666245216,1.7544779078486998,0.898173720479263,False
141701_B_4.tiff,141701_B_4_mask.png,141701,B,-2.8338799313762877,-0.10440832831065257,0.8975640364025176,False
143172_B_1.tiff,143172_B_1_mask.png,143172,B,1.2769689638471822,-1.5643368692773296,0.8967118536197182,False
143172_B_3.tiff,143172_B_3_mask.png,143172,B,-2.0040412610958316,-1.233436830745407,0.894436867135903,False
141910_A_2.tiff,141910_A_2_mask.png,141910,A,2.2422683903230776,-1.06504361846719,0.8942808459433897,False
141701_B_5.tiff,141701_B_5_mask.png,141701,B,-2.44569938651073,-0.8744777942052678,0.8934427963508746,False
140414_B_4.tiff,140414_B_4_mask.png,140414,B,-1.4888247531331449,-1.4825539932839096,0.8929634286822407,False
141773_B_5.tiff,141773_B_5_mask.png,141773,B,-0.19485728641532,-1.7376174265890476,0.8915048580242511,False
143585_A_1.tiff,143585_A_1_mask.png,143585,A,-1.390336361036227,-1.5148407464776086,0.8912864949224449,False
140693_B_1.tiff,140693_B_1_mask.png,140693,B,-1.1672158747920163,1.5844366774363485,0.890986851792157,False
143505_A_6.tiff,143505_A_6_mask.png,143505,A,-2.661904944984296,-0.5707818534824803,0.8908641596986413,False
141802_B_6.tiff,141802_B_6_mask.png,141802,B,-2.5563570126305133,-0.7298328159212766,0.8903800386945231,False
143580_A_1.tiff,143580_A_1_mask.png,143580,A,-1.516354703770877,-1.4655506890504229,0.8902367340085319,False
143733_A_1.tiff,143733_A_1_mask.png,143733,A,0.4760347388775483,1.7141798919621871,0.8901927302301926,False
140844_B_5.tiff,140844_B_5_mask.png,140844,B,0.5378776576205723,1.7067934416562043,0.889994999780618,False
141380_A_5.tiff,141380_A_5_mask.png,141380,A,0.028869677547216116,1.7366259881625556,0.8889130655158106,False
140384_A_2.tiff,140384_A_2_mask.png,140384,A,-0.7716115188892704,1.6698133729119242,0.8888047700470276,False
143180_B_4.tiff,143180_B_4_mask.png,143180,B,-0.9889303269349328,-1.623650881879237,0.8879128239948721,False
140723_B_6.tiff,140723_B_6_mask.png,140723,B,-2.458618028467192,-0.8380679001678417,0.8878277431680853,False
141955_A_3.tiff,141955_A_3_mask.png,141955,A,-2.5798613565125224,-0.6813574539734866,0.8870867631296342,False
143155_A_3.tiff,143155_A_3_mask.png,143155,A,-1.3902728692496114,1.5049350572504787,0.8868695024782043,False
143271_A_5.tiff,143271_A_5_mask.png,143271,A,-0.7433203516901734,1.6691981990210691,0.8860878079338307,False
141802_A_6.tiff,141802_A_6_mask.png,141802,A,-2.0009965287921214,-1.2118764090851806,0.8859946494123849,False
143429_A_5.tiff,143429_A_5_mask.png,143429,A,2.2293767858882183,-1.046820145085334,0.8853776769320109,False
141716_A_6.tiff,141716_A_6_mask.png,141716,A,-2.789274916956754,-0.14950836518195654,0.8851831561839234,False
141382_A_1.tiff,141382_A_1_mask.png,141382,A,-1.5148210366829562,1.4517746194222418,0.8840408098672178,False
140494_A_1.tiff,140494_A_1_mask.png,140494,A,-0.9563933574487277,1.6226359425929113,0.8838546694282098,False
141930_A_3.tiff,141930_A_3_mask.png,141930,A,2.553691299284925,-0.7017915239519187,0.8836843771542481,False
141317_B_6.tiff,141317_B_6_mask.png,141317,B,-0.5034892076533218,1.6950930258637558,0.8820906474975517,False
140973_A_1.tiff,140973_A_1_mask.png,140973,A,-1.8649704881839415,-1.2759558898371575,0.8798773904242361,False
141586_A_3.tiff,141586_A_3_mask.png,141586,A,2.6210060260563166,0.5753275622744567,0.8794350136426112,False
143491_A_6.tiff,143491_A_6_mask.png,143491,A,-0.9889642156200026,-1.6049295113400037,0.8789546050683751,False
143108_A_2.tiff,143108_A_2_mask.png,143108,A,0.055813003905519715,1.715889648493353,0.8784298720052548,False
141946_A_4.tiff,141946_A_4_mask.png,141946,A,1.039438430573848,1.5913664631596556,0.8783155874923596,False
141357_B_3.tiff,141357_B_3_mask.png,141357,B,-2.2167509389906526,1.0340322278191914,0.8782432296594769,False
140918_B_4.tiff,140918_B_4_mask.png,140918,B,2.06820012497678,1.1441456435162956,0.8777911329363066,False
143585_B_4.tiff,143585_B_4_mask.png,143585,B,1.2110283975771612,-1.542753646102266,0.8775673236437844,False
141196_A_3.tiff,141196_A_3_mask.png,141196,A,-1.0471549891330143,1.5873124181702112,0.8773094163052175,False
140921_B_3.tiff,140921_B_3_mask.png,140921,B,-1.4782112103771556,-1.4477982383065435,0.8761019270463315,False
141390_A_1.tiff,141390_A_1_mask.png,141390,A,-0.026485982235315876,1.7101739961739593,0.8753671975194036,False
143413_A_1.tiff,143413_A_1_mask.png,143413,A,-0.6732663137792158,1.6585598336129168,0.8751899228599695,False
143155_A_1.tiff,143155_A_1_mask.png,143155,A,-1.9658571388780812,-1.1982666574446224,0.87318936235963,False
141390_A_4.tiff,141390_A_4_mask.png,141390,A,1.6024515057004096,1.3876714999789297,0.8724390903997519,False
150017_A_2.tiff,150017_A_2_mask.png,150017,A,2.1856934584749075,1.0359069164965955,0.8710111163928096,False
150010_A_6.tiff,150010_A_6_mask.png,150010,A,0.5355357807674808,1.6681430825676848,0.8704407601268418,False
143218_B_4.tiff,143218_B_4_mask.png,143218,B,-0.010732565011395771,1.700424659162975,0.8703437048624252,False
141493_A_1.tiff,141493_A_1_mask.png,141493,A,1.5853523476841282,1.3894675689461664,0.870062062041266,False
143506_B_4.tiff,143506_B_4_mask.png,143506,B,1.0128173903071644,1.5767322583877104,0.8682345830337904,False
140599_A_4.tiff,140599_A_4_mask.png,140599,A,-0.00038397693381776043,1.6932311718553645,0.866655219042807,False
141796_B_3.tiff,141796_B_3_mask.png,141796,B,1.2668964702984316,-1.5007894759060911,0.8663158382066622,False
141845_B_4.tiff,141845_B_4_mask.png,141845,B,-1.8227912940291904,-1.2634271107521542,0.8661991354246498,False
140900_B_3.tiff,140900_B_3_mask.png,140900,B,0.5936193785625182,1.6506173707665375,0.8654395379086304,False
141598_A_1.tiff,141598_A_1_mask.png,141598,A,-2.7348494178578235,-0.02461696304728693,0.8647536339839802,False
143172_B_5.tiff,143172_B_5_mask.png,143172,B,-1.0824799998823997,-1.5513308790151958,0.8646421392406841,False
143065_B_4.tiff,143065_B_4_mask.png,143065,B,-0.1596256326100077,1.6862739088566512,0.8645684919487312,False
140330_B_6.tiff,140330_B_6_mask.png,140330,B,2.2346582022486214,0.970067237296226,0.8635369413412783,False
143714_A_1.tiff,143714_A_1_mask.png,143714,A,-2.646836771353426,-0.4149431825289921,0.8633653776399932,False
143712_B_6.tiff,143712_B_6_mask.png,143712,B,-0.6434109130513231,1.6390555058351228,0.8632371192619274,False
143108_B_1.tiff,143108_B_1_mask.png,143108,B,-1.3182462204317833,1.4765197454892942,0.8630425921538718,False
141802_A_3.tiff,141802_A_3_mask.png,141802,A,-2.7127606708635286,-0.17258800594151133,0.86221527871922,False
140379_B_1.tiff,140379_B_1_mask.png,140379,B,0.07145295941811981,1.6814507773488845,0.860922037749474,False
143033_B_3.tiff,143033_B_3_mask.png,143033,B,0.9871606734563854,1.5662529988692269,0.8602753080482319,False
141598_B_3.tiff,141598_B_3_mask.png,141598,B,-2.5998182421292753,0.48908495922105794,0.8592437883177975,False
141571_B_6.tiff,141571_B_6_mask.png,141571,B,-2.269432736415329,-0.9230205034042197,0.8590809498116027,False
141831_A_5.tiff,141831_A_5_mask.png,141831,A,-2.6696655456296154,-0.3108327827380071,0.858916041589126,False
141845_A_1.tiff,141845_A_1_mask.png,141845,A,-2.0451333310437065,-1.1031930961352336,0.8584417551236241,False
143033_A_5.tiff,143033_A_5_mask.png,143033,A,-2.1872181331412452,-0.9921362357879991,0.8579461472664137,False
140330_B_5.tiff,140330_B_5_mask.png,140330,B,1.7960901213920122,1.2537600513303564,0.8568938843396863,False
141598_B_1.tiff,141598_B_1_mask.png,141598,B,-2.7012124127694563,-0.07608819645845817,0.8549145138780232,False
140973_B_1.tiff,140973_B_1_mask.png,140973,B,-1.2259674407185055,-1.4861394773379484,0.8537215770044376,False
141390_B_1.tiff,141390_B_1_mask.png,141390,B,0.5685472026053067,1.625881396672065,0.8513756818428637,False
141796_B_2.tiff,141796_B_2_mask.png,141796,B,-2.6834805509785347,0.014726198718503898,0.8484543137484095,False
143108_A_6.tiff,143108_A_6_mask.png,143108,A,-1.1320707843540168,1.5011281662346367,0.8476073511134233,False
143375_B_3.tiff,143375_B_3_mask.png,143375,B,2.647203379895728,-0.2496039779403861,0.8466457773755881,False
141589_A_4.tiff,141589_A_4_mask.png,141589,A,-2.524837871528048,-0.5492032568866797,0.8463113875490802,False
140599_A_1.tiff,140599_A_1_mask.png,140599,A,2.005579382099889,1.0834302022541162,0.842368985783967,False
141390_A_3.tiff,141390_A_3_mask.png,141390,A,0.809009111995,1.5679175803410457,0.842291008693885,False
140921_B_5.tiff,140921_B_5_mask.png,140921,B,-2.1307220345237865,-0.9856030445259816,0.8416066373698879,False
141586_B_5.tiff,141586_B_5_mask.png,141586,B,-1.2366724637180997,-1.4516605713629362,0.8396068769715427,False
140693_A_1.tiff,140693_A_1_mask.png,140693,A,-1.1280258150348295,1.4845172319297222,0.8393639815790195,False
143155_B_1.tiff,143155_B_1_mask.png,143155,B,-1.1147562746847084,-1.487072095825283,0.8387764518221531,False
143762_A_3.tiff,143762_A_3_mask.png,143762,A,-0.11526723410192159,-1.6371634887869209,0.8387499004510088,False
143165_B_1.tiff,143165_B_1_mask.png,143165,B,-2.116565189455271,0.9847454011406459,0.8377640628334719,False
143313_B_4.tiff,143313_B_4_mask.png,143313,B,-1.9411892234494186,-1.1135336095589443,0.8375609917783011,False
141946_A_3.tiff,141946_A_3_mask.png,141946,A,2.124949816644549,-0.9765566430836715,0.8373745065226886,False
140867_B_3.tiff,140867_B_3_mask.png,140867,B,-2.644526989329428,-0.0757551685004431,0.837003694374437,False
141418_B_2.tiff,141418_B_2_mask.png,141418,B,-2.1441206023315593,0.9578158839417538,0.8365882508505544,False
140922_B_4.tiff,140922_B_4_mask.png,140922,B,-2.267601416669921,0.8413429291819564,0.8363232448557943,False
140615_B_3.tiff,140615_B_3_mask.png,140615,B,-2.62728323338153,0.16625313865028743,0.835000501536314,False
141625_B_3.tiff,141625_B_3_mask.png,141625,B,-2.3883635990526386,0.6894479074882478,0.8335023199914002,False
140379_A_1.tiff,140379_A_1_mask.png,140379,A,0.020915689143135286,1.6254991222173993,0.8320138470238735,False
140921_B_1.tiff,140921_B_1_mask.png,140921,B,-2.368064257838326,-0.7036616701141399,0.8308202048303184,False
141828_B_3.tiff,141828_B_3_mask.png,141828,B,-1.101577212111311,-1.4709196629812091,0.8295235600324842,False
140599_B_1.tiff,140599_B_1_mask.png,140599,B,1.5655689853886658,1.2966222465554078,0.8279146599583439,False
140414_B_1.tiff,140414_B_1_mask.png,140414,B,0.46387910808655514,1.5902293787201425,0.8270431548172613,False
143557_A_2.tiff,143557_A_2_mask.png,143557,A,1.2656802047729987,1.4137864107213756,0.8269004351710223,False
140504_B_3.tiff,140504_B_3_mask.png,140504,B,1.8297617653060647,1.1521247222356112,0.8260824023224621,False
141716_A_1.tiff,141716_A_1_mask.png,141716,A,-1.5757253460335336,-1.2863243164055895,0.8256291762623839,False
141701_A_5.tiff,141701_A_5_mask.png,141701,A,-1.76441940687689,-1.1888451891352498,0.8255035513467878,False
143108_B_2.tiff,143108_B_2_mask.png,143108,B,0.2445108810563612,1.604643879619711,0.8249432722620399,False
143585_A_2.tiff,143585_A_2_mask.png,143585,A,1.2877350300896517,-1.3971225103692106,0.8228745223268866,False
143566_A_4.tiff,143566_A_4_mask.png,143566,A,-0.23759582078589309,1.6009757207366333,0.8228715956011287,False
143084_B_4.tiff,143084_B_4_mask.png,143084,B,-2.505741210755943,0.4272867707720509,0.8218587972999447,False
141270_B_1.tiff,141270_B_1_mask.png,141270,B,0.8918594043074927,-1.507469787457985,0.8214858156005038,False
141773_B_2.tiff,141773_B_2_mask.png,141773,B,-2.2414792923234073,-0.8090091978447641,0.8207819967214757,False
141493_A_4.tiff,141493_A_4_mask.png,141493,A,1.6411042201090693,1.2392926172814995,0.8194924597486959,False
141575_B_1.tiff,141575_B_1_mask.png,141575,B,-0.7259057746529389,1.5364609022714957,0.8192196448579961,False
141796_A_3.tiff,141796_A_3_mask.png,141796,A,-2.518430176601971,0.3540689786527692,0.8166009441879573,False
140693_B_3.tiff,140693_B_3_mask.png,140693,B,-2.5704377668451883,0.15189012073684444,0.8163907813745818,False
143413_B_4.tiff,143413_B_4_mask.png,143413,B,-1.827395430023319,1.121737375642444,0.814521620979376,False
140330_A_4.tiff,140330_A_4_mask.png,140330,A,1.3975116792510072,1.334383331562215,0.813445181855293,False
150017_A_4.tiff,150017_A_4_mask.png,150017,A,0.8696437862035938,1.4957240553457394,0.8134409181129899,False
143733_B_1.tiff,143733_B_1_mask.png,143733,B,0.9134226481388649,1.4849857228403625,0.8130828948135006,False
143548_A_3.tiff,143548_A_3_mask.png,143548,A,2.2620641129331394,0.7545008651825144,0.8127872844686629,False
143271_A_6.tiff,143271_A_6_mask.png,143271,A,-2.2877371303598872,0.7229937698917644,0.8124677476018327,False
143491_A_4.tiff,143491_A_4_mask.png,143491,A,-2.0654194680400186,-0.9329198511507035,0.8089697053912956,False
140494_A_2.tiff,140494_A_2_mask.png,140494,A,-2.26648563193923,0.7325895415266936,0.8087573443292182,False
141713_B_2.tiff,141713_B_2_mask.png,141713,B,-2.3067578239284896,-0.6824996912822129,0.8086589414445609,False
140477_A_5.tiff,140477_A_5_mask.png,140477,A,0.476247570719142,1.5522236615209284,0.808625189408123,False
143086_A_4.tiff,143086_A_4_mask.png,143086,A,-2.4391549250842717,-0.47473938948486577,0.8085495169623769,False
143086_A_6.tiff,143086_A_6_mask.png,143086,A,-0.9920490731865119,-1.4533916187133606,0.8073160802509649,False
143065_A_2.tiff,143065_A_2_mask.png,143065,A,-1.3931943274517762,1.3211563524678522,0.8070234710753553,False
141796_A_2.tiff,141796_A_2_mask.png,141796,A,-2.545549100532169,-0.1125888896248264,0.8068723224051799,False
141568_B_6.tiff,141568_B_6_mask.png,141568,B,-1.7342291043948792,1.1530716760588653,0.805574273617724,False
141418_B_3.tiff,141418_B_3_mask.png,141418,B,-1.93386358824462,-1.0221841907208158,0.804711354590486,False
141695_B_3.tiff,141695_B_3_mask.png,141695,B,-1.8166566278120173,-1.097961370234495,0.8035595028745041,False
141802_B_2.tiff,141802_B_2_mask.png,141802,B,1.4827760697241414,-1.2742184031445838,0.803197211571724,False
143557_A_3.tiff,143557_A_3_mask.png,143557,A,0.8508425426815243,1.4764253996832188,0.8021385133256451,False
140573_B_3.tiff,140573_B_3_mask.png,140573,B,-1.8161332535232415,-1.0942392760223931,0.8021098510030307,False
140889_A_4.tiff,140889_A_4_mask.png,140889,A,1.6433029958265608,1.1937559048620707,0.8020378681867698,False
140821_A_3.tiff,140821_A_3_mask.png,140821,A,0.6882912924595499,1.506244364667278,0.8010727345223435,False
141598_A_2.tiff,141598_A_2_mask.png,141598,A,-2.1434863201646888,0.8344207809381602,0.801043939065639,False
143742_A_1.tiff,143742_A_1_mask.png,143742,A,-1.6575962924496968,-1.1786719755305417,0.7991282748838648,False
140494_B_2.tiff,140494_B_2_mask.png,140494,B,-2.27061387567555,0.6858097505286045,0.7991107721636438,False
143549_A_4.tiff,143549_A_4_mask.png,143549,A,2.2901129011303305,0.6602939879071454,0.7990428053236404,False
141796_B_1.tiff,141796_B_1_mask.png,141796,B,1.8748692781174687,1.046484416174132,0.7989175693852911,False
141930_B_3.tiff,141930_B_3_mask.png,141930,B,0.3305934738430539,1.5454232201459175,0.7978777082468619,False
141695_A_1.tiff,141695_A_1_mask.png,141695,A,-2.4103800925515757,-0.46088650174319734,0.797751823118666,False
143033_A_4.tiff,143033_A_4_mask.png,143033,A,-2.3690760247500626,-0.5360225958589684,0.7976827350945006,False
143703_B_5.tiff,143703_B_5_mask.png,143703,B,0.2755708496034761,1.5490047394202782,0.7976078652676077,False
141493_B_2.tiff,141493_B_2_mask.png,141493,B,-1.9833748389037158,-0.9624857175094254,0.7974384218016343,False
143084_B_3.tiff,143084_B_3_mask.png,143084,B,-2.4796236278051254,0.2816973381859561,0.7971168680682054,False
141568_B_2.tiff,141568_B_2_mask.png,141568,B,1.0760562971538858,1.4077574037704592,0.7968191338564978,False
143065_B_1.tiff,143065_B_1_mask.png,143065,B,2.2400672915603086,-0.7091603696850204,0.7958256032941255,False
143413_B_6.tiff,143413_B_6_mask.png,143413,B,-0.0664784902841689,1.552630608660298,0.7949687988832272,False
141773_A_1.tiff,141773_A_1_mask.png,141773,A,-0.5992519006102236,-1.508257687305701,0.7948886019351722,False
143621_B_1.tiff,143621_B_1_mask.png,143621,B,0.31392538050418706,1.5403207906020138,0.7946132601608211,False
141418_A_1.tiff,141418_A_1_mask.png,141418,A,-2.2763891599399013,-0.6579460958485853,0.7946031297964189,False
141380_A_3.tiff,141380_A_3_mask.png,141380,A,-2.4268581362467656,0.39500236063636146,0.7934752323327958,False
140854_A_4.tiff,140854_A_4_mask.png,140854,A,-2.1048951971374716,0.8430501465275019,0.7931426180905107,False
143084_A_5.tiff,143084_A_5_mask.png,143084,A,-1.7030195748453343,1.1353522417243662,0.7922144522349351,False
143491_B_4.tiff,143491_B_4_mask.png,143491,B,-0.8286143118635793,-1.4600097264984286,0.7918752547978928,False
140693_A_5.tiff,140693_A_5_mask.png,140693,A,-0.9452086364981018,1.431904545421831,0.791484130931511,False
143271_B_1.tiff,143271_B_1_mask.png,143271,B,0.5885259865445541,1.5028297127910704,0.7913865362238384,False
143065_A_1.tiff,143065_A_1_mask.png,143065,A,-0.8809224501576838,1.4466655160109072,0.7911028966155365,False
140867_B_1.tiff,140867_B_1_mask.png,140867,B,-1.34790212231161,1.3007396127991735,0.7904765343986606,False
143734_A_3.tiff,143734_A_3_mask.png,143734,A,2.231797132725388,0.6955554921579662,0.7903385139806883,False
143491_B_6.tiff,143491_B_6_mask.png,143491,B,-1.772285657052588,-1.084814318038271,0.7888420993762254,False
140615_A_4.tiff,140615_A_4_mask.png,140615,A,-2.2102976546002293,-0.7138919565556181,0.7885804253809224,False
140414_A_3.tiff,140414_A_3_mask.png,140414,A,-2.4888209098721714,-0.09021765392567704,0.7882301320126491,False
141934_B_1.tiff,141934_B_1_mask.png,141934,B,1.7329946553998694,1.1069182736871244,0.7881601523486795,False
143562_A_6.tiff,143562_A_6_mask.png,143562,A,1.7977778835209763,1.0654708457711828,0.7877007691546671,False
141828_A_3.tiff,141828_A_3_mask.png,141828,A,-1.4975746130375638,-1.224348404343414,0.7854243707338207,False
150017_B_2.tiff,150017_B_2_mask.png,150017,B,1.3252866934749215,1.2970069811870402,0.785028547860255,False
143274_A_3.tiff,143274_A_3_mask.png,143274,A,-2.4029303877226167,-0.38203628321255445,0.7844817053800839,False
141589_B_4.tiff,141589_B_4_mask.png,141589,B,-2.293798934945833,-0.5823148509819825,0.7840750044404419,False
140573_B_1.tiff,140573_B_1_mask.png,140573,B,-2.2817220813678865,-0.5919694761929788,0.782444965838712,False
143318_B_2.tiff,143318_B_2_mask.png,143318,B,0.615167048990303,1.4784818480808073,0.7813332986161723,False
140912_A_5.tiff,140912_A_5_mask.png,140912,A,0.2947651187044418,1.5101310910642016,0.7785361610756726,False
141382_B_1.tiff,141382_B_1_mask.png,141382,B,-0.965745265083974,1.3988860645184171,0.7783852549810474,False
143609_A_1.tiff,143609_A_1_mask.png,143609,A,-2.1075924819688443,-0.7856363712828491,0.7782762581795005,False
141537_B_5.tiff,141537_B_5_mask.png,141537,B,0.6700393305760441,1.4629392045704657,0.7781736787492947,False
143621_A_1.tiff,143621_A_1_mask.png,143621,A,0.06114546443984126,1.5195171783801327,0.7779825115201529,False
141831_A_4.tiff,141831_A_4_mask.png,141831,A,0.04458131017390463,1.5196292313095638,0.7779273394344007,False
140945_B_2.tiff,140945_B_2_mask.png,140945,B,2.455374619875691,-0.03353823923807619,0.7764916439154043,False
141258_B_3.tiff,141258_B_3_mask.png,141258,B,-1.2695554941150202,-1.2985049191475677,0.7764230760812728,False
141828_A_2.tiff,141828_A_2_mask.png,141828,A,-2.2682616381338554,-0.5499665784859372,0.7704106434256525,False
141625_A_4.tiff,141625_A_4_mask.png,141625,A,2.281382123096486,0.5277132478155571,0.7702057112785708,False
141955_A_6.tiff,141955_A_6_mask.png,141955,A,-2.4194942835122757,-0.1690778048275333,0.7698373775673076,False
140900_A_2.tiff,140900_A_2_mask.png,140900,A,0.34131211297042685,1.4891088857273438,0.7697794557500505,False
140849_A_6.tiff,140849_A_6_mask.png,140849,A,0.5528600925766122,1.4625591623702923,0.7687255122411586,False
141270_B_5.tiff,141270_B_5_mask.png,141270,B,-1.1971274363029991,-1.3072360166234271,0.7687226072402044,False
141713_A_5.tiff,141713_A_5_mask.png,141713,A,-1.472228121855246,-1.1949610929637495,0.7685970349536142,False
140821_B_3.tiff,140821_B_3_mask.png,140821,B,0.7324779515235836,1.429842237850477,0.7676104344806052,False
140590_A_5.tiff,140590_A_5_mask.png,140590,A,-1.8705557529106964,-0.9531942383621635,0.7666699148116363,False
141740_B_2.tiff,141740_B_2_mask.png,141740,B,-2.2189773615459796,-0.6028836152299971,0.7664256682258493,False
143318_B_3.tiff,143318_B_3_mask.png,143318,B,0.1342605268435032,1.4940772368691955,0.7658984420076979,False
143033_B_4.tiff,143033_B_4_mask.png,143033,B,-2.042215873502121,-0.8035730978230966,0.7655471492217013,False
140922_A_3.tiff,140922_A_3_mask.png,140922,A,-2.012489650421196,0.8286574843363674,0.764683168030741,False
140945_A_3.tiff,140945_A_3_mask.png,140945,A,0.666679400044895,1.4344991593059282,0.7638833093271599,False
140379_B_5.tiff,140379_B_5_mask.png,140379,B,-2.3431769976589156,0.3636305329733547,0.7638506584616144,False
143274_A_2.tiff,143274_A_2_mask.png,143274,A,-2.38722401156915,-0.22941879365176884,0.7638349111455776,False
141701_B_1.tiff,141701_B_1_mask.png,141701,B,-2.343738251357073,-0.36043433638614725,0.7636258905191297,False
143180_A_4.tiff,143180_A_4_mask.png,143180,A,-0.6033505265189643,-1.4426621262551151,0.7626472154518524,False
150010_B_5.tiff,150010_B_5_mask.png,150010,B,-2.182854615265235,-0.6332846273910958,0.7624692036785532,False
143318_B_5.tiff,143318_B_5_mask.png,143318,B,-1.3509723768410344,-1.2335986300711093,0.7623019579479843,False
140399_A_1.tiff,140399_A_1_mask.png,140399,A,0.9727586754065444,1.3620193903505196,0.7619562718874069,False
141684_A_2.tiff,141684_A_2_mask.png,141684,A,-2.238194950951753,-0.543746654551042,0.7603988456844611,False
141536_A_2.tiff,141536_A_2_mask.png,141536,A,-2.26915566229603,-0.49033845439543866,0.7600574675931492,False
141845_A_5.tiff,141845_A_5_mask.png,141845,A,-2.3047483184473405,-0.4165505251042627,0.7592297721754245,False
143749_A_5.tiff,143749_A_5_mask.png,143749,A,-2.3224452030303104,0.3734879852255443,0.7587506688039601,False
143628_B_4.tiff,143628_B_4_mask.png,143628,B,-2.287172255159061,-0.43652560337404794,0.75685297268368,False
141589_B_6.tiff,141589_B_6_mask.png,141589,B,-2.391129454867011,0.04826330839130244,0.756393334315974,False
140945_A_4.tiff,140945_A_4_mask.png,140945,A,0.2498298046301739,1.4681142147382993,0.755572434502791,False
143762_A_4.tiff,143762_A_4_mask.png,143762,A,-1.8755942906503515,0.9122403663773884,0.7547552273253062,False
143271_B_2.tiff,143271_B_2_mask.png,143271,B,1.464557790919736,1.1643028928642987,0.7546792833429146,False
143429_B_1.tiff,143429_B_1_mask.png,143429,B,-2.17235048448571,0.6106629318032963,0.7545954689865968,False
140889_A_3.tiff,140889_A_3_mask.png,140889,A,0.6552607795426452,1.415083957358336,0.7533359166916078,False
141906_B_4.tiff,141906_B_4_mask.png,141906,B,-2.339757199036549,0.2763741682032781,0.7531514664604959,False
140414_A_1.tiff,140414_A_1_mask.png,140414,A,0.46463603946980475,1.441061433099421,0.7520724241356155,False
143714_A_2.tiff,143714_A_2_mask.png,143714,A,-2.0273222246036013,-0.7667332559413934,0.7515641147859949,False
141493_A_2.tiff,141493_A_2_mask.png,141493,A,-1.5237902919889377,-1.1266463097298964,0.7514213399699136,False
141382_B_4.tiff,141382_B_4_mask.png,141382,B,-2.3712855693656634,-0.03003278974593568,0.749873487804745,False
141946_A_6.tiff,141946_A_6_mask.png,141946,A,2.1525414741039697,0.6138415482334088,0.749580044703321,False
141713_B_5.tiff,141713_B_5_mask.png,141713,B,-1.564445884077569,-1.0997981561355783,0.7493494449183079,False
141598_B_2.tiff,141598_B_2_mask.png,141598,B,-1.8687546181627261,0.8993229101820305,0.748975995526451,False
140999_A_6.tiff,140999_A_6_mask.png,140999,A,-1.6891386444717094,1.0235342011091122,0.7481012888268165,False
143621_A_4.tiff,143621_A_4_mask.png,143621,A,-1.4816359501622456,-1.1393419159584217,0.7480016467031361,False
143749_B_5.tiff,143749_B_5_mask.png,143749,B,-2.3359958819015123,0.2240470857753954,0.747408298085396,False
143742_B_4.tiff,143742_B_4_mask.png,143742,B,2.0248292505490073,-0.7524078525363541,0.7470861045008408,False
143566_B_4.tiff,143566_B_4_mask.png,143566,B,-0.477461194933319,1.4290693966554135,0.7468626722133688,False
143413_B_1.tiff,143413_B_1_mask.png,143413,B,-0.5606278241386018,1.413827714862641,0.7450384545604983,False
141848_A_2.tiff,141848_A_2_mask.png,141848,A,0.25649907808676764,1.4427792816729947,0.7429046309743956,False
141357_A_4.tiff,141357_A_4_mask.png,141357,A,-2.332177568489267,0.1606360532019714,0.7419211698562576,False
141906_B_1.tiff,141906_B_1_mask.png,141906,B,-2.133186457442163,-0.5974966683039165,0.7405347012632101,False
140999_B_2.tiff,140999_B_2_mask.png,140999,B,1.010591319522363,1.3052057965223451,0.7405265467916046,False
143155_A_5.tiff,143155_A_5_mask.png,143155,A,-2.1668593953469126,-0.545420222675823,0.7397789112596841,False
141728_B_4.tiff,141728_B_4_mask.png,141728,B,-1.1454649050320738,1.2590314469618469,0.7392083733307709,False
140573_B_5.tiff,140573_B_5_mask.png,140573,B,-2.2528592521472866,-0.38252480300107994,0.7386930754459763,False
143274_B_2.tiff,143274_B_2_mask.png,143274,B,-2.3173343961227184,0.1689059807045727,0.7377414168550132,False
141904_B_5.tiff,141904_B_5_mask.png,141904,B,-1.4153061109880913,-1.1455593980899734,0.7375774595511534,False
141390_B_3.tiff,141390_B_3_mask.png,141390,B,0.13172671763999905,1.4355398867407347,0.7359391250980732,False
143749_B_3.tiff,143749_B_3_mask.png,143749,B,-0.8060079557613732,-1.3464796141680806,0.7347801033037914,False
141716_A_3.tiff,141716_A_3_mask.png,141716,A,-2.3046443954240723,-0.18102147283747533,0.7345135226009726,False
141818_B_4.tiff,141818_B_4_mask.png,141818,B,-2.191633153185784,0.476012000676072,0.7345020009076629,False
143771_A_4.tiff,143771_A_4_mask.png,143771,A,-1.8979465499329686,-0.8162791296943562,0.7311858385509472,False
141716_B_6.tiff,141716_B_6_mask.png,141716,B,-1.936342844664333,-0.7795447119975845,0.7307473254356455,False
141418_A_6.tiff,141418_A_6_mask.png,141418,A,-2.1460815419070287,0.5189606401157169,0.7286542664344046,False
140573_B_6.tiff,140573_B_6_mask.png,140573,B,-0.07870990336198337,-1.421285432938036,0.7278893419365763,False
143714_B_1.tiff,143714_B_1_mask.png,143714,B,-2.2680667645532058,-0.2435898554541147,0.7278398792432323,False
141831_A_3.tiff,141831_A_3_mask.png,141831,A,-2.2995226562901796,0.06644440541802125,0.7278220276392846,False
143771_B_2.tiff,143771_B_2_mask.png,143771,B,-1.750458763634653,-0.9230667580982006,0.7276704147800788,False
141754_A_1.tiff,141754_A_1_mask.png,141754,A,-1.6200632921513891,1.0055609303574404,0.7261213263546138,False
141625_A_3.tiff,141625_A_3_mask.png,141625,A,-2.138796962213966,0.5129705421843093,0.7253947703586507,False
140573_A_5.tiff,140573_A_5_mask.png,140573,A,-2.209651814337385,-0.3713560351572954,0.7240082992129717,False
141611_B_4.tiff,141611_B_4_mask.png,141611,B,1.0359590044419598,1.2608790738063855,0.7237198639251197,False
143609_A_3.tiff,143609_A_3_mask.png,143609,A,-0.2662206658738219,1.4040623859461785,0.7235607213862845,False
143584_B_1.tiff,143584_B_1_mask.png,143584,B,0.6430983387557141,-1.3555432284892006,0.7229935909362746,False
143012_B_6.tiff,143012_B_6_mask.png,143012,B,0.13532014972980494,-1.4076299852314247,0.72174365756365,False
143585_B_5.tiff,143585_B_5_mask.png,143585,B,2.2099819086285857,-0.34591356137900237,0.7208002727753982,False
143557_A_1.tiff,143557_A_1_mask.png,143557,A,-0.9548692994231042,-1.272909658098868,0.7180662428254344,False
141382_A_2.tiff,141382_A_2_mask.png,141382,A,-1.3626131483443553,1.1214055799528733,0.717665676684963,False
141196_B_1.tiff,141196_B_1_mask.png,141196,B,1.3016757934413214,1.1456321874090487,0.7163821835518881,False
143771_A_2.tiff,143771_A_2_mask.png,143771,A,-1.8003251270299356,-0.8496753715620925,0.7163236518248128,False
141701_B_3.tiff,141701_B_3_mask.png,141701,B,-1.06740936743642,-1.2337599893107631,0.7160026012388371,False
141357_A_3.tiff,141357_A_3_mask.png,141357,A,-1.8782191041650662,0.7807472232601413,0.7157656201201185,False
140639_B_3.tiff,140639_B_3_mask.png,140639,B,1.882031989700789,0.7756953820115944,0.7153276895055949,False
140941_B_4.tiff,140941_B_4_mask.png,140941,B,1.7162947412816365,0.9086865585683087,0.7146778827645733,False
140723_A_4.tiff,140723_A_4_mask.png,140723,A,-1.448655196989906,-1.071516762818103,0.7145364636995046,False
140902_B_4.tiff,140902_B_4_mask.png,140902,B,2.243162492044348,-0.07425441166527641,0.7102255981245175,False
140900_A_1.tiff,140900_A_1_mask.png,140900,A,-1.528111141357512,1.0162239258314492,0.7099037878181065,False
143762_B_4.tiff,143762_B_4_mask.png,143762,B,-1.1884446804879247,1.176463281886749,0.7097706368260115,False
141775_B_6.tiff,141775_B_6_mask.png,141775,B,-1.3880575909798245,-1.0898643995100201,0.7097664433933495,False
143771_A_1.tiff,143771_A_1_mask.png,143771,A,-0.7377606846612669,-1.3068999098633227,0.7084190826571757,False
141196_A_6.tiff,141196_A_6_mask.png,141196,A,1.2864185653222207,1.1317264423268705,0.7077852604479318,False
141701_A_3.tiff,141701_A_3_mask.png,141701,A,-1.5386282542868503,-1.0038225064942083,0.7075482750848032,False
141536_B_2.tiff,141536_B_2_mask.png,141536,B,-2.1707725823328383,-0.33511748565430355,0.7074299382890413,False
143012_A_6.tiff,143012_A_6_mask.png,143012,A,0.4996655215621478,-1.346508725013962,0.7070643989808121,False
141252_B_2.tiff,141252_B_2_mask.png,141252,B,-2.226232684767128,0.1188964912245524,0.7064812512396599,False
140945_A_5.tiff,140945_A_5_mask.png,140945,A,-2.2265529574366254,0.023481551102361563,0.7040592166047208,False
143716_B_6.tiff,143716_B_6_mask.png,143716,B,-0.506328866493831,1.3385920299400147,0.7035917031119998,False
143759_A_4.tiff,143759_A_4_mask.png,143759,A,-1.5282641698950286,-0.9965857876533909,0.7026057412027048,False
141754_B_3.tiff,141754_B_3_mask.png,141754,B,1.0705989495769963,1.1993607539282907,0.7010097848883492,False
140494_B_6.tiff,140494_B_6_mask.png,140494,B,-0.3759381179349005,1.3490748922377203,0.7006589467881625,False
141357_A_6.tiff,141357_A_6_mask.png,141357,A,-1.97719442834505,0.6176978019093082,0.7005210543190153,False
141589_B_1.tiff,141589_B_1_mask.png,141589,B,-1.1030978821562378,1.1850404471457523,0.6996648700318755,False
140867_B_6.tiff,140867_B_6_mask.png,140867,B,-2.200613840613923,0.047208672266229657,0.6961750585691978,False
143274_B_4.tiff,143274_B_4_mask.png,143274,B,-1.508794967336021,-0.9901390083703674,0.6959805423850208,False
141831_B_5.tiff,141831_B_5_mask.png,141831,B,-1.37278726995889,-1.0617907263175905,0.6955067362309068,False
141377_A_4.tiff,141377_A_4_mask.png,141377,A,-0.5414323930628372,1.3167012241907865,0.6953345356553383,False
143313_A_3.tiff,143313_A_3_mask.png,143313,A,-2.167593315011621,-0.2082139801278925,0.6935524658345844,False
140573_A_1.tiff,140573_A_1_mask.png,140573,A,-2.0545425855899957,-0.47266665401770613,0.6931623597491786,False
140693_B_4.tiff,140693_B_4_mask.png,140693,B,-0.5372554381035701,1.3118690093095784,0.6926125707971431,False
141831_B_3.tiff,141831_B_3_mask.png,141831,B,-2.1735842851986322,0.1666655180621373,0.6924841713640411,False
140494_B_1.tiff,140494_B_1_mask.png,140494,B,2.185851056078395,0.05385921684837249,0.6916377336829173,False
140889_A_1.tiff,140889_A_1_mask.png,140889,A,0.7796205041356062,1.262426420656566,0.6915718922488074,False
140590_A_4.tiff,140590_A_4_mask.png,140590,A,-1.8181860665355547,0.7394754753526748,0.6882599569397825,False
143716_A_1.tiff,143716_A_1_mask.png,143716,A,0.522182181488962,1.3043709594936224,0.6877330934912074,False
141754_A_2.tiff,141754_A_2_mask.png,141754,A,-2.0937069322653263,0.36176728603042974,0.687365386459255,False
143318_B_4.tiff,143318_B_4_mask.png,143318,B,2.1572832909626727,-0.1639842213258443,0.6872009571757679,False
140573_A_2.tiff,140573_A_2_mask.png,140573,A,0.42940880765319533,-1.3147585725599817,0.6864980322885503,False
143172_A_3.tiff,143172_A_3_mask.png,143172,A,-0.163717472933236,-1.336706698989945,0.6861286950453318,False
140912_A_1.tiff,140912_A_1_mask.png,140912,A,-1.7671453546143125,-0.7736389466073158,0.6848004601430714,False
141317_A_1.tiff,141317_A_1_mask.png,141317,A,-0.729650038963496,-1.2594303547204233,0.6846556943149193,False
140999_A_2.tiff,140999_A_2_mask.png,140999,A,1.310729310064052,1.064764309200102,0.6846455589074727,False
143274_A_4.tiff,143274_A_4_mask.png,143274,A,-2.0903083140121534,-0.3463579929644811,0.6842449564263832,False
141390_B_6.tiff,141390_B_6_mask.png,141390,B,2.100790253317791,-0.32123350316637966,0.6842429388007882,False
140590_B_4.tiff,140590_B_4_mask.png,140590,B,-1.8025014465842528,0.7396092027164642,0.6841614961794203,False
143086_B_6.tiff,143086_B_6_mask.png,143086,B,-1.3125475537398466,-1.0595417634275026,0.6828688730910695,False
143633_A_2.tiff,143633_A_2_mask.png,143633,A,-2.1434823347396574,-0.15857420351282883,0.6825356472624786,False
140693_B_2.tiff,140693_B_2_mask.png,140693,B,-2.154349651579071,0.08334929604458889,0.6824632042923888,False
140477_B_5.tiff,140477_B_5_mask.png,140477,B,2.1523466949077847,0.10011935146974281,0.6824220091413583,False
143271_A_1.tiff,143271_A_1_mask.png,143271,A,0.517325882016469,1.293772777356671,0.6820986361624926,False
140867_A_3.tiff,140867_A_3_mask.png,140867,A,-2.0039763746605215,-0.49226055084064185,0.6818452754231967,False
141382_B_2.tiff,141382_B_2_mask.png,141382,B,-0.3208602388118366,1.3143464886159781,0.6803344215795644,False
140849_A_2.tiff,140849_A_2_mask.png,140849,A,-1.2952339494275191,1.0586058837826149,0.6791740408118305,False
141418_A_3.tiff,141418_A_3_mask.png,141418,A,-2.049956088113891,-0.3921869596949425,0.6784968562777282,False
143086_B_2.tiff,143086_B_2_mask.png,143086,B,-0.8871088799661552,1.2070103817302813,0.6784758897363278,False
143742_A_4.tiff,143742_A_4_mask.png,143742,A,1.7754463507125362,-0.7423315201631041,0.677832983908333,False
143562_B_3.tiff,143562_B_3_mask.png,143562,B,0.5826524851876331,1.273922717255562,0.6775609648251637,False
140950_B_4.tiff,140950_B_4_mask.png,140950,B,-0.3083667047697227,-1.30913156697375,0.6771151822169283,False
140912_B_5.tiff,140912_B_5_mask.png,140912,B,0.5364936520075101,1.277837968569015,0.6756792310038269,False
143628_A_4.tiff,143628_A_4_mask.png,143628,A,-1.8577063436686128,-0.652195981115139,0.675575689903926,False
143714_B_3.tiff,143714_B_3_mask.png,143714,B,-2.097685419897196,-0.2505496602071294,0.6754979049806387,False
140973_B_2.tiff,140973_B_2_mask.png,140973,B,1.0793071241681536,1.1383877452755604,0.6752364862795143,False
140639_A_3.tiff,140639_A_3_mask.png,140639,A,1.3137176988496875,1.038937020577512,0.6747515397030698,False
141946_A_1.tiff,141946_A_1_mask.png,141946,A,1.41981456687004,-0.9841953783541698,0.674734229359048,False
141382_A_4.tiff,141382_A_4_mask.png,141382,A,-2.0934802434182593,0.2478106107172248,0.673927342232896,False
140852_B_1.tiff,140852_B_1_mask.png,140852,B,-1.9030368352928215,-0.5930076756602346,0.6738956472302683,False
140912_A_2.tiff,140912_A_2_mask.png,140912,A,-1.278391943239741,1.0532707932416014,0.673789971413749,False
143759_B_6.tiff,143759_B_6_mask.png,143759,B,-2.1197492921764147,-0.13311200198165374,0.6736433330211251,False
143762_B_3.tiff,143762_B_3_mask.png,143762,B,-0.8557444085038967,-1.2052390485229627,0.6736066844883444,False
140615_B_6.tiff,140615_B_6_mask.png,140615,B,-1.7639459473010426,-0.7375478776450138,0.6734494520543035,False
143734_B_1.tiff,143734_B_1_mask.png,143734,B,1.0719063991182174,-1.1350546238977588,0.6725828857439089,False
141770_A_5.tiff,141770_A_5_mask.png,141770,A,-1.0897079003843204,1.1274621595744339,0.6720966909270978,False
143759_A_6.tiff,143759_A_6_mask.png,143759,A,-2.116221067757,0.07315165862542403,0.6701204214327594,False
143172_B_2.tiff,143172_B_2_mask.png,143172,B,-1.0227067291523453,-1.146476511684507,0.6699950444960355,False
143628_B_5.tiff,143628_B_5_mask.png,143628,B,-1.9931318721206568,-0.42844164375508587,0.6672232457770675,False
140573_A_3.tiff,140573_A_3_mask.png,140573,A,-1.3833117478536756,-0.9795183570724256,0.6653060323866337,False
140384_B_4.tiff,140384_B_4_mask.png,140384,B,0.08146806708374993,1.2963766650391706,0.6640308711629153,False
141828_B_2.tiff,141828_B_2_mask.png,141828,B,-1.1701531379765344,-1.0734528422527567,0.6623784444711649,False
141845_B_2.tiff,141845_B_2_mask.png,141845,B,0.16746084411562304,-1.2886257116757345,0.6616855383703444,False
140599_A_5.tiff,140599_A_5_mask.png,140599,A,1.9076158289197647,0.5245890759905576,0.6601876706118429,False
143506_A_1.tiff,143506_A_1_mask.png,143506,A,1.7072460102138036,-0.7426673299779907,0.6601860669379472,False
143086_A_1.tiff,143086_A_1_mask.png,143086,A,-1.8682843762880708,0.5703297620906661,0.6588800234118205,False
140330_A_1.tiff,140330_A_1_mask.png,140330,A,2.074796634140262,-0.10473983590256605,0.6581636568570902,False
140590_A_1.tiff,140590_A_1_mask.png,140590,A,0.4824866415796948,1.2507333733095336,0.6580932422554482,False
141713_A_4.tiff,141713_A_4_mask.png,141713,A,-2.065580149664761,0.15470201044457643,0.6578455395252529,False
141770_B_3.tiff,141770_B_3_mask.png,141770,B,-2.051359258241755,-0.21439638571492942,0.6577845948102025,False
140902_B_2.tiff,140902_B_2_mask.png,140902,B,1.9483927599025266,-0.4453841863605134,0.6568397074118106,False
141377_A_1.tiff,141377_A_1_mask.png,141377,A,-1.6736058083576262,0.7550130148633823,0.6552257964762433,False
141740_B_5.tiff,141740_B_5_mask.png,141740,B,-0.4246651402902305,1.2516765459098957,0.6545699710160411,False
143170_B_2.tiff,143170_B_2_mask.png,143170,B,-0.1844201097915673,1.2732174782716863,0.6542806767504361,False
140950_A_4.tiff,140950_A_4_mask.png,140950,A,-1.0260729738431136,-1.1094940944161003,0.6540075184715005,False
141728_A_4.tiff,141728_A_4_mask.png,141728,A,-0.8812860472267753,1.154088535025705,0.6531197927782425,False
143086_B_1.tiff,143086_B_1_mask.png,143086,B,-1.9060606481279663,0.48447355251243457,0.6516520455359773,False
141770_A_3.tiff,141770_A_3_mask.png,141770,A,-1.8824464338925015,-0.5171293934397327,0.6513650662251619,False
141418_B_6.tiff,141418_B_6_mask.png,141418,B,-2.0576997513853934,-0.008538289027615125,0.6505859435657148,False
140379_A_5.tiff,140379_A_5_mask.png,140379,A,-1.9576880313361111,0.39023547705433015,0.6503807028753082,False
140918_B_5.tiff,140918_B_5_mask.png,140918,B,-0.8826695440893573,1.1475255910723097,0.6502708493421051,False
143443_A_4.tiff,143443_A_4_mask.png,143443,A,1.3105709118969053,0.9753561333921492,0.6487779712352207,False
140379_A_3.tiff,140379_A_3_mask.png,140379,A,-1.9935493481150282,-0.3001999183717077,0.6487477738618208,False
140908_A_2.tiff,140908_A_2_mask.png,140908,A,-2.05033824253165,-0.03111343983215523,0.6484393979295593,False
140723_B_4.tiff,140723_B_4_mask.png,140723,B,-1.6013343825253978,-0.7914087490310636,0.6483877472794369,False
140384_B_6.tiff,140384_B_6_mask.png,140384,B,0.4296736804325203,-1.238291280662189,0.6481961385949626,False
141716_B_3.tiff,141716_B_3_mask.png,141716,B,-1.4256151506162322,-0.907172541645797,0.6471104791245161,False
143165_A_2.tiff,143165_A_2_mask.png,143165,A,-1.9868403755344584,0.3001762153421708,0.6466843006479098,False
140918_A_5.tiff,140918_A_5_mask.png,140918,A,0.7929992596507072,1.1636215110416002,0.6462026952139142,False
141571_A_2.tiff,141571_A_2_mask.png,141571,A,-1.7873461289470642,0.6121434505147204,0.6461421753423144,False
143318_A_4.tiff,143318_A_4_mask.png,143318,A,-1.0051873756581218,1.0984963357569522,0.6458510645166601,False
143218_A_4.tiff,143218_A_4_mask.png,143218,A,0.9185231027390368,1.12599627219486,0.6453561064569308,False
143759_B_5.tiff,143759_B_5_mask.png,143759,B,-1.8198410057669954,0.5705805658784152,0.6452429719907993,False
141625_B_6.tiff,141625_B_6_mask.png,141625,B,-1.777873280656482,0.6178952095609498,0.6449629695191327,False
143759_B_2.tiff,143759_B_2_mask.png,143759,B,-1.5273760649797576,-0.8343234637229286,0.6446347649474028,False
143714_B_6.tiff,143714_B_6_mask.png,143714,B,-1.3907548716945022,-0.9187999017269205,0.6438167631975672,False
140921_A_2.tiff,140921_A_2_mask.png,140921,A,1.8142753530018867,0.5699444044169996,0.6435266918330729,False
141537_A_5.tiff,141537_A_5_mask.png,141537,A,0.6776608046308633,1.180625626230868,0.6411436484540957,False
141684_B_1.tiff,141684_B_1_mask.png,141684,B,0.6776608046308633,1.180625626230868,0.6411436484540957,False
141589_B_5.tiff,141589_B_5_mask.png,141589,B,-1.930151327671484,0.38210135535816925,0.6408180110494491,False
140945_B_1.tiff,140945_B_1_mask.png,140945,B,0.6995394776388981,-1.1748711130940102,0.6407231037216088,False
140590_B_1.tiff,140590_B_1_mask.png,140590,B,0.5339062463714791,1.2062497966963701,0.6400610799360683,False
150010_A_1.tiff,150010_A_1_mask.png,150010,A,-1.9610511484949595,-0.3038283053285341,0.6392192483845991,False
143443_B_4.tiff,143443_B_4_mask.png,143443,B,-0.5016257100196342,1.2081138278711507,0.6383696267881708,False
140900_B_1.tiff,140900_B_1_mask.png,140900,B,-1.5077924743593027,0.8293872410788036,0.6383266855257048,False
150010_A_5.tiff,150010_A_5_mask.png,150010,A,-1.671119219311338,-0.699818729110094,0.6383206815751561,False
143170_A_2.tiff,143170_A_2_mask.png,143170,A,-0.344246342044354,1.2241679897628566,0.6359548036152197,False
140414_B_3.tiff,140414_B_3_mask.png,140414,B,-1.9772977797824303,-0.22540879583877382,0.6357079056191658,False
140599_B_5.tiff,140599_B_5_mask.png,140599,B,1.1851139987967303,1.001765189082681,0.635054385822493,False
141754_B_2.tiff,141754_B_2_mask.png,141754,B,-1.8615125963097061,0.46114003197900777,0.6341080082908311,False
140950_A_6.tiff,140950_A_6_mask.png,140950,A,-0.4955760204794249,-1.1985157070940016,0.6331361222529042,False
143562_A_3.tiff,143562_A_3_mask.png,143562,A,1.1383405549787906,1.0174041742637536,0.6330113945773901,False
143712_B_5.tiff,143712_B_5_mask.png,143712,B,-1.8545389086008621,-0.46435134324229355,0.6326777604121523,False
143759_B_1.tiff,143759_B_1_mask.png,143759,B,-1.4953044385763548,0.8170107881923302,0.6311687794718092,False
140941_A_1.tiff,140941_A_1_mask.png,140941,A,1.9036814711491208,0.3688009580585797,0.6307830602499921,False
143065_B_2.tiff,143065_B_2_mask.png,143065,B,-1.2011644654464204,0.9834930445774828,0.6305707681519399,False
140950_B_6.tiff,140950_B_6_mask.png,140950,B,-1.642502594066596,-0.6961161727698699,0.6297782173327985,False
141802_A_2.tiff,141802_A_2_mask.png,141802,A,-1.862023157366164,-0.43393960421302724,0.6292096684744524,False
141382_A_3.tiff,141382_A_3_mask.png,141382,A,-1.9635954566156089,-0.17993689023369439,0.6276130040837131,False
143714_A_3.tiff,143714_A_3_mask.png,143714,A,-1.9140766810412975,-0.3224360367556391,0.6272624923602442,False
140600_A_1.tiff,140600_A_1_mask.png,140600,A,1.9821312527404815,0.04138625063979091,0.6270371109502664,False
143771_B_1.tiff,143771_B_1_mask.png,143771,B,-1.1750627237739226,-0.9837906447267277,0.625757934015072,False
143549_B_1.tiff,143549_B_1_mask.png,143549,B,0.782643566674556,-1.120988876282066,0.6248446027782772,False
143084_A_2.tiff,143084_A_2_mask.png,143084,A,-1.287761668149528,0.9210000974962935,0.622884135362245,False
140945_B_5.tiff,140945_B_5_mask.png,140945,B,1.9078685575558647,-0.3028267871090343,0.6227956441730492,False
143585_A_4.tiff,143585_A_4_mask.png,143585,A,0.18891867981845614,-1.2095524407118075,0.6219660815743572,False
140908_A_5.tiff,140908_A_5_mask.png,140908,A,-1.0504182614940962,1.025534001690154,0.6211426187561527,False
141418_B_4.tiff,141418_B_4_mask.png,141418,B,-1.0583441899152777,1.021223922398082,0.6206269479875002,False
143616_A_2.tiff,143616_A_2_mask.png,143616,A,0.5586448644489933,1.161753565745833,0.6203034109591187,False
140399_B_1.tiff,140399_B_1_mask.png,140399,B,1.376633951131146,0.8630975813805591,0.6201541898171524,False
143714_A_4.tiff,143714_A_4_mask.png,143714,A,-1.3588803631589914,-0.8733801211631976,0.6200115485945041,False
141972_A_5.tiff,141972_A_5_mask.png,141972,A,-1.9492628740287539,-0.12802677705363275,0.6197613638332148,False
143733_A_2.tiff,143733_A_2_mask.png,143733,A,-0.10655595601512347,1.2080444532682166,0.6192366985099595,False
143060_B_1.tiff,143060_B_1_mask.png,143060,B,1.748501272382052,0.5450555425638058,0.6192189218610383,False
143084_B_2.tiff,143084_B_2_mask.png,143084,B,-1.404015717952965,0.8431616596186997,0.6191048095963442,False
141357_A_1.tiff,141357_A_1_mask.png,141357,A,-1.8584278864285226,0.37893186334658596,0.6187517455609262,False
140723_B_3.tiff,140723_B_3_mask.png,140723,B,-0.4632662085031005,1.1741190054730293,0.618546923926771,False
141831_B_4.tiff,141831_B_4_mask.png,141831,B,0.8339132142872608,1.09014641600967,0.6171301303897482,False
140973_B_3.tiff,140973_B_3_mask.png,140973,B,0.4938794611776075,1.164965103582621,0.6163764346049317,False
143580_B_6.tiff,143580_B_6_mask.png,143580,B,-1.7193714117391123,0.5630049643616728,0.6152598618880218,False
141586_B_2.tiff,141586_B_2_mask.png,141586,B,0.08323807097201887,-1.2006722093207307,0.6151094565641564,False
143749_A_1.tiff,143749_A_1_mask.png,143749,A,-1.8494114901441718,-0.3607267456451668,0.613175572572554,False
141861_A_5.tiff,141861_A_5_mask.png,141861,A,0.7175035783916591,-1.1123997409900304,0.6128925703350758,False
143716_A_5.tiff,143716_A_5_mask.png,143716,A,-0.8783393602833652,1.0670599030013652,0.6127042009326372,False
141972_A_1.tiff,141972_A_1_mask.png,141972,A,-1.5304027309254977,-0.7337776083614531,0.6125148949412078,False
141382_B_6.tiff,141382_B_6_mask.png,141382,B,-1.1826997337210396,-0.9435948904386887,0.6108002655648307,False
140889_B_1.tiff,140889_B_1_mask.png,140889,B,0.6306950930686575,1.1279612479157055,0.6107960657444232,False
143086_A_2.tiff,143086_A_2_mask.png,143086,A,-0.9605551356412599,1.0313982828766297,0.6090272770037283,False
143155_B_5.tiff,143155_B_5_mask.png,143155,B,-1.6425510972783144,-0.6130612005993105,0.6067544800075714,False
141845_A_3.tiff,141845_A_3_mask.png,141845,A,-1.786915766003988,-0.4247066921688746,0.6053368353120661,False
140477_A_1.tiff,140477_A_1_mask.png,140477,A,-0.3977711319767663,1.1563611681879604,0.6050797726923524,False
140693_A_3.tiff,140693_A_3_mask.png,140693,A,-1.9081767293974434,-0.009618903514332923,0.6033175074405229,False
143733_A_6.tiff,143733_A_6_mask.png,143733,A,1.9030185711656504,0.08210828131516817,0.6031325445718935,False
140867_A_5.tiff,140867_A_5_mask.png,140867,A,-0.22131671736394506,1.1681805275262789,0.6019962604384204,False
140599_A_2.tiff,140599_A_2_mask.png,140599,A,1.9024906432780682,-0.004739176876155996,0.6015045725652147,False
143759_B_4.tiff,143759_B_4_mask.png,143759,B,-0.9913904799474703,-0.9995763813445507,0.5999994839406172,False
141317_B_1.tiff,141317_B_1_mask.png,141317,B,-1.759532037265116,-0.43410209946814804,0.5990316556106131,False
141636_A_3.tiff,141636_A_3_mask.png,141636,A,-1.875060639478631,0.15962345968525024,0.5984306437321267,False
140494_B_3.tiff,140494_B_3_mask.png,140494,B,-0.8248714047652314,1.0501010890765858,0.5974087981912305,False
141380_A_4.tiff,141380_A_4_mask.png,141380,A,-0.027162577447143774,1.1667149067340863,0.5972274329601069,False
140908_B_5.tiff,140908_B_5_mask.png,140908,B,-0.4601150647919624,1.1315546503288356,0.5971593789844442,False
143271_A_2.tiff,143271_A_2_mask.png,143271,A,-1.4006339701862065,0.7798429573094682,0.5961714489989398,False
140590_B_6.tiff,140590_B_6_mask.png,140590,B,-1.8265850752425634,0.2891977466631454,0.5961693095757423,False
143086_A_5.tiff,143086_A_5_mask.png,143086,A,-1.8335714950039126,0.26801958055565855,0.5957200945676805,False
140854_B_4.tiff,140854_B_4_mask.png,140854,B,-1.660505615856328,0.543354833197431,0.5941055400629237,False
140908_B_1.tiff,140908_B_1_mask.png,140908,B,1.0851373787757168,0.9441282212070656,0.5926415771213739,False
140867_A_4.tiff,140867_A_4_mask.png,140867,A,-1.8123712493549695,0.2946448357326649,0.5925206461818611,False
143375_B_1.tiff,143375_B_1_mask.png,143375,B,1.581437271354421,-0.6202819979878228,0.5922743915143969,False
143084_A_3.tiff,143084_A_3_mask.png,143084,A,-1.7864031303114638,0.3406241734472831,0.5910932446528865,False
140908_B_2.tiff,140908_B_2_mask.png,140908,B,-1.8152436082217587,-0.27523340709204525,0.5909520031686816,False
141818_A_4.tiff,141818_A_4_mask.png,141818,A,-1.8671172882534148,0.032059619846063425,0.5905439113909067,False
143165_A_1.tiff,143165_A_1_mask.png,143165,A,-1.4273607843808778,0.743856095686622,0.5904326959461029,False
140414_A_2.tiff,140414_A_2_mask.png,140414,A,-1.3984961571840684,0.762447254384144,0.5897403190034864,False
141636_A_4.tiff,141636_A_4_mask.png,141636,A,-1.8214810725198474,-0.22864569719282013,0.5876580619753731,False
143712_A_5.tiff,143712_A_5_mask.png,143712,A,-1.6684526474080283,-0.5002518769214479,0.5863629901902774,False
141934_B_4.tiff,141934_B_4_mask.png,141934,B,1.161658060840195,0.8929891421305692,0.5863425608276892,False
141906_B_3.tiff,141906_B_3_mask.png,141906,B,-1.1081311608257358,-0.915909936766307,0.5852476864205932,False
140723_B_2.tiff,140723_B_2_mask.png,140723,B,1.0955627994727433,-0.921112843020303,0.5850215423394957,False
140854_A_3.tiff,140854_A_3_mask.png,140854,A,-1.8439978909276495,0.08755553078241142,0.584726183539684,False
143086_B_5.tiff,143086_B_5_mask.png,143086,B,1.008604435953668,-0.9547109826003451,0.5834987804199396,False
141636_B_1.tiff,141636_B_1_mask.png,141636,B,-1.5810055259043985,0.5880527237561075,0.5834810839011243,False
141598_A_6.tiff,141598_A_6_mask.png,141598,A,-1.493552492762965,0.6686132931319752,0.583176469457837,False
143759_B_3.tiff,143759_B_3_mask.png,143759,B,-1.720107244205638,0.409777989056112,0.5828795355762204,False
141418_A_5.tiff,141418_A_5_mask.png,141418,A,-1.8157473965543505,0.17857695689603756,0.5813053587459294,False
143393_B_2.tiff,143393_B_2_mask.png,143393,B,0.3011387716321673,1.1199774692961617,0.5810966341444112,False
141972_B_6.tiff,141972_B_6_mask.png,141972,B,-0.7140683955136677,-1.0459178924001211,0.5809949933692277,False
143506_B_2.tiff,143506_B_2_mask.png,143506,B,-1.1839579168470225,0.8676221365459923,0.5807977282294922,False
143633_B_2.tiff,143633_B_2_mask.png,143633,B,-1.6126854212679886,-0.5384332894789061,0.5795864343689051,False
141196_B_4.tiff,141196_B_4_mask.png,141196,B,-1.5310849242847158,0.6224359170371158,0.5795034035860208,False
141196_A_5.tiff,141196_A_5_mask.png,141196,A,-1.1597488484605933,0.875475910002085,0.5789998231202332,False
141883_A_4.tiff,141883_A_4_mask.png,141883,A,-1.7100494400172632,0.4002628484312052,0.5781701641292821,False
140693_A_2.tiff,140693_A_2_mask.png,140693,A,-1.6654272724055468,-0.4620065669725591,0.5772106712281744,False
141586_B_4.tiff,141586_B_4_mask.png,141586,B,-1.5022030946054956,-0.6370731459083453,0.5761047826730082,False
141196_A_4.tiff,141196_A_4_mask.png,141196,A,-1.5175316175117401,0.6192858791097284,0.5750384860305727,False
140494_A_6.tiff,140494_A_6_mask.png,140494,A,0.9363676559342295,0.9612649582651841,0.5742092837718875,False
140573_A_6.tiff,140573_A_6_mask.png,140573,A,-0.02111862310996737,-1.1207566907354451,0.5736815126225361,False
143084_B_1.tiff,143084_B_1_mask.png,143084,B,-0.20711005629053306,1.112986055354686,0.5734164036692422,False
141818_A_2.tiff,141818_A_2_mask.png,141818,A,-0.911116202725223,-0.966810624971491,0.5725855119114047,False
143703_B_6.tiff,143703_B_6_mask.png,143703,B,-1.3877457299376534,-0.7185259830843971,0.5725024169513484,False
143609_A_2.tiff,143609_A_2_mask.png,143609,A,-1.6560513134937878,0.4468979664825201,0.5713682594091104,False
141252_A_6.tiff,141252_A_6_mask.png,141252,A,-1.7303526275464354,0.300267269587908,0.5682532079948899,False
141972_B_5.tiff,141972_B_5_mask.png,141972,B,-1.7150163282045932,0.3289258892695512,0.5677620924585488,False
143548_B_4.tiff,143548_B_4_mask.png,143548,B,0.8379791573111701,-0.9808107376650615,0.5676356139331615,False
140945_A_2.tiff,140945_A_2_mask.png,140945,A,-1.6800482182533352,0.3885078063120606,0.567172873994886,False
143762_B_2.tiff,143762_B_2_mask.png,143762,B,1.6750332130559744,0.39664107952397276,0.5671649655459758,False
150010_B_3.tiff,150010_B_3_mask.png,150010,B,-1.7259381666790106,0.2971598584441955,0.5664805469726419,False
140384_B_2.tiff,140384_B_2_mask.png,140384,B,0.8302825429398234,0.9791170334396814,0.5657358676510253,False
140819_B_1.tiff,140819_B_1_mask.png,140819,B,-1.1809772250813024,0.829786261028362,0.5655055732775555,False
141796_A_4.tiff,141796_A_4_mask.png,141796,A,-1.779932982698018,-0.10608568894468373,0.5653648056452398,False
140844_A_6.tiff,140844_A_6_mask.png,140844,A,-1.0680365642533334,0.8790469797065492,0.5625467752837026,False
141252_B_6.tiff,141252_B_6_mask.png,141252,B,-1.6809363612367356,0.3560931511102944,0.5618366519539413,False
143506_B_3.tiff,143506_B_3_mask.png,143506,B,1.6395032063192205,0.41755899271952734,0.5606835721145413,False
141770_B_4.tiff,141770_B_4_mask.png,141770,B,0.29375565793700525,-1.079877973155833,0.5604682088921248,False
141598_B_6.tiff,141598_B_6_mask.png,141598,B,-1.48153626564329,0.5997711889308268,0.560041137702402,False
140379_B_3.tiff,140379_B_3_mask.png,140379,B,-1.648175230405747,-0.39731810620171126,0.5593702093705649,False
143271_B_3.tiff,143271_B_3_mask.png,143271,B,-1.4787366254969727,-0.5982405908364107,0.5588714174401952,False
143759_A_1.tiff,143759_A_1_mask.png,143759,A,-1.570090347299255,0.4988048890013635,0.5582119346312941,False
143714_B_4.tiff,143714_B_4_mask.png,143714,B,-1.1161724553743149,-0.8446805528107169,0.5580766620142382,False
141861_A_3.tiff,141861_A_3_mask.png,141861,A,-0.949906039800254,-0.9152427136307846,0.5564571151144492,False
143712_A_2.tiff,143712_A_2_mask.png,143712,A,-1.4381364202047417,0.6262962947982127,0.5563269450820345,False
143716_A_6.tiff,143716_A_6_mask.png,143716,A,1.6436840155067045,0.38594362958645007,0.5559525087469345,False
141636_B_6.tiff,141636_B_6_mask.png,141636,B,-1.7249903500047201,0.20899461214679968,0.555772032117772,False
140539_B_1.tiff,140539_B_1_mask.png,140539,B,-1.1628797675853735,0.8142696746391631,0.5557638406887526,False
143749_B_1.tiff,143749_B_1_mask.png,143749,B,-1.75726274314396,0.026360041750138414,0.5557475977333591,False
140922_B_5.tiff,140922_B_5_mask.png,140922,B,-1.6136408762397174,0.42966527125536025,0.555556535624473,False
141380_A_1.tiff,141380_A_1_mask.png,141380,A,-1.1338557730357608,0.8291636517813672,0.5555380379808879,False
143716_A_4.tiff,143716_A_4_mask.png,143716,A,1.6914607828444232,0.28948789201467107,0.5549266224867635,False
143393_A_2.tiff,143393_A_2_mask.png,143393,A,1.1830162276475749,0.8005529755698376,0.5547905869234107,False
143759_A_5.tiff,143759_A_5_mask.png,143759,A,-1.3786055473437238,0.6692715779309412,0.55436827401284,False
141802_A_5.tiff,141802_A_5_mask.png,141802,A,-0.7917278163857328,-0.9637621863030814,0.5531641338014712,False
141695_A_2.tiff,141695_A_2_mask.png,141695,A,-1.7097622269455213,-0.22383271099670116,0.5525727634337161,False
143393_B_3.tiff,143393_B_3_mask.png,143393,B,-0.853335301033364,0.9401191591016083,0.5516601195114542,False
143098_B_4.tiff,143098_B_4_mask.png,143098,B,-1.2708583599735879,0.7383868774269039,0.5516123344772242,False
143098_B_2.tiff,143098_B_2_mask.png,143098,B,-1.5790256407759582,0.45464106091257933,0.550801286322144,False
143506_B_6.tiff,143506_B_6_mask.png,143506,B,-0.37069064320159395,1.050809886112101,0.5504625684940976,False
141357_A_2.tiff,141357_A_2_mask.png,141357,A,-1.6590020028882433,0.32562201038912203,0.5503594330157155,False
141883_B_4.tiff,141883_B_4_mask.png,141883,B,-1.6783901735366697,0.28235433287189227,0.5499745949231651,False
141754_B_1.tiff,141754_B_1_mask.png,141754,B,-0.9650702488479114,0.8891347284657759,0.5479105449059973,False
140599_B_2.tiff,140599_B_2_mask.png,140599,B,0.6551145618871391,0.9906872861868778,0.5477397380872258,False
143170_A_1.tiff,143170_A_1_mask.png,143170,A,0.3739739990764181,-1.0432266844263103,0.5468943274314053,False
143172_A_6.tiff,143172_A_6_mask.png,143172,A,-1.5109636664294528,-0.5186465300190395,0.5465156475784955,False
141636_A_1.tiff,141636_A_1_mask.png,141636,A,-1.6435366679233756,0.32673115161901506,0.5458750959423051,False
141196_B_3.tiff,141196_B_3_mask.png,141196,B,0.33458742076319226,1.046210479105197,0.5458360703214605,False
140693_B_5.tiff,140693_B_5_mask.png,140693,B,0.22214614343254183,1.0574477407674978,0.5457769409761623,False
141934_A_4.tiff,141934_A_4_mask.png,141934,A,0.824820955878804,0.935150531001999,0.5450731104641554,False
143749_A_3.tiff,143749_A_3_mask.png,143749,A,-1.7098127405078207,0.12972473485604222,0.5446442283726818,False
140590_A_3.tiff,140590_A_3_mask.png,140590,A,-1.5893968763413024,0.4101112222913505,0.5445905175578315,False
143491_A_2.tiff,143491_A_2_mask.png,143491,A,-1.373302241493593,0.6359439418674234,0.5426504328893862,False
143633_A_6.tiff,143633_A_6_mask.png,143633,A,-1.709502653638881,0.06210448547183966,0.5414177017157296,False
141953_A_2.tiff,141953_A_2_mask.png,141953,A,-1.468940627428151,0.5408578157139178,0.5406726954011774,False
141946_B_3.tiff,141946_B_3_mask.png,141946,B,1.626801100177289,-0.3223520687353265,0.5401519087341377,False
143413_A_4.tiff,143413_A_4_mask.png,143413,A,-1.3353048668042782,0.6539492102369917,0.5387633672523408,False
141906_B_2.tiff,141906_B_2_mask.png,141906,B,-1.134467538603967,0.7831000880298148,0.5378709999733068,False
140921_A_3.tiff,140921_A_3_mask.png,140921,A,-0.6130799552201143,-0.9720634884285616,0.5339606209991022,False
141418_A_4.tiff,141418_A_4_mask.png,141418,A,-0.91059732367348,0.8746504972515518,0.5322593862560204,False
140854_B_3.tiff,140854_B_3_mask.png,140854,B,-1.6523189074873104,0.18806477818140047,0.5311985396279805,False
141802_B_5.tiff,141802_B_5_mask.png,141802,B,-0.5206530471143246,-0.9866671383510481,0.5311620328500206,False
141861_B_3.tiff,141861_B_3_mask.png,141861,B,-1.3826634104234274,-0.5890269392390944,0.5310293156954428,False
140573_B_2.tiff,140573_B_2_mask.png,140573,B,0.2240518485249225,-1.0279307089242322,0.530878326622092,False
140908_A_1.tiff,140908_A_1_mask.png,140908,A,0.7648614878621318,0.922006066704507,0.5302656930109946,False
143172_B_6.tiff,143172_B_6_mask.png,143172,B,-1.5601277539014873,-0.37890862631449707,0.5300136389665961,False
143084_B_5.tiff,143084_B_5_mask.png,143084,B,-1.2163151198407192,0.7106844140640669,0.5293385774106014,False
141713_B_1.tiff,141713_B_1_mask.png,141713,B,-1.33793260128914,0.6208546038683477,0.5290705375332415,False
141979_A_1.tiff,141979_A_1_mask.png,141979,A,-1.3960102667708683,-0.5680368779630721,0.5285231803134369,False
143633_B_5.tiff,143633_B_5_mask.png,143633,B,-1.4975364068582202,-0.4581200536084543,0.5283496430672766,False
143218_B_1.tiff,143218_B_1_mask.png,143218,B,-1.486765049647101,-0.4689617520664801,0.5278004234634317,False
143313_B_3.tiff,143313_B_3_mask.png,143313,B,-1.5339205833535583,-0.40661937473897314,0.5277420283266777,False
140384_A_5.tiff,140384_A_5_mask.png,140384,A,-1.1430119932481815,-0.7514077005968435,0.5277404468720311,False
140902_A_4.tiff,140902_A_4_mask.png,140902,A,0.4567850294804308,0.9891112606206638,0.5264579717543802,False
140912_A_3.tiff,140912_A_3_mask.png,140912,A,-1.4568780988759522,0.4976338055261897,0.5263455315841145,False
141586_A_5.tiff,141586_A_5_mask.png,141586,A,0.17486585829676873,-1.0219608858473517,0.5259891153999504,False
140590_B_2.tiff,140590_B_2_mask.png,140590,B,-1.5414607525050887,-0.3864291613365624,0.5259609378089548,False
143429_A_1.tiff,143429_A_1_mask.png,143429,A,-1.630806249151946,0.1987511437102932,0.5255423506561061,False
140599_A_3.tiff,140599_A_3_mask.png,140599,A,1.6246749206952429,0.2120303775536013,0.5250033902076449,False
141589_A_6.tiff,141589_A_6_mask.png,141589,A,-1.61583053363066,-0.22635025115722712,0.5238399038231637,False
141382_A_6.tiff,141382_A_6_mask.png,141382,A,-1.4013233037477475,-0.5445889024164245,0.5234384060968051,False
141930_A_6.tiff,141930_A_6_mask.png,141930,A,-1.5311372977055482,-0.3836845766161377,0.5224083421515116,False
141636_B_3.tiff,141636_B_3_mask.png,141636,B,-1.5589599622634196,0.33711301159430673,0.5222167568907512,False
143084_A_1.tiff,143084_A_1_mask.png,143084,A,-0.1535901037238274,1.0116480693632115,0.5200690426503642,False
143633_A_5.tiff,143633_A_5_mask.png,143633,A,-1.6236151926091125,-0.1598566831535409,0.5198090373297674,False
140539_B_3.tiff,140539_B_3_mask.png,140539,B,1.1287408282623772,-0.7354331962156655,0.5186973178862967,False
141571_A_5.tiff,141571_A_5_mask.png,141571,A,-1.5715242088752217,0.28946791274959593,0.5184796055047687,False
141382_B_3.tiff,141382_B_3_mask.png,141382,B,-1.4272392498478985,-0.4949269152140973,0.5174852589658969,False
140999_B_6.tiff,140999_B_6_mask.png,140999,B,-1.1463215425097906,0.7213579410657528,0.5173715302622626,False
140590_A_2.tiff,140590_A_2_mask.png,140590,A,-1.2809448356181474,-0.622102753029999,0.5151734180761969,False
141252_A_2.tiff,141252_A_2_mask.png,141252,A,-0.07357909735191376,-1.005080899735267,0.51496143763379,False
143060_A_1.tiff,143060_A_1_mask.png,143060,A,0.41189066605524677,0.9733033054404424,0.5149104425125275,False
141196_B_2.tiff,141196_B_2_mask.png,141196,B,-0.9827132994817799,0.8014777330772008,0.5146046197643741,False
141775_A_1.tiff,141775_A_1_mask.png,141775,A,1.1933983004909978,0.6835995573262762,0.5145736304700924,False
141571_B_4.tiff,141571_B_4_mask.png,141571,B,0.17990758889720024,0.9990371088280606,0.5144961805565206,False
141979_B_1.tiff,141979_B_1_mask.png,141979,B,-1.4199632904946504,-0.49065983484234127,0.5144107834739546,False
143505_B_6.tiff,143505_B_6_mask.png,143505,B,-0.3657871143095237,0.9788242373934258,0.5141714555756652,False
141796_A_5.tiff,141796_A_5_mask.png,141796,A,-0.9421143972797945,0.8184079784301872,0.513995279065218,False
143429_A_6.tiff,143429_A_6_mask.png,143429,A,0.1309513731633093,0.9999655918564074,0.513489356223309,False
143734_B_6.tiff,143734_B_6_mask.png,143734,B,-1.0471413103178382,0.7642805074752153,0.512477017793163,False
141972_A_2.tiff,141972_A_2_mask.png,141972,A,1.4227550458112976,0.47392922648580166,0.5110615959806551,False
140922_A_2.tiff,140922_A_2_mask.png,140922,A,0.9931393013813248,0.7866569656782942,0.5105985740971406,False
143170_A_3.tiff,143170_A_3_mask.png,143170,A,-1.3325535033987588,0.561960140912018,0.5101276425240737,False
140973_A_2.tiff,140973_A_2_mask.png,140973,A,1.1086950585755377,0.7228532141370213,0.5096642054802795,False
141589_A_1.tiff,141589_A_1_mask.png,141589,A,-0.9445778511811509,0.806069388999155,0.5093179462519156,False
141380_B_2.tiff,141380_B_2_mask.png,141380,B,1.5788592895695381,0.19414381979833117,0.5089734652070946,False
140330_B_1.tiff,140330_B_1_mask.png,140330,B,1.2747746108817424,0.606287252247739,0.5086627532929588,False
140723_B_5.tiff,140723_B_5_mask.png,140723,B,-1.0175657253591086,0.7654912024330502,0.5069653365354864,False
143491_B_1.tiff,143491_B_1_mask.png,143491,B,1.595126343904808,-0.011118448785971676,0.5043541602377921,False
143584_B_2.tiff,143584_B_2_mask.png,143584,B,-1.4499382203853086,0.4028101061594958,0.5026477819325021,False
141586_A_4.tiff,141586_A_4_mask.png,141586,A,-1.1280921079645296,-0.6906501282015123,0.5021649878357622,False
140723_A_2.tiff,140723_A_2_mask.png,140723,A,-1.5325737073182586,0.2515475164838489,0.501358930316903,False
150017_A_6.tiff,150017_A_6_mask.png,150017,A,-1.2613519206432326,0.5875104712829456,0.49946235703548514,False
140494_A_3.tiff,140494_A_3_mask.png,140494,A,-0.2617196202279596,0.9617139666396151,0.4991454718813114,False
143271_A_3.tiff,143271_A_3_mask.png,143271,A,-1.2064719044587124,-0.6254058868701073,0.4979619247311218,False
143557_B_5.tiff,143557_B_5_mask.png,143557,B,-1.4936969435428484,-0.3040473790118546,0.49723415049088665,False
143742_B_3.tiff,143742_B_3_mask.png,143742,B,1.2283251957082264,0.6060556307509627,0.49703334362273754,False
141775_A_5.tiff,141775_A_5_mask.png,141775,A,1.2598675059493034,0.5742109365175522,0.4950160936145727,False
143274_A_1.tiff,143274_A_1_mask.png,143274,A,-0.027394275993590792,0.9656581502573481,0.49433365282959885,False
141571_B_2.tiff,141571_B_2_mask.png,141571,B,-1.4713845877486715,0.32071416203510217,0.49331181343804587,False
141418_B_5.tiff,141418_B_5_mask.png,141418,B,-1.5547130692253572,-0.05626318834657021,0.4923876544739638,False
140819_A_1.tiff,140819_A_1_mask.png,140819,A,-1.0077883819815425,0.7304236633066089,0.4912144940786728,False
143165_B_2.tiff,143165_B_2_mask.png,143165,B,-1.533951727538251,-0.15196333074357055,0.4911783308735767,False
143108_B_6.tiff,143108_B_6_mask.png,143108,B,-0.4606740009214978,0.9156441090611221,0.49076943472482215,False
143065_A_3.tiff,143065_A_3_mask.png,143065,A,-1.460864624009967,0.32264347356310036,0.49050814529248565,False
143548_A_4.tiff,143548_A_4_mask.png,143548,A,0.23106195045680067,0.9475531416137039,0.4904621127416308,False
141831_A_6.tiff,141831_A_6_mask.png,141831,A,-1.3641775770763722,0.45604106985422027,0.4904154171430778,False
141625_A_6.tiff,141625_A_6_mask.png,141625,A,-1.3781697335547762,0.4336715295377334,0.4890081039694062,False
140945_A_6.tiff,140945_A_6_mask.png,140945,A,-1.293460661827301,0.5235944844227413,0.4889353195222023,False
140973_A_3.tiff,140973_A_3_mask.png,140973,A,0.5900302234086788,0.8810473199283748,0.48801268837306994,False
141586_B_3.tiff,141586_B_3_mask.png,141586,B,1.4025019534254066,0.39595624768996446,0.48753983592658207,False
143084_A_4.tiff,143084_A_4_mask.png,143084,A,-1.5300480437779582,-0.11149413440550549,0.4871010032182429,False
143712_A_4.tiff,143712_A_4_mask.png,143712,A,-0.036202758142272036,0.9508643453378509,0.4868203602829198,False
143703_B_3.tiff,143703_B_3_mask.png,143703,B,-0.7204151596120981,0.8404986313401652,0.4867732626951137,False
141815_A_4.tiff,141815_A_4_mask.png,141815,A,1.145959654819696,-0.6350377404353841,0.4867413917637449,False
141831_B_6.tiff,141831_B_6_mask.png,141831,B,-1.24758650197337,0.5506508046810273,0.48478853596271887,False
141571_B_3.tiff,141571_B_3_mask.png,141571,B,-1.5294083552849345,0.06658180899677718,0.4847437770440557,False
141818_B_6.tiff,141818_B_6_mask.png,141818,B,-1.3746518375022747,0.4185894460017531,0.48455495521742403,False
141684_A_6.tiff,141684_A_6_mask.png,141684,A,-1.509489360797045,-0.15760055514423127,0.48401583662823633,False
141537_A_4.tiff,141537_A_4_mask.png,141537,A,-1.509489360797045,-0.15760055514423127,0.48401583662823633,False
141586_A_2.tiff,141586_A_2_mask.png,141586,A,0.26709650563658077,-0.9306746972124528,0.4837793214669875,False
143633_A_4.tiff,143633_A_4_mask.png,143633,A,-0.5834016985165157,-0.8728768333522215,0.4833473602265759,False
140844_B_4.tiff,140844_B_4_mask.png,140844,B,1.3796998542675682,-0.4013986575751332,0.4821726685222479,False
143621_B_4.tiff,143621_B_4_mask.png,143621,B,-1.496440308617838,0.16115942267248864,0.48025789053702267,False
141493_B_5.tiff,141493_B_5_mask.png,141493,B,-0.8304176893428601,0.7822947586600604,0.47880748919035876,False
141317_A_3.tiff,141317_A_3_mask.png,141317,A,-1.3182695410163843,0.4575928398890647,0.4780889549454909,False
141906_A_2.tiff,141906_A_2_mask.png,141906,A,-0.8893982741795303,0.745745246610036,0.47409390810526936,False
143033_B_2.tiff,143033_B_2_mask.png,143033,B,-1.4554313756294914,0.20157438114241807,0.4715800140769965,False
143771_A_3.tiff,143771_A_3_mask.png,143771,A,-0.40739844205452813,-0.8811338755924752,0.4690281787119394,False
141728_B_6.tiff,141728_B_6_mask.png,141728,B,-0.24989946568958132,0.901429112347104,0.4680991653746107,False
140628_B_5.tiff,140628_B_5_mask.png,140628,B,-1.4364616051506918,-0.21809962582646938,0.46767607414442225,False
141537_A_3.tiff,141537_A_3_mask.png,141537,A,-1.4531005010518414,0.16521460294937698,0.4671362135892962,False
141684_A_5.tiff,141684_A_5_mask.png,141684,A,-1.4531005010518414,0.16521460294937698,0.4671362135892962,False
141818_B_2.tiff,141818_B_2_mask.png,141818,B,-0.36871320386318657,-0.8831210241388235,0.4668026057548576,False
143734_B_4.tiff,143734_B_4_mask.png,143734,B,-0.9980893490789422,0.6651305371065469,0.46419365134637963,False
140912_B_3.tiff,140912_B_3_mask.png,140912,B,-1.3300725822963868,0.38104774911409,0.46354768324302925,False
141740_A_5.tiff,141740_A_5_mask.png,141740,A,-0.314160174945469,0.8845555704014093,0.463513976498483,False
140399_B_4.tiff,140399_B_4_mask.png,140399,B,-1.4523401686466444,-0.10120730128812774,0.4620908689861001,False
143584_B_5.tiff,143584_B_5_mask.png,143584,B,-0.8618124170716561,0.7285626279092808,0.4618437265213382,False
143375_A_5.tiff,143375_A_5_mask.png,143375,A,-1.4364874263088732,-0.1635389045421583,0.46181528104320646,False
143562_B_5.tiff,143562_B_5_mask.png,143562,B,-0.42155081069684613,0.8608472642066503,0.46032836878640704,False
143549_A_1.tiff,143549_A_1_mask.png,143549,A,0.6049566677988275,-0.8110124664802475,0.4570497447523036,False
143321_B_6.tiff,143321_B_6_mask.png,143321,B,-1.3688721097148056,0.285243658763357,0.4567507551415067,False
143549_A_3.tiff,143549_A_3_mask.png,143549,A,1.4039448043937481,0.204578068858847,0.45606059461455567,False
141317_B_3.tiff,141317_B_3_mask.png,141317,B,-1.3053629578778743,0.3772061579064135,0.4556357062144899,False
141861_A_1.tiff,141861_A_1_mask.png,141861,A,-1.4332339052319982,0.03939211085251188,0.4535857752442569,False
141910_B_2.tiff,141910_B_2_mask.png,141910,B,1.4015836017441592,-0.18759703879612327,0.45341422112950347,False
141196_B_5.tiff,141196_B_5_mask.png,141196,B,-0.9396016369897855,0.6688947393368118,0.4532799359053281,False
141979_B_3.tiff,141979_B_3_mask.png,141979,B,-1.2904322888201505,-0.3827980001879004,0.4525959610221204,False
140539_A_3.tiff,140539_A_3_mask.png,140539,A,-0.8020121207406652,0.7320675390976353,0.45243237006068787,False
140379_B_4.tiff,140379_B_4_mask.png,140379,B,-1.4260957280802322,0.07285098774682656,0.45241981540695003,False
143274_B_3.tiff,143274_B_3_mask.png,143274,B,-0.831892331119245,-0.7181939483868452,0.4520002246374965,False
141728_A_6.tiff,141728_A_6_mask.png,141728,A,-0.3325726099046162,0.8584320681552481,0.4517820485659283,False
141636_B_4.tiff,141636_B_4_mask.png,141636,B,-0.8347636652996981,-0.7112221174098278,0.4496351979386725,False
141493_B_3.tiff,141493_B_3_mask.png,141493,B,1.4110510720496703,-0.07134831642343227,0.44761618158984723,False
141636_A_6.tiff,141636_A_6_mask.png,141636,A,-1.3860500420058999,-0.1719214691038121,0.44696711636093084,False
143585_B_2.tiff,143585_B_2_mask.png,143585,B,-1.4108294945303765,-0.006849014943711227,0.4460677383794907,False
143733_B_2.tiff,143733_B_2_mask.png,143733,B,1.2061964729690202,0.44934817315210057,0.4453414792096881,False
141713_B_4.tiff,141713_B_4_mask.png,141713,B,-1.4011452337842099,-0.01123124453713158,0.4430294423438439,False
140615_A_2.tiff,140615_A_2_mask.png,140615,A,-1.3905490679970849,0.10328912646125223,0.44280923913189074,False
141571_A_3.tiff,141571_A_3_mask.png,141571,A,-1.1788582393738405,-0.4658012365478359,0.4424430970841464,False
143759_A_2.tiff,143759_A_2_mask.png,143759,A,-1.3041292522613375,0.3071945216905928,0.4412814117154647,False
140539_A_2.tiff,140539_A_2_mask.png,140539,A,-0.12073427469025577,0.8536647945398412,0.4385998671296364,False
143218_A_1.tiff,143218_A_1_mask.png,143218,A,-1.3324842870973057,-0.2355838461480478,0.43820060429445673,False
143491_A_5.tiff,143491_A_5_mask.png,143491,A,-1.026652119139541,0.5733079620881243,0.43756795509456964,False
140414_B_2.tiff,140414_B_2_mask.png,140414,B,-1.2008232162630488,0.40699991989822193,0.4330539318651943,False
141955_A_4.tiff,141955_A_4_mask.png,141955,A,-0.8994299510088097,0.6323922296220694,0.43085273428838317,False
140615_A_5.tiff,140615_A_5_mask.png,140615,A,-0.9023683746579105,0.6289799628948709,0.4301578005673196,False
143549_B_3.tiff,143549_B_3_mask.png,143549,B,0.6185995480214617,0.7477724834094818,0.4298118339920819,False
140922_A_5.tiff,140922_A_5_mask.png,140922,A,-1.3468453450466285,0.08853371834849862,0.4282287797064684,False
140723_A_5.tiff,140723_A_5_mask.png,140723,A,-0.8785450006389403,0.6358453665659602,0.42786629935855214,False
141848_B_4.tiff,141848_B_4_mask.png,141848,B,0.6440791382494201,-0.7348255193017089,0.42769793539587136,False
141571_A_4.tiff,141571_A_4_mask.png,141571,A,0.19731654516146066,0.8231706249977645,0.4259211301150411,False
140379_B_2.tiff,140379_B_2_mask.png,140379,B,-1.0659823780838908,0.5080482404598006,0.42568235759988277,False
140950_A_3.tiff,140950_A_3_mask.png,140950,A,1.3195848869490343,-0.15673740171697165,0.4248486991915841,False
140384_A_6.tiff,140384_A_6_mask.png,140384,A,-0.18558991623131016,-0.819710272440785,0.4236397689098809,False
141636_B_2.tiff,141636_B_2_mask.png,141636,B,-1.2762570986239965,0.2518285829523987,0.4235938202055438,False
143549_B_2.tiff,143549_B_2_mask.png,143549,B,-1.3297713850412483,0.0931921758904099,0.4231234509327702,False
141493_A_5.tiff,141493_A_5_mask.png,141493,A,0.370525297072337,0.7929377706016051,0.422422046267353,False
141818_A_6.tiff,141818_A_6_mask.png,141818,A,-1.2667458056139445,0.2504234480816532,0.4205105063907714,False
143375_A_2.tiff,143375_A_2_mask.png,143375,A,-0.45521280179478096,-0.7705268291592778,0.41982290969424646,False
143170_A_4.tiff,143170_A_4_mask.png,143170,A,-1.0998971941943299,0.45458314848177916,0.41840762360850814,False
141586_A_6.tiff,141586_A_6_mask.png,141586,A,-1.2436362622228154,-0.2721656805811523,0.41714105991795386,False
141537_B_3.tiff,141537_B_3_mask.png,141537,B,-1.1365794151495041,-0.41127041023789235,0.41646226611364184,False
141684_B_5.tiff,141684_B_5_mask.png,141684,B,-1.1365794151495041,-0.41127041023789235,0.41646226611364184,False
141770_A_4.tiff,141770_A_4_mask.png,141770,A,0.10344357419616466,-0.8110858564777151,0.41642851553239196,False
140599_B_3.tiff,140599_B_3_mask.png,140599,B,0.45127171964865087,0.7603790851816615,0.414516969195508,False
141815_A_6.tiff,141815_A_6_mask.png,141815,A,-0.3161476663102019,0.7859349169285701,0.41450133815624873,False
140999_B_5.tiff,140999_B_5_mask.png,140999,B,1.245779008056577,-0.22407663186815488,0.4102293735108453,False
141861_B_1.tiff,141861_B_1_mask.png,141861,B,-1.1027920881692237,-0.41886684858919143,0.40930386628808224,False
140999_B_4.tiff,140999_B_4_mask.png,140999,B,-0.3154281760243788,0.7749766905030123,0.40900476374751205,False
141773_B_4.tiff,141773_B_4_mask.png,141773,B,0.21588811963882157,-0.7845423892335701,0.40731610603830265,False
140477_B_1.tiff,140477_B_1_mask.png,140477,B,0.8352817276891804,0.596751101870933,0.403774753105426,False
143549_A_5.tiff,143549_A_5_mask.png,143549,A,0.22430551187997017,0.7711922759746082,0.4010433460873608,False
140379_A_4.tiff,140379_A_4_mask.png,140379,A,-1.2534136087793122,-0.09645485753850117,0.39934801923190766,False
150010_B_1.tiff,150010_B_1_mask.png,150010,B,-1.1263899230623253,-0.3513119164691025,0.39894551691327407,False
140999_A_3.tiff,140999_A_3_mask.png,140999,A,-0.14615185499730665,0.7737716326493111,0.39873003612278796,False
141979_A_3.tiff,141979_A_3_mask.png,141979,A,-1.2403458617876157,0.13790619690124775,0.3984549472457279,False
143505_A_2.tiff,143505_A_2_mask.png,143505,A,-0.887598639107624,0.5522898534467001,0.3983218265290529,False
143170_A_6.tiff,143170_A_6_mask.png,143170,A,-0.6960308322696245,0.6485836134883446,0.3982827300565613,False
140399_A_2.tiff,140399_A_2_mask.png,140399,A,0.11193466186271887,0.76793271033085,0.39464493388721766,False
143742_A_3.tiff,143742_A_3_mask.png,143742,A,1.1999504450422904,0.20118424039768867,0.39310789549692304,False
140852_B_4.tiff,140852_B_4_mask.png,140852,B,-1.2403072905392616,-0.037043873999118154,0.3925990321170982,False
141955_B_4.tiff,141955_B_4_mask.png,141955,B,-0.9182547327451104,0.5119635892110638,0.3910892633190576,False
140821_B_6.tiff,140821_B_6_mask.png,140821,B,0.0961361931503049,0.7613719228127754,0.3908804451057706,False
143712_B_1.tiff,143712_B_1_mask.png,143712,B,-0.7971736006413399,0.5827513460598177,0.390499212794713,False
141845_A_6.tiff,141845_A_6_mask.png,141845,A,-0.6634432886667606,-0.6418545438421526,0.38977669233301576,False
141493_A_3.tiff,141493_A_3_mask.png,141493,A,0.030175285602269255,0.759380536306826,0.38879471105499397,False
143033_A_2.tiff,143033_A_2_mask.png,143033,A,-1.2131009930760084,0.09742851590311055,0.3867675249956659,False
143318_A_6.tiff,143318_A_6_mask.png,143318,A,-0.2106725452824847,0.7416896730153805,0.385421859015816,False
140819_B_3.tiff,140819_B_3_mask.png,140819,B,-0.5107868431475787,-0.6836441493977545,0.38538166721321765,False
143621_A_2.tiff,143621_A_2_mask.png,143621,A,-0.05167557934201495,0.7503597869195882,0.38440785762495167,False
141972_A_4.tiff,141972_A_4_mask.png,141972,A,-1.1355846730218584,0.2653142732993115,0.3838546525883172,False
141955_A_5.tiff,141955_A_5_mask.png,141955,A,-0.6200233118445119,0.6425554802179282,0.3828722372289789,False
143633_B_4.tiff,143633_B_4_mask.png,143633,B,-0.783525321362038,-0.570244517932582,0.38282548502138997,False
140819_B_2.tiff,140819_B_2_mask.png,140819,B,0.4504193756921137,0.6923968112799842,0.3819345933980264,False
143549_A_6.tiff,143549_A_6_mask.png,143549,A,0.7376419111847252,0.5905184753881572,0.381763864821888,False
140999_B_3.tiff,140999_B_3_mask.png,140999,B,0.043705284198451606,-0.7453157390508645,0.3817289631738657,False
140918_B_2.tiff,140918_B_2_mask.png,140918,B,-0.01844580864971613,0.7414790382440405,0.379559831913083,False
143557_B_3.tiff,143557_B_3_mask.png,143557,B,1.1019925784890525,0.28670634542822304,0.3780536321725894,False
141377_A_3.tiff,141377_A_3_mask.png,141377,A,-0.8834226856578384,-0.49712132414601495,0.37782811928514387,False
143621_A_3.tiff,143621_A_3_mask.png,143621,A,1.0169747299841614,-0.3831263487813495,0.3766118840838723,False
140902_B_6.tiff,140902_B_6_mask.png,140902,B,0.18181592912161246,-0.727084765866389,0.3765609675623154,False
141571_A_1.tiff,141571_A_1_mask.png,141571,A,-0.13744389620496883,0.7303011442987432,0.3763112007758539,False
141848_A_1.tiff,141848_A_1_mask.png,141848,A,-1.0613456332577729,-0.33257576630947966,0.3762664805571656,False
143375_B_5.tiff,143375_B_5_mask.png,143375,B,-0.5561459354986251,-0.649729350061739,0.3761778735580884,False
141930_A_1.tiff,141930_A_1_mask.png,141930,A,0.8952575775318162,0.4839982829416853,0.3761453040894299,False
140852_B_3.tiff,140852_B_3_mask.png,140852,B,-0.08740062839028041,0.7321272339627299,0.3757459077201752,False
143584_A_6.tiff,143584_A_6_mask.png,143584,A,0.6046105189693737,0.6274617214170622,0.3737412398663642,False
143375_A_3.tiff,143375_A_3_mask.png,143375,A,0.9536285151038445,0.43068068008506577,0.37349290041285993,False
140628_B_4.tiff,140628_B_4_mask.png,140628,B,-0.6566116379509347,-0.6031521738023978,0.3720231398830072,False
141636_A_2.tiff,141636_A_2_mask.png,141636,A,0.8636383105715283,-0.4932160995492964,0.37186803678641445,False
143566_B_5.tiff,143566_B_5_mask.png,143566,B,0.9780269891807045,-0.4019504439433943,0.37140424241620634,False
140819_A_6.tiff,140819_A_6_mask.png,140819,A,-1.1269643196388885,-0.20404506252235421,0.3712964935843693,False
143086_B_3.tiff,143086_B_3_mask.png,143086,B,-0.8546628891789309,0.49532246884716746,0.37052624692700653,False
150010_A_3.tiff,150010_A_3_mask.png,150010,A,-1.1662196786707932,0.06240261468439107,0.37009786242589954,False
143580_A_6.tiff,143580_A_6_mask.png,143580,A,-0.7418595684782573,-0.557469511516582,0.3693617611870784,False
141598_A_4.tiff,141598_A_4_mask.png,141598,A,-0.41657047031997746,0.671366223707482,0.368003944097854,False
143086_A_3.tiff,143086_A_3_mask.png,143086,A,1.1592724181176777,0.04254299726030168,0.3671668456045104,False
141377_A_5.tiff,141377_A_5_mask.png,141377,A,-0.38419271655213516,-0.6743584924499495,0.3659100511493851,False
140886_B_1.tiff,140886_B_1_mask.png,140886,B,1.1204949110793596,0.15558618338078883,0.3631007691764116,False
142000_B_1.tiff,142000_B_1_mask.png,142000,B,0.056822195478503604,0.7067119353470281,0.3621658539461265,False
143549_B_6.tiff,143549_B_6_mask.png,143549,B,0.27790562827446674,0.6841043587115962,0.3610043378094408,False
140615_A_6.tiff,140615_A_6_mask.png,140615,A,-0.9889590711853806,-0.3276785817457774,0.35481530398174876,False
143429_B_5.tiff,143429_B_5_mask.png,143429,B,-0.37135458356995427,0.6540886588971855,0.35477635357349036,False
143712_B_2.tiff,143712_B_2_mask.png,143712,B,-1.102803112836013,0.1208816228131317,0.3541140502711187,False
140852_A_4.tiff,140852_A_4_mask.png,140852,A,-1.0316400235314358,-0.26312765676881056,0.3528789846239165,False
143734_A_5.tiff,143734_A_5_mask.png,143734,A,-1.0995298311646486,-0.09473131154120511,0.3509972328725614,False
143375_B_4.tiff,143375_B_4_mask.png,143375,B,0.6678441037837455,0.5439964234732139,0.3494432118715225,False
143549_B_5.tiff,143549_B_5_mask.png,143549,B,0.8170352835291529,0.4582103365576706,0.3489001860764663,False
140615_B_2.tiff,140615_B_2_mask.png,140615,B,-1.0951771707887845,-0.016486406821373457,0.3463587640610802,False
140849_B_6.tiff,140849_B_6_mask.png,140849,B,0.6496985700805442,0.5373204653541828,0.3432631823785979,False
140399_A_4.tiff,140399_A_4_mask.png,140399,A,-1.082911744762171,-0.04639841764131571,0.34320070612987397,False
141972_A_3.tiff,141972_A_3_mask.png,141972,A,-0.8935266797479058,-0.3802164132060355,0.3430441446953243,False
141861_B_5.tiff,141861_B_5_mask.png,141861,B,-1.064800151847948,-0.1128849038432658,0.34157400893032314,False
141196_A_2.tiff,141196_A_2_mask.png,141196,A,0.71183059213474,0.5018572721683364,0.34151312929136435,False
143734_A_4.tiff,143734_A_4_mask.png,143734,A,-0.4818274947753126,0.5970894255744639,0.34147438651448037,False
143584_A_4.tiff,143584_A_4_mask.png,143584,A,-0.12473074729599073,-0.6625173230449726,0.3413850046273952,False
141684_B_6.tiff,141684_B_6_mask.png,141684,B,-0.7388252600369954,-0.4828600550199516,0.34006602700661837,False
141537_B_4.tiff,141537_B_4_mask.png,141537,B,-0.7388252600369954,-0.4828600550199516,0.34006602700661837,False
141972_B_3.tiff,141972_B_3_mask.png,141972,B,-1.074881093607928,-0.022739924954680676,0.34003831619322694,False
143734_B_5.tiff,143734_B_5_mask.png,143734,B,-0.2998436780790525,-0.6362038950942552,0.3391502554429771,False
143584_A_2.tiff,143584_A_2_mask.png,143584,A,-0.8805925919161347,0.37264371828720216,0.33747885332144134,False
140854_A_2.tiff,140854_A_2_mask.png,140854,A,0.46801786344416746,0.5915984980317984,0.3370217640314401,False
140867_B_5.tiff,140867_B_5_mask.png,140867,B,-0.2744447491515612,0.6360303481582591,0.3369080107244532,False
143491_B_5.tiff,143491_B_5_mask.png,143491,B,0.9892190324239843,0.24165742883598393,0.3363258600655898,False
143271_B_5.tiff,143271_B_5_mask.png,143271,B,0.7380143017608934,0.4689861385564801,0.33476198107897004,False
143321_A_6.tiff,143321_A_6_mask.png,143321,A,-0.9958850987167809,-0.22176929786800462,0.3346988082091948,False
141196_A_1.tiff,141196_A_1_mask.png,141196,A,-0.5228144240332939,0.5683515850222701,0.33458434252096514,False
140384_A_1.tiff,140384_A_1_mask.png,140384,A,-0.9569640923573944,0.26854060380669287,0.3323151892403072,False
143375_B_2.tiff,143375_B_2_mask.png,143375,B,-0.7146394711990219,-0.4749501516938485,0.33188284208522095,False
141955_B_2.tiff,141955_B_2_mask.png,141955,B,-0.6061002381473536,0.5277569997380258,0.33119224029090666,False
141796_B_5.tiff,141796_B_5_mask.png,141796,B,-0.34752803305222635,0.6074357555864143,0.32975122213692726,False
143506_A_2.tiff,143506_A_2_mask.png,143506,A,-0.6094430904704206,0.5202948895416809,0.328702983370827,False
141713_A_1.tiff,141713_A_1_mask.png,141713,A,-1.0295503180194456,0.06836925932981139,0.32738269555582156,False
143585_A_5.tiff,143585_A_5_mask.png,143585,A,1.028607723874856,-0.07214104787887027,0.32729855905196426,False
140900_B_6.tiff,140900_B_6_mask.png,140900,B,-0.1012981287322956,0.6348448931924645,0.3265104498263191,False
140867_A_1.tiff,140867_A_1_mask.png,140867,A,-0.3143980697658163,0.606396356261318,0.3259037692452643,False
140599_A_6.tiff,140599_A_6_mask.png,140599,A,-1.0268803964462196,-0.050866681297549926,0.32570519361195677,False
143318_B_6.tiff,143318_B_6_mask.png,143318,B,0.5309233130195745,0.5451566750537777,0.3256295139872575,False
140867_B_2.tiff,140867_B_2_mask.png,140867,B,-0.7153742170044635,0.4477377711252942,0.32198359385339326,False
140590_B_3.tiff,140590_B_3_mask.png,140590,B,-0.807374842114004,0.38100077940134197,0.32122889466026133,False
140821_B_1.tiff,140821_B_1_mask.png,140821,B,-1.0045414115298963,-0.08856911936102416,0.32081914749214613,False
140999_A_4.tiff,140999_A_4_mask.png,140999,A,0.6142805826008849,0.4974730547513345,0.3202380427946937,False
143633_B_6.tiff,143633_B_6_mask.png,143633,B,-0.8133473821683824,-0.3679990703275091,0.3187544663908184,False
143491_B_2.tiff,143491_B_2_mask.png,143491,B,-0.5306181784833168,0.5291944888381963,0.31860569827114354,False
143716_B_5.tiff,143716_B_5_mask.png,143716,B,0.14617144723610465,0.6155042423955578,0.3184083442806519,False
141571_B_5.tiff,141571_B_5_mask.png,141571,B,-0.9997786002991712,0.0725544399367177,0.3182682875998631,False
143506_A_6.tiff,143506_A_6_mask.png,143506,A,0.8892547767761018,-0.2859580133194856,0.3169667430636469,False
143170_B_1.tiff,143170_B_1_mask.png,143170,B,0.3729119462821517,-0.5739202318184409,0.31653010712446455,False
140867_B_4.tiff,140867_B_4_mask.png,140867,B,-0.9505367880201955,-0.19166164380949668,0.3161316483458712,False
140819_B_6.tiff,140819_B_6_mask.png,140819,B,-0.6295900181155226,-0.47856198302142444,0.3156270454622896,False
141598_B_4.tiff,141598_B_4_mask.png,141598,B,-0.3474905749690484,0.5742447597602272,0.31378065012005624,False
141953_B_2.tiff,141953_B_2_mask.png,141953,B,-0.7889320278499461,0.3651197748554801,0.31167444991552246,False
143716_B_3.tiff,143716_B_3_mask.png,143716,B,-0.5544843429583898,0.5000117039732661,0.31020932168715465,False
140900_A_5.tiff,140900_A_5_mask.png,140900,A,-0.2346927890335901,0.580555429509126,0.3062730677721579,False
141770_B_5.tiff,141770_B_5_mask.png,141770,B,0.9016017479153288,0.2113203582258869,0.30488490209242014,False
143716_B_4.tiff,143716_B_4_mask.png,143716,B,-0.04148703977826076,0.5930145790962539,0.30380898327097433,False
143580_A_4.tiff,143580_A_4_mask.png,143580,A,0.250771219193375,0.5471700619319247,0.29106732098759786,False
140950_A_5.tiff,140950_A_5_mask.png,140950,A,-0.8669197975010334,0.18759365795179028,0.2904205808257037,False
143271_B_6.tiff,143271_B_6_mask.png,143271,B,-0.6164046292488138,-0.41822745801080957,0.28948818676090626,False
140900_A_6.tiff,140900_A_6_mask.png,140900,A,-0.5101541227659949,0.4656388271847197,0.2877787705024572,False
140854_B_2.tiff,140854_B_2_mask.png,140854,B,0.40561333074620637,0.5011475581145924,0.2867758643422368,False
140922_B_2.tiff,140922_B_2_mask.png,140922,B,-0.15402226493322213,-0.5519014036039133,0.2866491139300162,False
140599_B_6.tiff,140599_B_6_mask.png,140599,B,-0.8709789508879245,-0.12012391028314562,0.28215286469320755,False
143170_B_6.tiff,143170_B_6_mask.png,143170,B,-0.5365898868978326,0.43578080670754205,0.28023507805856435,False
141586_A_1.tiff,141586_A_1_mask.png,141586,A,-0.8303551285829768,0.1735445407191131,0.27714869163884265,False
141775_B_5.tiff,141775_B_5_mask.png,141775,B,-0.7510769210845846,0.2711526827062221,0.2750462344135988,False
140723_A_3.tiff,140723_A_3_mask.png,140723,A,0.2673092003105103,0.5082227745832867,0.2735109373070942,False
140950_B_2.tiff,140950_B_2_mask.png,140950,B,-0.2993301637413663,0.5010527288201242,0.2733608269073626,False
143549_A_2.tiff,143549_A_2_mask.png,143549,A,-0.8005046644200127,-0.19357451653588661,0.2717932353791767,False
140821_B_4.tiff,140821_B_4_mask.png,140821,B,-0.26093389046168736,-0.5021503529971029,0.26993382681046263,False
140723_B_1.tiff,140723_B_1_mask.png,140723,B,-0.06011341171324828,0.5260035759619739,0.2698971203695061,False
140384_B_5.tiff,140384_B_5_mask.png,140384,B,0.03168973488719592,-0.524751602523859,0.26877311802618625,False
140477_B_2.tiff,140477_B_2_mask.png,140477,B,-0.8443978463611556,-0.025647523617793988,0.2672910315396315,False
140886_A_1.tiff,140886_A_1_mask.png,140886,A,0.8356023098811691,0.04299813768436432,0.26510273884894814,False
141571_B_1.tiff,141571_B_1_mask.png,141571,B,0.10617371232070245,0.5033296390591089,0.2597995821789718,False
140379_A_2.tiff,140379_A_2_mask.png,140379,A,0.053690629558187694,0.5060442873674046,0.2595669068798717,False
143172_A_1.tiff,143172_A_1_mask.png,143172,A,-0.1443620203638893,0.4957624871405763,0.25782084135655087,False
143566_A_5.tiff,143566_A_5_mask.png,143566,A,0.682981226101415,-0.2721923439492449,0.25697668825107295,False
141390_A_6.tiff,141390_A_6_mask.png,141390,A,0.7268091733717621,0.22330075554525666,0.2566454668032235,False
140950_B_3.tiff,140950_B_3_mask.png,140950,B,0.7256370955235297,0.22165653024223878,0.2559395675223801,False
140844_B_6.tiff,140844_B_6_mask.png,140844,B,0.21526656764751154,0.4816130158454274,0.2557294421267899,False
140950_B_5.tiff,140950_B_5_mask.png,140950,B,-0.7971855163837072,-0.04782495946525494,0.2532275215928308,False
140821_A_6.tiff,140821_A_6_mask.png,140821,A,0.6487471567624615,0.2880565617718412,0.2526028726566127,False
143584_A_5.tiff,143584_A_5_mask.png,143584,A,-0.676535637831822,0.25573086411902435,0.2507676466572872,False
141831_A_2.tiff,141831_A_2_mask.png,141831,A,0.498653513842515,0.36549050031250074,0.2446447875608935,False
143621_B_2.tiff,143621_B_2_mask.png,143621,B,0.08114912823347392,0.47304080136101334,0.24347446998429612,False
143621_B_3.tiff,143621_B_3_mask.png,143621,B,-0.5996808499224042,0.29672119877876607,0.24292486949007758,False
143491_A_3.tiff,143491_A_3_mask.png,143491,A,-0.7406167884722532,0.12269861094015104,0.24243213924753285,False
140399_A_3.tiff,140399_A_3_mask.png,140399,A,-0.7028288719512473,-0.1727016251760797,0.23914568786021914,False
140844_B_1.tiff,140844_B_1_mask.png,140844,B,0.7226129482082041,-0.10910341180855554,0.23519021285473593,False
143491_A_1.tiff,143491_A_1_mask.png,143491,A,-0.7244654875239801,-0.09302906521055267,0.23394702297470155,False
140950_A_2.tiff,140950_A_2_mask.png,140950,A,-0.6935998649483839,0.15482689952987277,0.23317093018222804,False
140384_B_1.tiff,140384_B_1_mask.png,140384,B,0.2997532636316302,-0.41463824572054897,0.2324255845418298,False
140902_A_6.tiff,140902_A_6_mask.png,140902,A,-0.7299543829216155,0.036674762558152614,0.23154768786387772,False
141586_B_6.tiff,141586_B_6_mask.png,141586,B,-0.7152290380071705,0.0891485202045581,0.23068761018111233,False
143562_A_5.tiff,143562_A_5_mask.png,143562,A,-0.3363329704146727,-0.3994134770363841,0.2304357800132592,False
140852_A_3.tiff,140852_A_3_mask.png,140852,A,0.7184145279828834,-0.009046099656813394,0.2271842353790337,False
140922_A_4.tiff,140922_A_4_mask.png,140922,A,-0.6918828976507706,0.10896069165029443,0.2257460383718971,False
140399_B_2.tiff,140399_B_2_mask.png,140399,B,0.5420695605185311,0.28659845081716023,0.22558911537384851,False
141861_B_2.tiff,141861_B_2_mask.png,141861,B,-0.5409153921050364,0.2869187789198938,0.22541879435066267,False
141831_B_2.tiff,141831_B_2_mask.png,141831,B,0.37139147218212465,0.36994976203033186,0.22280551343487004,False
140912_B_2.tiff,140912_B_2_mask.png,140912,B,-0.24209708885795295,0.3966765830454144,0.216981919619335,False
142000_A_1.tiff,142000_A_1_mask.png,142000,A,0.6855467615815711,-0.010047380364956936,0.21680643257155982,False
140539_B_5.tiff,140539_B_5_mask.png,140539,B,-0.4931074775813481,0.2825638217008485,0.21265570948734988,False
140399_B_3.tiff,140399_B_3_mask.png,140399,B,-0.662106785750884,-0.06606463798796221,0.21204799865925805,False
141196_B_6.tiff,141196_B_6_mask.png,141196,B,0.12710340363100733,-0.4008401549423338,0.20906261629531767,False
143703_B_2.tiff,143703_B_2_mask.png,143703,B,-0.4876133884126237,-0.2719261545611911,0.20769832609806113,False
143180_B_1.tiff,143180_B_1_mask.png,143180,B,0.05843365302629795,-0.39785952984252787,0.20447480466590337,False
140590_A_6.tiff,140590_A_6_mask.png,140590,A,0.6217368268209771,-0.08416064655775363,0.20123552207218073,False
143170_A_5.tiff,143170_A_5_mask.png,143170,A,-0.2024582747930185,-0.368716219663173,0.19928184314610692,False
143703_B_4.tiff,143703_B_4_mask.png,143703,B,-0.10651437698449595,0.3715545300464682,0.19313331927824906,False
140573_B_4.tiff,140573_B_4_mask.png,140573,B,0.19084889167801514,0.3492931293554445,0.1886884599805409,False
140819_A_3.tiff,140819_A_3_mask.png,140819,A,-0.5823669953971369,-0.06331108740597911,0.18695347018961328,False
143170_B_4.tiff,143170_B_4_mask.png,143170,B,-0.5390731249550241,0.14798110496131686,0.18650781650830275,False
143505_B_1.tiff,143505_B_1_mask.png,143505,B,0.369054566618418,-0.26834135107639606,0.18021857139147598,False
140573_A_4.tiff,140573_A_4_mask.png,140573,A,0.41686782611054773,0.238892639556271,0.17978251293869116,False
140844_A_4.tiff,140844_A_4_mask.png,140844,A,0.06204230963435259,0.3456659296381784,0.17800803672930077,False
140900_B_5.tiff,140900_B_5_mask.png,140900,B,0.552447441573323,0.06205488689512125,0.17752856332504527,False
141972_B_4.tiff,141972_B_4_mask.png,141972,B,-0.5413402869061252,0.06775047944164973,0.1746301071476612,False
141861_A_6.tiff,141861_A_6_mask.png,141861,A,-0.07550870659838044,0.3305588037148107,0.1708675772663252,False
141955_B_5.tiff,141955_B_5_mask.png,141955,B,-0.26975716019508655,0.2860160533204076,0.169425214108271,False
143180_A_1.tiff,143180_A_1_mask.png,143180,A,0.20026088904977873,-0.30525751410233554,0.1685830557966526,False
141930_B_1.tiff,141930_B_1_mask.png,141930,B,0.1771621604103717,0.30716891113128547,0.16689955884580335,False
143734_A_1.tiff,143734_A_1_mask.png,143734,A,-0.5263460909237366,-0.01801408199444368,0.1666670929992317,False
143098_A_4.tiff,143098_A_4_mask.png,143098,A,-0.49499668676540237,0.11020431333207267,0.16635512982675285,False
143375_A_4.tiff,143375_A_4_mask.png,143375,A,0.15574559306632443,0.3101015710787787,0.16618367484569097,False
140902_A_5.tiff,140902_A_5_mask.png,140902,A,-0.4939972344136489,0.10749115266280847,0.16559133394508851,False
150017_B_6.tiff,150017_B_6_mask.png,150017,B,-0.23128331568048816,0.2849023881693067,0.16313005294878616,False
143491_B_3.tiff,143491_B_3_mask.png,143491,B,0.24735612719837222,-0.25990815631178077,0.15431482620063505,False
140539_A_5.tiff,140539_A_5_mask.png,140539,A,0.22336409932365603,-0.246976056265843,0.1447995082841476,False
140539_A_1.tiff,140539_A_1_mask.png,140539,A,-0.44047543873544315,-0.056446122383659786,0.14222789521053084,False
143585_B_3.tiff,143585_B_3_mask.png,143585,B,0.023927824838486145,-0.2507298949538471,0.1285551570407259,False
143170_B_5.tiff,143170_B_5_mask.png,143170,B,-0.29241471498348526,-0.15542156154104708,0.12196492663631187,False
143716_A_3.tiff,143716_A_3_mask.png,143716,A,0.056343286424362905,0.2350890719717936,0.1216383142574874,False
140844_A_1.tiff,140844_A_1_mask.png,140844,A,-0.058253135186127646,0.2330535800868313,0.12069846964092262,False
141861_B_6.tiff,141861_B_6_mask.png,141861,B,-0.11913438655291694,0.22340477005546175,0.1203903344261516,False
140902_A_1.tiff,140902_A_1_mask.png,140902,A,0.09109332383335438,-0.22410615559188746,0.1182657872687158,False
140902_B_1.tiff,140902_B_1_mask.png,140902,B,-0.150307112846717,-0.205500202341634,0.11541930881830918,False
140867_A_2.tiff,140867_A_2_mask.png,140867,A,-0.2500200650262288,0.16329012513208932,0.11503788437787958,False
141848_B_2.tiff,141848_B_2_mask.png,141848,B,0.345333483758855,-0.0378332629457191,0.11088605509897358,False
141568_B_4.tiff,141568_B_4_mask.png,141568,B,-0.34589398471858085,0.012475631372419173,0.10954560461923128,False
140902_B_5.tiff,140902_B_5_mask.png,140902,B,0.16812566608294643,-0.18656843331324235,0.10928982359591745,False
140723_A_1.tiff,140723_A_1_mask.png,140723,A,0.2755965813160799,0.1193758727312556,0.10642182235167519,False
140821_A_4.tiff,140821_A_4_mask.png,140821,A,-0.12431582073980041,-0.16497418650973691,0.09313896051315929,False
143759_A_3.tiff,143759_A_3_mask.png,143759,A,-0.26075673398876337,0.08050263896614092,0.09216537283694345,False
141252_B_4.tiff,141252_B_4_mask.png,141252,B,-0.2508014287409818,0.08894588948543931,0.09143410448877372,False
143734_B_3.tiff,143734_B_3_mask.png,143734,B,-0.023288420342062438,-0.14524205552470282,0.0747037284352875,False
143098_A_2.tiff,143098_A_2_mask.png,143098,A,-0.10091540383662008,-0.03599152029938849,0.03684214000961948,False
143637_B_2.tiff,143637_B_2_mask.png,143637,B,0.08104080280671877,-0.028901625697172303,0.02958591959516877,False
